{
  "title": "career statistics",
  "top_root": {
    "name": "<TOP>",
    "value": "<TOP>",
    "type": "string",
    "line_idx": null,
    "children_dict": [
      {
        "name": "games",
        "value": "games",
        "type": "string",
        "children_dict": [
          {
            "name": "gp",
            "value": "gp",
            "type": "string",
            "children_dict": [],
            "line_idx": 0
          },
          {
            "name": "gs",
            "value": "gs",
            "type": "string",
            "children_dict": [],
            "line_idx": 1
          }
        ],
        "line_idx": null
      },
      {
        "name": "rushing",
        "value": "rushing",
        "type": "string",
        "children_dict": [
          {
            "name": "att",
            "value": "att",
            "type": "string",
            "children_dict": [],
            "line_idx": 2
          },
          {
            "name": "yds",
            "value": "yds",
            "type": "string",
            "children_dict": [],
            "line_idx": 3
          },
          {
            "name": "avg",
            "value": "avg",
            "type": "string",
            "children_dict": [],
            "line_idx": 4
          },
          {
            "name": "lng",
            "value": "lng",
            "type": "string",
            "children_dict": [],
            "line_idx": 5
          },
          {
            "name": "td",
            "value": "td",
            "type": "string",
            "children_dict": [],
            "line_idx": 6
          }
        ],
        "line_idx": null
      },
      {
        "name": "receiving",
        "value": "receiving",
        "type": "string",
        "children_dict": [
          {
            "name": "rec",
            "value": "rec",
            "type": "string",
            "children_dict": [],
            "line_idx": 7
          },
          {
            "name": "yds",
            "value": "yds",
            "type": "string",
            "children_dict": [],
            "line_idx": 8
          },
          {
            "name": "avg",
            "value": "avg",
            "type": "string",
            "children_dict": [],
            "line_idx": 9
          },
          {
            "name": "lng",
            "value": "lng",
            "type": "string",
            "children_dict": [],
            "line_idx": 10
          },
          {
            "name": "td",
            "value": "td",
            "type": "string",
            "children_dict": [],
            "line_idx": 11
          }
        ],
        "line_idx": null
      },
      {
        "name": "fumbles",
        "value": "fumbles",
        "type": "string",
        "children_dict": [
          {
            "name": "fum",
            "value": "fum",
            "type": "string",
            "children_dict": [],
            "line_idx": 12
          },
          {
            "name": "lost",
            "value": "lost",
            "type": "string",
            "children_dict": [],
            "line_idx": 13
          }
        ],
        "line_idx": null
      }
    ]
  },
  "left_root": {
    "name": "<LEFT>",
    "value": "<LEFT>",
    "type": "string",
    "line_idx": null,
    "children_dict": [
      {
        "name": "2014",
        "value": "2014",
        "type": "string",
        "children_dict": [
          {
            "name": "tampa bay buccaneers",
            "value": "tampa bay buccaneers",
            "type": "string",
            "children_dict": [],
            "line_idx": 0
          }
        ],
        "line_idx": null
      },
      {
        "name": "2015",
        "value": "2015",
        "type": "string",
        "children_dict": [
          {
            "name": "tampa bay buccaneers",
            "value": "tampa bay buccaneers",
            "type": "string",
            "children_dict": [],
            "line_idx": 1
          }
        ],
        "line_idx": null
      },
      {
        "name": "2016",
        "value": "2016",
        "type": "string",
        "children_dict": [
          {
            "name": "tampa bay buccaneers",
            "value": "tampa bay buccaneers",
            "type": "string",
            "children_dict": [],
            "line_idx": 2
          }
        ],
        "line_idx": null
      },
      {
        "name": "2017",
        "value": "2017",
        "type": "string",
        "children_dict": [
          {
            "name": "tampa bay buccaneers",
            "value": "tampa bay buccaneers",
            "type": "string",
            "children_dict": [],
            "line_idx": 3
          }
        ],
        "line_idx": null
      },
      {
        "name": "total",
        "value": "total",
        "type": "string",
        "children_dict": [],
        "line_idx": 4
      }
    ]
  },
  "data": [
    [
      {
        "value": 8.0
      },
      {
        "value": 0.0
      },
      {
        "value": 66.0
      },
      {
        "value": 185.0
      },
      {
        "value": 2.8
      },
      {
        "value": 20.0
      },
      {
        "value": 1.0
      },
      {
        "value": 19.0
      },
      {
        "value": 190.0
      },
      {
        "value": 10.0
      },
      {
        "value": 24.0
      },
      {
        "value": 0.0
      },
      {
        "value": 2.0
      },
      {
        "value": 1.0
      }
    ],
    [
      {
        "value": 16.0
      },
      {
        "value": 0.0
      },
      {
        "value": 107.0
      },
      {
        "value": 529.0
      },
      {
        "value": 4.9
      },
      {
        "value": 59.0
      },
      {
        "value": 0.0
      },
      {
        "value": 51.0
      },
      {
        "value": 561.0
      },
      {
        "value": 11.0
      },
      {
        "value": 56.0
      },
      {
        "value": 4.0
      },
      {
        "value": 2.0
      },
      {
        "value": 2.0
      }
    ],
    [
      {
        "value": 7.0
      },
      {
        "value": 2.0
      },
      {
        "value": 51.0
      },
      {
        "value": 149.0
      },
      {
        "value": 2.9
      },
      {
        "value": 23.0
      },
      {
        "value": 1.0
      },
      {
        "value": 24.0
      },
      {
        "value": 190.0
      },
      {
        "value": 7.9
      },
      {
        "value": 33.0
      },
      {
        "value": 1.0
      },
      {
        "value": 1.0
      },
      {
        "value": 1.0
      }
    ],
    [
      {
        "value": 16.0
      },
      {
        "value": 0.0
      },
      {
        "value": 21.0
      },
      {
        "value": 95.0
      },
      {
        "value": 4.5
      },
      {
        "value": 21.0
      },
      {
        "value": 0.0
      },
      {
        "value": 35.0
      },
      {
        "value": 249.0
      },
      {
        "value": 7.1
      },
      {
        "value": 25.0
      },
      {
        "value": 1.0
      },
      {
        "value": 1.0
      },
      {
        "value": 1.0
      }
    ],
    [
      {
        "value": 47.0
      },
      {
        "value": 2.0
      },
      {
        "value": 245.0
      },
      {
        "value": 958.0
      },
      {
        "value": 3.9
      },
      {
        "value": 59.0
      },
      {
        "value": 2.0
      },
      {
        "value": 129.0
      },
      {
        "value": 1190.0
      },
      {
        "value": 9.2
      },
      {
        "value": 56.0
      },
      {
        "value": 6.0
      },
      {
        "value": 6.0
      },
      {
        "value": 5.0
      }
    ]
  ]
}