{
  "title": "employment and unemployment rates (expressed as percentages) of black immigrant populations aged 25 to 59, by sex and country of birth, canada, 2016",
  "top_root": {
    "name": "<TOP>",
    "value": "<TOP>",
    "type": "string",
    "line_idx": null,
    "children_dict": [
      {
        "name": "women",
        "value": "women",
        "type": "string",
        "children_dict": [
          {
            "name": "employment rate",
            "value": "employment rate",
            "type": "string",
            "children_dict": [],
            "line_idx": 0
          },
          {
            "name": "unemployment rate",
            "value": "unemployment rate",
            "type": "string",
            "children_dict": [],
            "line_idx": 1
          }
        ],
        "line_idx": null
      },
      {
        "name": "men",
        "value": "men",
        "type": "string",
        "children_dict": [
          {
            "name": "employment rate",
            "value": "employment rate",
            "type": "string",
            "children_dict": [],
            "line_idx": 2
          },
          {
            "name": "unemployment rate",
            "value": "unemployment rate",
            "type": "string",
            "children_dict": [],
            "line_idx": 3
          }
        ],
        "line_idx": null
      }
    ]
  },
  "left_root": {
    "name": "<LEFT>",
    "value": "<LEFT>",
    "type": "string",
    "line_idx": null,
    "children_dict": [
      {
        "name": "region of birth",
        "value": "region of birth",
        "type": "string",
        "children_dict": [
          {
            "name": "caribbean and latin america",
            "value": "caribbean and latin america",
            "type": "string",
            "children_dict": [],
            "line_idx": 1
          },
          {
            "name": "africa",
            "value": "africa",
            "type": "string",
            "children_dict": [],
            "line_idx": 2
          },
          {
            "name": "other regions",
            "value": "other regions",
            "type": "string",
            "children_dict": [],
            "line_idx": 3
          }
        ],
        "line_idx": 0
      },
      {
        "name": "country of birth",
        "value": "country of birth",
        "type": "string",
        "children_dict": [
          {
            "name": "jamaica",
            "value": "jamaica",
            "type": "string",
            "children_dict": [],
            "line_idx": 5
          },
          {
            "name": "haiti",
            "value": "haiti",
            "type": "string",
            "children_dict": [],
            "line_idx": 6
          },
          {
            "name": "trinidad and tobago",
            "value": "trinidad and tobago",
            "type": "string",
            "children_dict": [],
            "line_idx": 7
          },
          {
            "name": "guyana",
            "value": "guyana",
            "type": "string",
            "children_dict": [],
            "line_idx": 8
          },
          {
            "name": "barbados",
            "value": "barbados",
            "type": "string",
            "children_dict": [],
            "line_idx": 9
          },
          {
            "name": "saint vincent and the grenadines",
            "value": "saint vincent and the grenadines",
            "type": "string",
            "children_dict": [],
            "line_idx": 10
          },
          {
            "name": "grenada",
            "value": "grenada",
            "type": "string",
            "children_dict": [],
            "line_idx": 11
          },
          {
            "name": "saint lucia",
            "value": "saint lucia",
            "type": "string",
            "children_dict": [],
            "line_idx": 12
          },
          {
            "name": "united kingdom",
            "value": "united kingdom",
            "type": "string",
            "children_dict": [],
            "line_idx": 13
          },
          {
            "name": "united states",
            "value": "united states",
            "type": "string",
            "children_dict": [],
            "line_idx": 14
          },
          {
            "name": "ethiopia",
            "value": "ethiopia",
            "type": "string",
            "children_dict": [],
            "line_idx": 15
          },
          {
            "name": "somalia",
            "value": "somalia",
            "type": "string",
            "children_dict": [],
            "line_idx": 16
          },
          {
            "name": "eritrea",
            "value": "eritrea",
            "type": "string",
            "children_dict": [],
            "line_idx": 17
          },
          {
            "name": "sudan",
            "value": "sudan",
            "type": "string",
            "children_dict": [],
            "line_idx": 18
          },
          {
            "name": "south sudan",
            "value": "south sudan",
            "type": "string",
            "children_dict": [],
            "line_idx": 19
          },
          {
            "name": "burundi",
            "value": "burundi",
            "type": "string",
            "children_dict": [],
            "line_idx": 20
          },
          {
            "name": "kenya",
            "value": "kenya",
            "type": "string",
            "children_dict": [],
            "line_idx": 21
          },
          {
            "name": "zimbabwe",
            "value": "zimbabwe",
            "type": "string",
            "children_dict": [],
            "line_idx": 22
          },
          {
            "name": "rwanda",
            "value": "rwanda",
            "type": "string",
            "children_dict": [],
            "line_idx": 23
          },
          {
            "name": "democratic republic of the congo",
            "value": "democratic republic of the congo",
            "type": "string",
            "children_dict": [],
            "line_idx": 24
          },
          {
            "name": "cameroon",
            "value": "cameroon",
            "type": "string",
            "children_dict": [],
            "line_idx": 25
          },
          {
            "name": "nigeria",
            "value": "nigeria",
            "type": "string",
            "children_dict": [],
            "line_idx": 26
          },
          {
            "name": "ghana",
            "value": "ghana",
            "type": "string",
            "children_dict": [],
            "line_idx": 27
          },
          {
            "name": "cote d'ivoire",
            "value": "cote d'ivoire",
            "type": "string",
            "children_dict": [],
            "line_idx": 28
          },
          {
            "name": "senegal",
            "value": "senegal",
            "type": "string",
            "children_dict": [],
            "line_idx": 29
          },
          {
            "name": "guinea",
            "value": "guinea",
            "type": "string",
            "children_dict": [],
            "line_idx": 30
          }
        ],
        "line_idx": 4
      }
    ]
  },
  "data": [
    [
      {
        "value": "percent"
      },
      {
        "value": "percent"
      },
      {
        "value": "percent"
      },
      {
        "value": "percent"
      }
    ],
    [
      {
        "value": 76.1
      },
      {
        "value": 8.7
      },
      {
        "value": 81.5
      },
      {
        "value": 8.2
      }
    ],
    [
      {
        "value": 64.6
      },
      {
        "value": 12.5
      },
      {
        "value": 78.8
      },
      {
        "value": 10.8
      }
    ],
    [
      {
        "value": 69.9
      },
      {
        "value": 10.4
      },
      {
        "value": 78.0
      },
      {
        "value": 10.7
      }
    ],
    [
      {
        "value": ""
      },
      {
        "value": ""
      },
      {
        "value": ""
      },
      {
        "value": ""
      }
    ],
    [
      {
        "value": 77.7
      },
      {
        "value": 7.8
      },
      {
        "value": 81.9
      },
      {
        "value": 7.7
      }
    ],
    [
      {
        "value": 76.1
      },
      {
        "value": 9.7
      },
      {
        "value": 80.6
      },
      {
        "value": 9.3
      }
    ],
    [
      {
        "value": 76.5
      },
      {
        "value": 7.7
      },
      {
        "value": 81.5
      },
      {
        "value": 7.5
      }
    ],
    [
      {
        "value": 75.4
      },
      {
        "value": 9.0
      },
      {
        "value": 82.9
      },
      {
        "value": 6.6
      }
    ],
    [
      {
        "value": 78.7
      },
      {
        "value": 6.0
      },
      {
        "value": 84.9
      },
      {
        "value": 7.0
      }
    ],
    [
      {
        "value": 65.3
      },
      {
        "value": 11.2
      },
      {
        "value": 76.0
      },
      {
        "value": 10.8
      }
    ],
    [
      {
        "value": 74.0
      },
      {
        "value": 10.6
      },
      {
        "value": 83.0
      },
      {
        "value": 7.4
      }
    ],
    [
      {
        "value": 72.1
      },
      {
        "value": 11.8
      },
      {
        "value": 81.3
      },
      {
        "value": 10.3
      }
    ],
    [
      {
        "value": 81.4
      },
      {
        "value": 7.0
      },
      {
        "value": 83.4
      },
      {
        "value": 7.6
      }
    ],
    [
      {
        "value": 72.4
      },
      {
        "value": 8.9
      },
      {
        "value": 78.4
      },
      {
        "value": 9.8
      }
    ],
    [
      {
        "value": 65.4
      },
      {
        "value": 10.9
      },
      {
        "value": 82.0
      },
      {
        "value": 7.3
      }
    ],
    [
      {
        "value": 43.9
      },
      {
        "value": 17.1
      },
      {
        "value": 68.0
      },
      {
        "value": 13.7
      }
    ],
    [
      {
        "value": 61.1
      },
      {
        "value": 12.2
      },
      {
        "value": 78.8
      },
      {
        "value": 10.5
      }
    ],
    [
      {
        "value": 45.9
      },
      {
        "value": 18.7
      },
      {
        "value": 74.7
      },
      {
        "value": 10.4
      }
    ],
    [
      {
        "value": 59.4
      },
      {
        "value": 13.2
      },
      {
        "value": 70.1
      },
      {
        "value": 15.7
      }
    ],
    [
      {
        "value": 65.6
      },
      {
        "value": 12.5
      },
      {
        "value": 73.5
      },
      {
        "value": 13.2
      }
    ],
    [
      {
        "value": 75.2
      },
      {
        "value": 7.3
      },
      {
        "value": 82.4
      },
      {
        "value": 8.9
      }
    ],
    [
      {
        "value": 82.4
      },
      {
        "value": 6.5
      },
      {
        "value": 85.0
      },
      {
        "value": 8.8
      }
    ],
    [
      {
        "value": 67.8
      },
      {
        "value": 11.1
      },
      {
        "value": 81.7
      },
      {
        "value": 10.3
      }
    ],
    [
      {
        "value": 61.6
      },
      {
        "value": 13.7
      },
      {
        "value": 74.2
      },
      {
        "value": 13.7
      }
    ],
    [
      {
        "value": 65.8
      },
      {
        "value": 14.9
      },
      {
        "value": 78.7
      },
      {
        "value": 12.5
      }
    ],
    [
      {
        "value": 69.9
      },
      {
        "value": 12.7
      },
      {
        "value": 80.4
      },
      {
        "value": 11.3
      }
    ],
    [
      {
        "value": 71.6
      },
      {
        "value": 10.4
      },
      {
        "value": 83.5
      },
      {
        "value": 8.0
      }
    ],
    [
      {
        "value": 64.9
      },
      {
        "value": 13.6
      },
      {
        "value": 78.2
      },
      {
        "value": 12.4
      }
    ],
    [
      {
        "value": 70.1
      },
      {
        "value": 11.4
      },
      {
        "value": 83.6
      },
      {
        "value": 9.7
      }
    ],
    [
      {
        "value": 66.7
      },
      {
        "value": 13.9
      },
      {
        "value": 77.9
      },
      {
        "value": 12.2
      }
    ]
  ]
}