{
  "title": "education by fols of workers in the agricultural sector aged 15 years and over, five agricultural regions of western canada, 2011",
  "top_root": {
    "name": "<TOP>",
    "value": "<TOP>",
    "type": "string",
    "line_idx": null,
    "children_dict": [
      {
        "name": "agricultural region 7 manitoba",
        "value": "agricultural region 7 manitoba",
        "type": "string",
        "children_dict": [
          {
            "name": "french-language workers",
            "value": "french-language workers",
            "type": "string",
            "children_dict": [],
            "line_idx": 0
          },
          {
            "name": "other workers",
            "value": "other workers",
            "type": "string",
            "children_dict": [],
            "line_idx": 1
          }
        ],
        "line_idx": null
      },
      {
        "name": "agricultural region 8 manitoba",
        "value": "agricultural region 8 manitoba",
        "type": "string",
        "children_dict": [
          {
            "name": "french-language workers",
            "value": "french-language workers",
            "type": "string",
            "children_dict": [],
            "line_idx": 2
          },
          {
            "name": "other workers",
            "value": "other workers",
            "type": "string",
            "children_dict": [],
            "line_idx": 3
          }
        ],
        "line_idx": null
      },
      {
        "name": "agricultural region 9 manitoba",
        "value": "agricultural region 9 manitoba",
        "type": "string",
        "children_dict": [
          {
            "name": "french-language workers",
            "value": "french-language workers",
            "type": "string",
            "children_dict": [],
            "line_idx": 4
          },
          {
            "name": "other workers",
            "value": "other workers",
            "type": "string",
            "children_dict": [],
            "line_idx": 5
          }
        ],
        "line_idx": null
      },
      {
        "name": "agricultural region 8b saskatchewan",
        "value": "agricultural region 8b saskatchewan",
        "type": "string",
        "children_dict": [
          {
            "name": "french-language workers",
            "value": "french-language workers",
            "type": "string",
            "children_dict": [],
            "line_idx": 6
          },
          {
            "name": "other workers",
            "value": "other workers",
            "type": "string",
            "children_dict": [],
            "line_idx": 7
          }
        ],
        "line_idx": null
      },
      {
        "name": "agricultural region 7 alberta",
        "value": "agricultural region 7 alberta",
        "type": "string",
        "children_dict": [
          {
            "name": "french-language workers",
            "value": "french-language workers",
            "type": "string",
            "children_dict": [],
            "line_idx": 8
          },
          {
            "name": "other workers",
            "value": "other workers",
            "type": "string",
            "children_dict": [],
            "line_idx": 9
          }
        ],
        "line_idx": null
      }
    ]
  },
  "left_root": {
    "name": "<LEFT>",
    "value": "<LEFT>",
    "type": "string",
    "line_idx": null,
    "children_dict": [
      {
        "name": "percent",
        "value": "percent",
        "type": "string",
        "children_dict": [
          {
            "name": "no certificate, diploma, or degree",
            "value": "no certificate, diploma, or degree",
            "type": "string",
            "children_dict": [],
            "line_idx": 0
          },
          {
            "name": "secondary school diploma",
            "value": "secondary school diploma",
            "type": "string",
            "children_dict": [],
            "line_idx": 1
          },
          {
            "name": "certificate or college diploma",
            "value": "certificate or college diploma",
            "type": "string",
            "children_dict": [],
            "line_idx": 2
          },
          {
            "name": "bachelor's degree",
            "value": "bachelor's degree",
            "type": "string",
            "children_dict": [],
            "line_idx": 3
          },
          {
            "name": "certificate or diploma above bachelor level",
            "value": "certificate or diploma above bachelor level",
            "type": "string",
            "children_dict": [],
            "line_idx": 4
          }
        ],
        "line_idx": null
      }
    ]
  },
  "data": [
    [
      {
        "value": 44.4
      },
      {
        "value": 34.9
      },
      {
        "value": 32.8
      },
      {
        "value": 36.4
      },
      {
        "value": 28.2
      },
      {
        "value": 30.3
      },
      {
        "value": 35.0
      },
      {
        "value": 31.8
      },
      {
        "value": 27.3
      },
      {
        "value": 40.2
      }
    ],
    [
      {
        "value": 37.8
      },
      {
        "value": 36.6
      },
      {
        "value": 41.4
      },
      {
        "value": 39.3
      },
      {
        "value": 32.4
      },
      {
        "value": 36.3
      },
      {
        "value": 52.5
      },
      {
        "value": 42.1
      },
      {
        "value": 50.6
      },
      {
        "value": 39.5
      }
    ],
    [
      {
        "value": 0.0
      },
      {
        "value": 15.2
      },
      {
        "value": 12.1
      },
      {
        "value": 9.4
      },
      {
        "value": 18.3
      },
      {
        "value": 13.3
      },
      {
        "value": 0.0
      },
      {
        "value": 11.7
      },
      {
        "value": 14.3
      },
      {
        "value": 14.2
      }
    ],
    [
      {
        "value": 11.1
      },
      {
        "value": 11.3
      },
      {
        "value": 13.8
      },
      {
        "value": 12.7
      },
      {
        "value": 18.3
      },
      {
        "value": 15.5
      },
      {
        "value": 0.0
      },
      {
        "value": 12.3
      },
      {
        "value": 7.8
      },
      {
        "value": 5.2
      }
    ],
    [
      {
        "value": 0.0
      },
      {
        "value": 2.0
      },
      {
        "value": 0.0
      },
      {
        "value": 1.7
      },
      {
        "value": 0.0
      },
      {
        "value": 4.3
      },
      {
        "value": 0.0
      },
      {
        "value": 2.0
      },
      {
        "value": 0.0
      },
      {
        "value": 0.9
      }
    ]
  ]
}