{
  "title": "multiple linear regression coefficients for the associations between parent and child screen time, sedentary time, and physical activity, household population, canada excluding territories, 2009 to 2017",
  "top_root": {
    "name": "<TOP>",
    "value": "<TOP>",
    "type": "string",
    "line_idx": null,
    "children_dict": [
      {
        "name": "beta",
        "value": "beta",
        "type": "string",
        "children_dict": [],
        "line_idx": 0
      },
      {
        "name": "p-value",
        "value": "p-value",
        "type": "string",
        "children_dict": [],
        "line_idx": 1
      }
    ]
  },
  "left_root": {
    "name": "<LEFT>",
    "value": "<LEFT>",
    "type": "string",
    "line_idx": null,
    "children_dict": [
      {
        "name": "screen time",
        "value": "screen time",
        "type": "string",
        "children_dict": [],
        "line_idx": 0
      },
      {
        "name": "sedentary time",
        "value": "sedentary time",
        "type": "string",
        "children_dict": [
          {
            "name": "total",
            "value": "total",
            "type": "string",
            "children_dict": [],
            "line_idx": 2
          },
          {
            "name": "weekday",
            "value": "weekday",
            "type": "string",
            "children_dict": [],
            "line_idx": 3
          },
          {
            "name": "weekend",
            "value": "weekend",
            "type": "string",
            "children_dict": [],
            "line_idx": 4
          }
        ],
        "line_idx": 1
      },
      {
        "name": "lpa",
        "value": "lpa",
        "type": "string",
        "children_dict": [
          {
            "name": "total",
            "value": "total",
            "type": "string",
            "children_dict": [],
            "line_idx": 6
          },
          {
            "name": "weekday",
            "value": "weekday",
            "type": "string",
            "children_dict": [],
            "line_idx": 7
          },
          {
            "name": "weekend",
            "value": "weekend",
            "type": "string",
            "children_dict": [],
            "line_idx": 8
          }
        ],
        "line_idx": 5
      },
      {
        "name": "mvpa",
        "value": "mvpa",
        "type": "string",
        "children_dict": [
          {
            "name": "total",
            "value": "total",
            "type": "string",
            "children_dict": [],
            "line_idx": 10
          },
          {
            "name": "weekday",
            "value": "weekday",
            "type": "string",
            "children_dict": [],
            "line_idx": 11
          },
          {
            "name": "weekend",
            "value": "weekend",
            "type": "string",
            "children_dict": [],
            "line_idx": 12
          }
        ],
        "line_idx": 9
      }
    ]
  },
  "data": [
    [
      {
        "value": 0.128
      },
      {
        "value": 0.0002
      }
    ],
    [
      {
        "value": ""
      },
      {
        "value": ""
      }
    ],
    [
      {
        "value": 0.124
      },
      {
        "value": 0.0016
      }
    ],
    [
      {
        "value": 0.079
      },
      {
        "value": 0.0309
      }
    ],
    [
      {
        "value": 0.17
      },
      {
        "value": 0.0003
      }
    ],
    [
      {
        "value": ""
      },
      {
        "value": ""
      }
    ],
    [
      {
        "value": 0.096
      },
      {
        "value": 0.0001
      }
    ],
    [
      {
        "value": 0.067
      },
      {
        "value": 0.003
      }
    ],
    [
      {
        "value": 0.103
      },
      {
        "value": 0.0003
      }
    ],
    [
      {
        "value": ""
      },
      {
        "value": ""
      }
    ],
    [
      {
        "value": 0.002
      },
      {
        "value": 0.007
      }
    ],
    [
      {
        "value": 0.002
      },
      {
        "value": 0.0134
      }
    ],
    [
      {
        "value": 0.002
      },
      {
        "value": 0.0432
      }
    ]
  ]
}