{
  "title": "number and percentage of consumers who accessed cannabis from each source, by before or after legalization and cannabis expenditures, canada (provinces only), 2018 and 2019",
  "top_root": {
    "name": "<TOP>",
    "value": "<TOP>",
    "type": "string",
    "line_idx": null,
    "children_dict": [
      {
        "name": "before legalization",
        "value": "before legalization",
        "type": "string",
        "children_dict": [
          {
            "name": "'000",
            "value": "'000",
            "type": "string",
            "children_dict": [],
            "line_idx": 0
          },
          {
            "name": "%",
            "value": "%",
            "type": "string",
            "children_dict": [],
            "line_idx": 1
          },
          {
            "name": "95% confidence interval",
            "value": "95% confidence interval",
            "type": "string",
            "children_dict": [
              {
                "name": "from",
                "value": "from",
                "type": "string",
                "children_dict": [],
                "line_idx": 2
              },
              {
                "name": "to",
                "value": "to",
                "type": "string",
                "children_dict": [],
                "line_idx": 3
              }
            ],
            "line_idx": null
          }
        ],
        "line_idx": null
      },
      {
        "name": "after legalization",
        "value": "after legalization",
        "type": "string",
        "children_dict": [
          {
            "name": "'000",
            "value": "'000",
            "type": "string",
            "children_dict": [],
            "line_idx": 4
          },
          {
            "name": "%",
            "value": "%",
            "type": "string",
            "children_dict": [],
            "line_idx": 5
          },
          {
            "name": "95% confidence interval",
            "value": "95% confidence interval",
            "type": "string",
            "children_dict": [
              {
                "name": "from",
                "value": "from",
                "type": "string",
                "children_dict": [],
                "line_idx": 6
              },
              {
                "name": "to",
                "value": "to",
                "type": "string",
                "children_dict": [],
                "line_idx": 7
              }
            ],
            "line_idx": null
          }
        ],
        "line_idx": null
      }
    ]
  },
  "left_root": {
    "name": "<LEFT>",
    "value": "<LEFT>",
    "type": "string",
    "line_idx": null,
    "children_dict": [
      {
        "name": "cannabis expenditures in the past 3 months",
        "value": "cannabis expenditures in the past 3 months",
        "type": "string",
        "children_dict": [],
        "line_idx": 0
      },
      {
        "name": "$0",
        "value": "$0",
        "type": "string",
        "children_dict": [
          {
            "name": "grown by the user or another person",
            "value": "grown by the user or another person",
            "type": "string",
            "children_dict": [],
            "line_idx": 2
          },
          {
            "name": "illegal",
            "value": "illegal",
            "type": "string",
            "children_dict": [],
            "line_idx": 3
          },
          {
            "name": "legal",
            "value": "legal",
            "type": "string",
            "children_dict": [
              {
                "name": "only legal",
                "value": "only legal",
                "type": "string",
                "children_dict": [],
                "line_idx": 5
              }
            ],
            "line_idx": 4
          },
          {
            "name": "friends and family",
            "value": "friends and family",
            "type": "string",
            "children_dict": [],
            "line_idx": 6
          },
          {
            "name": "other",
            "value": "other",
            "type": "string",
            "children_dict": [],
            "line_idx": 7
          }
        ],
        "line_idx": 1
      },
      {
        "name": "$1 to $50",
        "value": "$1 to $50",
        "type": "string",
        "children_dict": [
          {
            "name": "grown by the user or another person",
            "value": "grown by the user or another person",
            "type": "string",
            "children_dict": [],
            "line_idx": 9
          },
          {
            "name": "illegal",
            "value": "illegal",
            "type": "string",
            "children_dict": [],
            "line_idx": 10
          },
          {
            "name": "legal",
            "value": "legal",
            "type": "string",
            "children_dict": [
              {
                "name": "only legal",
                "value": "only legal",
                "type": "string",
                "children_dict": [],
                "line_idx": 12
              }
            ],
            "line_idx": 11
          },
          {
            "name": "friends and family",
            "value": "friends and family",
            "type": "string",
            "children_dict": [],
            "line_idx": 13
          },
          {
            "name": "other",
            "value": "other",
            "type": "string",
            "children_dict": [],
            "line_idx": 14
          }
        ],
        "line_idx": 8
      },
      {
        "name": "$51 to $250",
        "value": "$51 to $250",
        "type": "string",
        "children_dict": [
          {
            "name": "grown by the user or another person",
            "value": "grown by the user or another person",
            "type": "string",
            "children_dict": [],
            "line_idx": 16
          },
          {
            "name": "illegal",
            "value": "illegal",
            "type": "string",
            "children_dict": [],
            "line_idx": 17
          },
          {
            "name": "legal",
            "value": "legal",
            "type": "string",
            "children_dict": [
              {
                "name": "only legal",
                "value": "only legal",
                "type": "string",
                "children_dict": [],
                "line_idx": 19
              }
            ],
            "line_idx": 18
          },
          {
            "name": "friends and family",
            "value": "friends and family",
            "type": "string",
            "children_dict": [],
            "line_idx": 20
          },
          {
            "name": "other",
            "value": "other",
            "type": "string",
            "children_dict": [],
            "line_idx": 21
          }
        ],
        "line_idx": 15
      },
      {
        "name": "$251 or more",
        "value": "$251 or more",
        "type": "string",
        "children_dict": [
          {
            "name": "grown by the user or another person",
            "value": "grown by the user or another person",
            "type": "string",
            "children_dict": [],
            "line_idx": 23
          },
          {
            "name": "illegal",
            "value": "illegal",
            "type": "string",
            "children_dict": [],
            "line_idx": 24
          },
          {
            "name": "legal",
            "value": "legal",
            "type": "string",
            "children_dict": [
              {
                "name": "only legal",
                "value": "only legal",
                "type": "string",
                "children_dict": [],
                "line_idx": 26
              }
            ],
            "line_idx": 25
          },
          {
            "name": "friends and family",
            "value": "friends and family",
            "type": "string",
            "children_dict": [],
            "line_idx": 27
          },
          {
            "name": "other",
            "value": "other",
            "type": "string",
            "children_dict": [],
            "line_idx": 28
          }
        ],
        "line_idx": 22
      }
    ]
  },
  "data": [
    [
      {
        "value": ""
      },
      {
        "value": ""
      },
      {
        "value": ""
      },
      {
        "value": ""
      },
      {
        "value": ""
      },
      {
        "value": ""
      },
      {
        "value": ""
      },
      {
        "value": ""
      }
    ],
    [
      {
        "value": ""
      },
      {
        "value": ""
      },
      {
        "value": ""
      },
      {
        "value": ""
      },
      {
        "value": ""
      },
      {
        "value": ""
      },
      {
        "value": ""
      },
      {
        "value": ""
      }
    ],
    [
      {
        "value": 152.1
      },
      {
        "value": 10.4
      },
      {
        "value": 7.7
      },
      {
        "value": 13.9
      },
      {
        "value": 170.0
      },
      {
        "value": 14.0
      },
      {
        "value": 10.3
      },
      {
        "value": 18.8
      }
    ],
    [
      {
        "value": 347.6
      },
      {
        "value": 23.7
      },
      {
        "value": 19.6
      },
      {
        "value": 28.3
      },
      {
        "value": 313.6
      },
      {
        "value": 25.8
      },
      {
        "value": 21.0
      },
      {
        "value": 31.3
      }
    ],
    [
      {
        "value": 110.1
      },
      {
        "value": 7.5
      },
      {
        "value": 4.8
      },
      {
        "value": 11.5
      },
      {
        "value": 143.3
      },
      {
        "value": 11.8
      },
      {
        "value": 9.1
      },
      {
        "value": 15.2
      }
    ],
    [
      {
        "value": 34.3
      },
      {
        "value": 2.3
      },
      {
        "value": 1.3
      },
      {
        "value": 4.2
      },
      {
        "value": 60.7
      },
      {
        "value": 5.0
      },
      {
        "value": 3.3
      },
      {
        "value": 7.5
      }
    ],
    [
      {
        "value": 1130.7
      },
      {
        "value": 77.1
      },
      {
        "value": 72.6
      },
      {
        "value": 81.0
      },
      {
        "value": 848.3
      },
      {
        "value": 69.8
      },
      {
        "value": 64.8
      },
      {
        "value": 74.4
      }
    ],
    [
      {
        "value": 46.7
      },
      {
        "value": 3.2
      },
      {
        "value": 2.0
      },
      {
        "value": 5.1
      },
      {
        "value": 53.1
      },
      {
        "value": 4.4
      },
      {
        "value": 2.7
      },
      {
        "value": 6.9
      }
    ],
    [
      {
        "value": ""
      },
      {
        "value": ""
      },
      {
        "value": ""
      },
      {
        "value": ""
      },
      {
        "value": ""
      },
      {
        "value": ""
      },
      {
        "value": ""
      },
      {
        "value": ""
      }
    ],
    [
      {
        "value": 36.9
      },
      {
        "value": 5.2
      },
      {
        "value": 3.1
      },
      {
        "value": 8.8
      },
      {
        "value": 78.4
      },
      {
        "value": 7.2
      },
      {
        "value": 4.5
      },
      {
        "value": 11.5
      }
    ],
    [
      {
        "value": 424.9
      },
      {
        "value": 60.4
      },
      {
        "value": 52.8
      },
      {
        "value": 67.4
      },
      {
        "value": 375.3
      },
      {
        "value": 34.7
      },
      {
        "value": 29.3
      },
      {
        "value": 40.5
      }
    ],
    [
      {
        "value": 134.0
      },
      {
        "value": 19.0
      },
      {
        "value": 13.6
      },
      {
        "value": 26.0
      },
      {
        "value": 693.4
      },
      {
        "value": 64.0
      },
      {
        "value": 58.3
      },
      {
        "value": 69.3
      }
    ],
    [
      {
        "value": 67.4
      },
      {
        "value": 9.6
      },
      {
        "value": 6.1
      },
      {
        "value": 14.8
      },
      {
        "value": 466.4
      },
      {
        "value": 43.1
      },
      {
        "value": 37.6
      },
      {
        "value": 48.8
      }
    ],
    [
      {
        "value": 329.9
      },
      {
        "value": 46.9
      },
      {
        "value": 38.8
      },
      {
        "value": 55.1
      },
      {
        "value": 346.6
      },
      {
        "value": 32.0
      },
      {
        "value": 26.7
      },
      {
        "value": 37.8
      }
    ],
    [
      {
        "value": ""
      },
      {
        "value": ""
      },
      {
        "value": ""
      },
      {
        "value": ""
      },
      {
        "value": ""
      },
      {
        "value": ""
      },
      {
        "value": ""
      },
      {
        "value": ""
      }
    ],
    [
      {
        "value": ""
      },
      {
        "value": ""
      },
      {
        "value": ""
      },
      {
        "value": ""
      },
      {
        "value": ""
      },
      {
        "value": ""
      },
      {
        "value": ""
      },
      {
        "value": ""
      }
    ],
    [
      {
        "value": 95.9
      },
      {
        "value": 7.8
      },
      {
        "value": 5.6
      },
      {
        "value": 10.6
      },
      {
        "value": 136.3
      },
      {
        "value": 7.6
      },
      {
        "value": 5.8
      },
      {
        "value": 10.0
      }
    ],
    [
      {
        "value": 800.6
      },
      {
        "value": 64.7
      },
      {
        "value": 59.1
      },
      {
        "value": 69.9
      },
      {
        "value": 743.8
      },
      {
        "value": 41.6
      },
      {
        "value": 37.3
      },
      {
        "value": 46.0
      }
    ],
    [
      {
        "value": 355.8
      },
      {
        "value": 28.8
      },
      {
        "value": 24.1
      },
      {
        "value": 34.0
      },
      {
        "value": 1212.9
      },
      {
        "value": 67.8
      },
      {
        "value": 63.6
      },
      {
        "value": 71.7
      }
    ],
    [
      {
        "value": 201.4
      },
      {
        "value": 16.3
      },
      {
        "value": 12.5
      },
      {
        "value": 20.9
      },
      {
        "value": 715.1
      },
      {
        "value": 40.0
      },
      {
        "value": 35.6
      },
      {
        "value": 44.5
      }
    ],
    [
      {
        "value": 399.8
      },
      {
        "value": 32.3
      },
      {
        "value": 27.0
      },
      {
        "value": 38.1
      },
      {
        "value": 442.5
      },
      {
        "value": 24.7
      },
      {
        "value": 20.8
      },
      {
        "value": 29.2
      }
    ],
    [
      {
        "value": 60.8
      },
      {
        "value": 4.9
      },
      {
        "value": 3.0
      },
      {
        "value": 7.9
      },
      {
        "value": 50.2
      },
      {
        "value": 2.8
      },
      {
        "value": 1.7
      },
      {
        "value": 4.6
      }
    ],
    [
      {
        "value": ""
      },
      {
        "value": ""
      },
      {
        "value": ""
      },
      {
        "value": ""
      },
      {
        "value": ""
      },
      {
        "value": ""
      },
      {
        "value": ""
      },
      {
        "value": ""
      }
    ],
    [
      {
        "value": 108.2
      },
      {
        "value": 10.6
      },
      {
        "value": 6.8
      },
      {
        "value": 16.1
      },
      {
        "value": 120.9
      },
      {
        "value": 12.2
      },
      {
        "value": 8.8
      },
      {
        "value": 16.7
      }
    ],
    [
      {
        "value": 715.9
      },
      {
        "value": 70.1
      },
      {
        "value": 64.2
      },
      {
        "value": 75.4
      },
      {
        "value": 615.2
      },
      {
        "value": 62.0
      },
      {
        "value": 56.4
      },
      {
        "value": 67.3
      }
    ],
    [
      {
        "value": 401.4
      },
      {
        "value": 39.3
      },
      {
        "value": 33.1
      },
      {
        "value": 45.9
      },
      {
        "value": 588.6
      },
      {
        "value": 59.4
      },
      {
        "value": 53.6
      },
      {
        "value": 64.8
      }
    ],
    [
      {
        "value": 169.0
      },
      {
        "value": 16.6
      },
      {
        "value": 12.6
      },
      {
        "value": 21.4
      },
      {
        "value": 241.4
      },
      {
        "value": 24.3
      },
      {
        "value": 19.7
      },
      {
        "value": 29.7
      }
    ],
    [
      {
        "value": 290.4
      },
      {
        "value": 28.4
      },
      {
        "value": 22.5
      },
      {
        "value": 35.3
      },
      {
        "value": 287.8
      },
      {
        "value": 29.0
      },
      {
        "value": 24.1
      },
      {
        "value": 34.5
      }
    ],
    [
      {
        "value": 43.0
      },
      {
        "value": 4.2
      },
      {
        "value": 2.4
      },
      {
        "value": 7.3
      },
      {
        "value": 33.3
      },
      {
        "value": 3.4
      },
      {
        "value": 2.1
      },
      {
        "value": 5.3
      }
    ]
  ]
}