{
  "title": "detailed industrial distribution of primarily self-employed (unincorporated) immigrants,table 7 note 1 by immigrant class, canada, 2010",
  "top_root": {
    "name": "<TOP>",
    "value": "<TOP>",
    "type": "string",
    "line_idx": null,
    "children_dict": [
      {
        "name": "immigrant class",
        "value": "immigrant class",
        "type": "string",
        "children_dict": [
          {
            "name": "family",
            "value": "family",
            "type": "string",
            "children_dict": [],
            "line_idx": 0
          },
          {
            "name": "economic",
            "value": "economic",
            "type": "string",
            "children_dict": [],
            "line_idx": 1
          },
          {
            "name": "business",
            "value": "business",
            "type": "string",
            "children_dict": [],
            "line_idx": 2
          },
          {
            "name": "dependants",
            "value": "dependants",
            "type": "string",
            "children_dict": [],
            "line_idx": 3
          },
          {
            "name": "refugees",
            "value": "refugees",
            "type": "string",
            "children_dict": [],
            "line_idx": 4
          }
        ],
        "line_idx": null
      }
    ]
  },
  "left_root": {
    "name": "<LEFT>",
    "value": "<LEFT>",
    "type": "string",
    "line_idx": null,
    "children_dict": [
      {
        "name": "percent distribution",
        "value": "percent distribution",
        "type": "string",
        "children_dict": [
          {
            "name": "industry",
            "value": "industry",
            "type": "string",
            "children_dict": [
              {
                "name": "construction of buildings",
                "value": "construction of buildings",
                "type": "string",
                "children_dict": [],
                "line_idx": 1
              },
              {
                "name": "specialty trade contractors",
                "value": "specialty trade contractors",
                "type": "string",
                "children_dict": [],
                "line_idx": 2
              },
              {
                "name": "manufacturing",
                "value": "manufacturing",
                "type": "string",
                "children_dict": [],
                "line_idx": 3
              },
              {
                "name": "wholesale trade",
                "value": "wholesale trade",
                "type": "string",
                "children_dict": [],
                "line_idx": 4
              },
              {
                "name": "retail trade",
                "value": "retail trade",
                "type": "string",
                "children_dict": [],
                "line_idx": 5
              },
              {
                "name": "truck transportation",
                "value": "truck transportation",
                "type": "string",
                "children_dict": [],
                "line_idx": 6
              },
              {
                "name": "transit and ground passenger transportation",
                "value": "transit and ground passenger transportation",
                "type": "string",
                "children_dict": [],
                "line_idx": 7
              },
              {
                "name": "lessors of real estate",
                "value": "lessors of real estate",
                "type": "string",
                "children_dict": [],
                "line_idx": 8
              },
              {
                "name": "offices of real estate agents and brokers",
                "value": "offices of real estate agents and brokers",
                "type": "string",
                "children_dict": [],
                "line_idx": 9
              },
              {
                "name": "accounting, tax preparation, bookkeeping and payroll services",
                "value": "accounting, tax preparation, bookkeeping and payroll services",
                "type": "string",
                "children_dict": [],
                "line_idx": 10
              },
              {
                "name": "architectural, engineering and related services",
                "value": "architectural, engineering and related services",
                "type": "string",
                "children_dict": [],
                "line_idx": 11
              },
              {
                "name": "computer systems design and related services",
                "value": "computer systems design and related services",
                "type": "string",
                "children_dict": [],
                "line_idx": 12
              },
              {
                "name": "management, scientific and technical consulting services",
                "value": "management, scientific and technical consulting services",
                "type": "string",
                "children_dict": [],
                "line_idx": 13
              },
              {
                "name": "services to buildings and dwellings",
                "value": "services to buildings and dwellings",
                "type": "string",
                "children_dict": [],
                "line_idx": 14
              },
              {
                "name": "offices of physicians",
                "value": "offices of physicians",
                "type": "string",
                "children_dict": [],
                "line_idx": 15
              },
              {
                "name": "offices of dentists",
                "value": "offices of dentists",
                "type": "string",
                "children_dict": [],
                "line_idx": 16
              },
              {
                "name": "child day-care services",
                "value": "child day-care services",
                "type": "string",
                "children_dict": [],
                "line_idx": 17
              },
              {
                "name": "food services and drinking places",
                "value": "food services and drinking places",
                "type": "string",
                "children_dict": [],
                "line_idx": 18
              },
              {
                "name": "all other industries",
                "value": "all other industries",
                "type": "string",
                "children_dict": [],
                "line_idx": 19
              },
              {
                "name": "total",
                "value": "total",
                "type": "string",
                "children_dict": [],
                "line_idx": 20
              }
            ],
            "line_idx": 0
          }
        ],
        "line_idx": null
      },
      {
        "name": "number",
        "value": "number",
        "type": "string",
        "children_dict": [
          {
            "name": "total",
            "value": "total",
            "type": "string",
            "children_dict": [],
            "line_idx": 21
          }
        ],
        "line_idx": null
      },
      {
        "name": "percent",
        "value": "percent",
        "type": "string",
        "children_dict": [
          {
            "name": "knowledge-based industries",
            "value": "knowledge-based industries",
            "type": "string",
            "children_dict": [],
            "line_idx": 22
          }
        ],
        "line_idx": null
      }
    ]
  },
  "data": [
    [
      {
        "value": ""
      },
      {
        "value": ""
      },
      {
        "value": ""
      },
      {
        "value": ""
      },
      {
        "value": ""
      }
    ],
    [
      {
        "value": 3.5
      },
      {
        "value": 2.6
      },
      {
        "value": 1.8
      },
      {
        "value": 2.0
      },
      {
        "value": 4.9
      }
    ],
    [
      {
        "value": 6.9
      },
      {
        "value": 5.0
      },
      {
        "value": 2.6
      },
      {
        "value": 3.7
      },
      {
        "value": 10.1
      }
    ],
    [
      {
        "value": 1.7
      },
      {
        "value": 1.5
      },
      {
        "value": 1.5
      },
      {
        "value": 1.3
      },
      {
        "value": 1.8
      }
    ],
    [
      {
        "value": 1.0
      },
      {
        "value": 1.3
      },
      {
        "value": 1.4
      },
      {
        "value": 1.1
      },
      {
        "value": 1.0
      }
    ],
    [
      {
        "value": 5.3
      },
      {
        "value": 6.6
      },
      {
        "value": 7.6
      },
      {
        "value": 6.7
      },
      {
        "value": 5.5
      }
    ],
    [
      {
        "value": 5.4
      },
      {
        "value": 2.5
      },
      {
        "value": 1.0
      },
      {
        "value": 1.5
      },
      {
        "value": 6.0
      }
    ],
    [
      {
        "value": 5.9
      },
      {
        "value": 5.1
      },
      {
        "value": 0.9
      },
      {
        "value": 1.1
      },
      {
        "value": 9.4
      }
    ],
    [
      {
        "value": 13.9
      },
      {
        "value": 16.8
      },
      {
        "value": 37.9
      },
      {
        "value": 22.6
      },
      {
        "value": 11.5
      }
    ],
    [
      {
        "value": 1.6
      },
      {
        "value": 2.8
      },
      {
        "value": 1.5
      },
      {
        "value": 2.3
      },
      {
        "value": 1.4
      }
    ],
    [
      {
        "value": 1.9
      },
      {
        "value": 2.8
      },
      {
        "value": 1.2
      },
      {
        "value": 2.5
      },
      {
        "value": 1.3
      }
    ],
    [
      {
        "value": 0.4
      },
      {
        "value": 1.6
      },
      {
        "value": 0.5
      },
      {
        "value": 0.7
      },
      {
        "value": 0.5
      }
    ],
    [
      {
        "value": 0.7
      },
      {
        "value": 2.5
      },
      {
        "value": 0.3
      },
      {
        "value": 1.4
      },
      {
        "value": 0.6
      }
    ],
    [
      {
        "value": 3.3
      },
      {
        "value": 7.4
      },
      {
        "value": 5.7
      },
      {
        "value": 4.9
      },
      {
        "value": 2.5
      }
    ],
    [
      {
        "value": 13.0
      },
      {
        "value": 10.5
      },
      {
        "value": 8.2
      },
      {
        "value": 11.9
      },
      {
        "value": 14.8
      }
    ],
    [
      {
        "value": 0.9
      },
      {
        "value": 2.1
      },
      {
        "value": 0.3
      },
      {
        "value": 1.8
      },
      {
        "value": 0.7
      }
    ],
    [
      {
        "value": 0.4
      },
      {
        "value": 0.4
      },
      {
        "value": 0.2
      },
      {
        "value": 0.9
      },
      {
        "value": 0.4
      }
    ],
    [
      {
        "value": 10.7
      },
      {
        "value": 2.9
      },
      {
        "value": 1.3
      },
      {
        "value": 6.8
      },
      {
        "value": 5.3
      }
    ],
    [
      {
        "value": 1.0
      },
      {
        "value": 0.9
      },
      {
        "value": 1.0
      },
      {
        "value": 0.9
      },
      {
        "value": 1.1
      }
    ],
    [
      {
        "value": 22.4
      },
      {
        "value": 24.6
      },
      {
        "value": 25.0
      },
      {
        "value": 26.1
      },
      {
        "value": 21.0
      }
    ],
    [
      {
        "value": 100.0
      },
      {
        "value": 100.0
      },
      {
        "value": 100.0
      },
      {
        "value": 100.0
      },
      {
        "value": 100.0
      }
    ],
    [
      {
        "value": 119094.0
      },
      {
        "value": 81116.0
      },
      {
        "value": 16070.0
      },
      {
        "value": 88902.0
      },
      {
        "value": 66056.0
      }
    ],
    [
      {
        "value": 5.8
      },
      {
        "value": 13.8
      },
      {
        "value": 7.5
      },
      {
        "value": 9.0
      },
      {
        "value": 4.7
      }
    ]
  ]
}