{
  "title": "transgender and cisgender canadians' experiences of unwanted behaviours in public places and online and protective measures taken online, by type of behaviour, 2018",
  "top_root": {
    "name": "<TOP>",
    "value": "<TOP>",
    "type": "string",
    "line_idx": null,
    "children_dict": [
      {
        "name": "cisgender",
        "value": "cisgender",
        "type": "string",
        "children_dict": [
          {
            "name": "percent",
            "value": "percent",
            "type": "string",
            "children_dict": [],
            "line_idx": 0
          },
          {
            "name": "95% confidence interval",
            "value": "95% confidence interval",
            "type": "string",
            "children_dict": [
              {
                "name": "from",
                "value": "from",
                "type": "string",
                "children_dict": [],
                "line_idx": 1
              },
              {
                "name": "to",
                "value": "to",
                "type": "string",
                "children_dict": [],
                "line_idx": 2
              }
            ],
            "line_idx": null
          }
        ],
        "line_idx": null
      },
      {
        "name": "transgender",
        "value": "transgender",
        "type": "string",
        "children_dict": [
          {
            "name": "percent",
            "value": "percent",
            "type": "string",
            "children_dict": [],
            "line_idx": 3
          },
          {
            "name": "95% confidence interval",
            "value": "95% confidence interval",
            "type": "string",
            "children_dict": [
              {
                "name": "from",
                "value": "from",
                "type": "string",
                "children_dict": [],
                "line_idx": 4
              },
              {
                "name": "to",
                "value": "to",
                "type": "string",
                "children_dict": [],
                "line_idx": 5
              }
            ],
            "line_idx": null
          }
        ],
        "line_idx": null
      }
    ]
  },
  "left_root": {
    "name": "<LEFT>",
    "value": "<LEFT>",
    "type": "string",
    "line_idx": null,
    "children_dict": [
      {
        "name": "unwanted behaviours in public places",
        "value": "unwanted behaviours in public places",
        "type": "string",
        "children_dict": [
          {
            "name": "unwanted physical contact",
            "value": "unwanted physical contact",
            "type": "string",
            "children_dict": [],
            "line_idx": 1
          },
          {
            "name": "indecent exposure",
            "value": "indecent exposure",
            "type": "string",
            "children_dict": [],
            "line_idx": 2
          },
          {
            "name": "unwanted comments about sex or gender",
            "value": "unwanted comments about sex or gender",
            "type": "string",
            "children_dict": [],
            "line_idx": 3
          },
          {
            "name": "unwanted comments about sexual orientation or assumed sexual orientation",
            "value": "unwanted comments about sexual orientation or assumed sexual orientation",
            "type": "string",
            "children_dict": [],
            "line_idx": 4
          },
          {
            "name": "unwanted sexual attention",
            "value": "unwanted sexual attention",
            "type": "string",
            "children_dict": [],
            "line_idx": 5
          },
          {
            "name": "experienced unwanted sexual behaviour in public in the past 12 months",
            "value": "experienced unwanted sexual behaviour in public in the past 12 months",
            "type": "string",
            "children_dict": [],
            "line_idx": 6
          }
        ],
        "line_idx": 0
      },
      {
        "name": "unwanted behaviours online",
        "value": "unwanted behaviours online",
        "type": "string",
        "children_dict": [
          {
            "name": "threatening or aggressive emails or messages directed at you personally",
            "value": "threatening or aggressive emails or messages directed at you personally",
            "type": "string",
            "children_dict": [],
            "line_idx": 8
          },
          {
            "name": "threatening or aggressive messages sent to a group or on social media",
            "value": "threatening or aggressive messages sent to a group or on social media",
            "type": "string",
            "children_dict": [],
            "line_idx": 9
          },
          {
            "name": "posting or distributing, or threatening to post or distribute, intimate or sexually explicit images without consent",
            "value": "posting or distributing, or threatening to post or distribute, intimate or sexually explicit images without consent",
            "type": "string",
            "children_dict": [],
            "line_idx": 10
          },
          {
            "name": "pressure to send, share, or post sexually suggestive or explicit images or messages",
            "value": "pressure to send, share, or post sexually suggestive or explicit images or messages",
            "type": "string",
            "children_dict": [],
            "line_idx": 11
          },
          {
            "name": "being sent unwanted sexually suggestive or explicit images or messages",
            "value": "being sent unwanted sexually suggestive or explicit images or messages",
            "type": "string",
            "children_dict": [],
            "line_idx": 12
          },
          {
            "name": "experienced unwanted sexual behaviour online in the past 12 months",
            "value": "experienced unwanted sexual behaviour online in the past 12 months",
            "type": "string",
            "children_dict": [],
            "line_idx": 13
          }
        ],
        "line_idx": 7
      },
      {
        "name": "protective measures online",
        "value": "protective measures online",
        "type": "string",
        "children_dict": [
          {
            "name": "changed username or blocked others because of harassment",
            "value": "changed username or blocked others because of harassment",
            "type": "string",
            "children_dict": [],
            "line_idx": 15
          },
          {
            "name": "limited internet use or social media participation for protection",
            "value": "limited internet use or social media participation for protection",
            "type": "string",
            "children_dict": [],
            "line_idx": 16
          },
          {
            "name": "shut down or deleted an account because of harassment",
            "value": "shut down or deleted an account because of harassment",
            "type": "string",
            "children_dict": [],
            "line_idx": 17
          },
          {
            "name": "took a protective measure online due to harassment in the past 12 months",
            "value": "took a protective measure online due to harassment in the past 12 months",
            "type": "string",
            "children_dict": [],
            "line_idx": 18
          }
        ],
        "line_idx": 14
      }
    ]
  },
  "data": [
    [
      {
        "value": ""
      },
      {
        "value": ""
      },
      {
        "value": ""
      },
      {
        "value": ""
      },
      {
        "value": ""
      },
      {
        "value": ""
      }
    ],
    [
      {
        "value": 11.9
      },
      {
        "value": 11.4
      },
      {
        "value": 12.4
      },
      {
        "value": 22.0
      },
      {
        "value": 6.4
      },
      {
        "value": 47.0
      }
    ],
    [
      {
        "value": 3.8
      },
      {
        "value": 3.4
      },
      {
        "value": 4.1
      },
      {
        "value": ""
      },
      {
        "value": ""
      },
      {
        "value": ""
      }
    ],
    [
      {
        "value": 8.8
      },
      {
        "value": 8.4
      },
      {
        "value": 9.3
      },
      {
        "value": 43.4
      },
      {
        "value": 21.0
      },
      {
        "value": 68.0
      }
    ],
    [
      {
        "value": 3.8
      },
      {
        "value": 3.5
      },
      {
        "value": 4.2
      },
      {
        "value": 36.5
      },
      {
        "value": 18.8
      },
      {
        "value": 57.3
      }
    ],
    [
      {
        "value": 15.3
      },
      {
        "value": 14.8
      },
      {
        "value": 15.9
      },
      {
        "value": 39.2
      },
      {
        "value": 21.0
      },
      {
        "value": 59.9
      }
    ],
    [
      {
        "value": 22.7
      },
      {
        "value": 22.1
      },
      {
        "value": 23.4
      },
      {
        "value": 57.6
      },
      {
        "value": 37.1
      },
      {
        "value": 76.5
      }
    ],
    [
      {
        "value": ""
      },
      {
        "value": ""
      },
      {
        "value": ""
      },
      {
        "value": ""
      },
      {
        "value": ""
      },
      {
        "value": ""
      }
    ],
    [
      {
        "value": 8.9
      },
      {
        "value": 8.4
      },
      {
        "value": 9.4
      },
      {
        "value": 28.6
      },
      {
        "value": 11.9
      },
      {
        "value": 50.9
      }
    ],
    [
      {
        "value": 4.3
      },
      {
        "value": 3.9
      },
      {
        "value": 4.7
      },
      {
        "value": ""
      },
      {
        "value": ""
      },
      {
        "value": ""
      }
    ],
    [
      {
        "value": 1.6
      },
      {
        "value": 1.3
      },
      {
        "value": 1.8
      },
      {
        "value": ""
      },
      {
        "value": ""
      },
      {
        "value": ""
      }
    ],
    [
      {
        "value": 2.7
      },
      {
        "value": 2.5
      },
      {
        "value": 3.0
      },
      {
        "value": 20.3
      },
      {
        "value": 6.4
      },
      {
        "value": 42.1
      }
    ],
    [
      {
        "value": 8.6
      },
      {
        "value": 8.1
      },
      {
        "value": 9.1
      },
      {
        "value": ""
      },
      {
        "value": ""
      },
      {
        "value": ""
      }
    ],
    [
      {
        "value": 16.0
      },
      {
        "value": 15.4
      },
      {
        "value": 16.7
      },
      {
        "value": 41.6
      },
      {
        "value": 21.7
      },
      {
        "value": 63.8
      }
    ],
    [
      {
        "value": ""
      },
      {
        "value": ""
      },
      {
        "value": ""
      },
      {
        "value": ""
      },
      {
        "value": ""
      },
      {
        "value": ""
      }
    ],
    [
      {
        "value": 13.5
      },
      {
        "value": 12.9
      },
      {
        "value": 14.1
      },
      {
        "value": 37.4
      },
      {
        "value": 18.3
      },
      {
        "value": 59.7
      }
    ],
    [
      {
        "value": 14.7
      },
      {
        "value": 14.2
      },
      {
        "value": 15.3
      },
      {
        "value": ""
      },
      {
        "value": ""
      },
      {
        "value": ""
      }
    ],
    [
      {
        "value": 3.4
      },
      {
        "value": 3.2
      },
      {
        "value": 3.7
      },
      {
        "value": ""
      },
      {
        "value": ""
      },
      {
        "value": ""
      }
    ],
    [
      {
        "value": 23.5
      },
      {
        "value": 22.8
      },
      {
        "value": 24.2
      },
      {
        "value": 40.8
      },
      {
        "value": 21.1
      },
      {
        "value": 63.0
      }
    ]
  ]
}