{
  "title": "career statistics",
  "top_root": {
    "name": "<TOP>",
    "value": "<TOP>",
    "type": "string",
    "line_idx": null,
    "children_dict": [
      {
        "name": "league",
        "value": "league",
        "type": "string",
        "children_dict": [
          {
            "name": "apps",
            "value": "apps",
            "type": "string",
            "children_dict": [],
            "line_idx": 0
          },
          {
            "name": "goals",
            "value": "goals",
            "type": "string",
            "children_dict": [],
            "line_idx": 1
          }
        ],
        "line_idx": null
      },
      {
        "name": "fa cup",
        "value": "fa cup",
        "type": "string",
        "children_dict": [
          {
            "name": "apps",
            "value": "apps",
            "type": "string",
            "children_dict": [],
            "line_idx": 2
          },
          {
            "name": "goals",
            "value": "goals",
            "type": "string",
            "children_dict": [],
            "line_idx": 3
          }
        ],
        "line_idx": null
      },
      {
        "name": "league cup",
        "value": "league cup",
        "type": "string",
        "children_dict": [
          {
            "name": "apps",
            "value": "apps",
            "type": "string",
            "children_dict": [],
            "line_idx": 4
          },
          {
            "name": "goals",
            "value": "goals",
            "type": "string",
            "children_dict": [],
            "line_idx": 5
          }
        ],
        "line_idx": null
      },
      {
        "name": "other",
        "value": "other",
        "type": "string",
        "children_dict": [
          {
            "name": "apps",
            "value": "apps",
            "type": "string",
            "children_dict": [],
            "line_idx": 6
          },
          {
            "name": "goals",
            "value": "goals",
            "type": "string",
            "children_dict": [],
            "line_idx": 7
          }
        ],
        "line_idx": null
      },
      {
        "name": "total",
        "value": "total",
        "type": "string",
        "children_dict": [
          {
            "name": "apps",
            "value": "apps",
            "type": "string",
            "children_dict": [],
            "line_idx": 8
          },
          {
            "name": "goals",
            "value": "goals",
            "type": "string",
            "children_dict": [],
            "line_idx": 9
          }
        ],
        "line_idx": null
      }
    ]
  },
  "left_root": {
    "name": "<LEFT>",
    "value": "<LEFT>",
    "type": "string",
    "line_idx": null,
    "children_dict": [
      {
        "name": "leeds united",
        "value": "leeds united",
        "type": "string",
        "children_dict": [
          {
            "name": "1984-85",
            "value": "1984-85",
            "type": "string",
            "children_dict": [
              {
                "name": "second division",
                "value": "second division",
                "type": "string",
                "children_dict": [],
                "line_idx": 0
              }
            ],
            "line_idx": null
          },
          {
            "name": "1985-86",
            "value": "1985-86",
            "type": "string",
            "children_dict": [
              {
                "name": "second division",
                "value": "second division",
                "type": "string",
                "children_dict": [],
                "line_idx": 1
              }
            ],
            "line_idx": null
          },
          {
            "name": "1986-87",
            "value": "1986-87",
            "type": "string",
            "children_dict": [
              {
                "name": "second division",
                "value": "second division",
                "type": "string",
                "children_dict": [],
                "line_idx": 2
              }
            ],
            "line_idx": null
          },
          {
            "name": "1987-88",
            "value": "1987-88",
            "type": "string",
            "children_dict": [
              {
                "name": "second division",
                "value": "second division",
                "type": "string",
                "children_dict": [],
                "line_idx": 3
              }
            ],
            "line_idx": null
          },
          {
            "name": "1988-89",
            "value": "1988-89",
            "type": "string",
            "children_dict": [
              {
                "name": "second division",
                "value": "second division",
                "type": "string",
                "children_dict": [],
                "line_idx": 4
              }
            ],
            "line_idx": null
          }
        ],
        "line_idx": null
      },
      {
        "name": "hull city",
        "value": "hull city",
        "type": "string",
        "children_dict": [
          {
            "name": "1988-89",
            "value": "1988-89",
            "type": "string",
            "children_dict": [
              {
                "name": "second division",
                "value": "second division",
                "type": "string",
                "children_dict": [],
                "line_idx": 5
              }
            ],
            "line_idx": null
          },
          {
            "name": "1989-90",
            "value": "1989-90",
            "type": "string",
            "children_dict": [
              {
                "name": "second division",
                "value": "second division",
                "type": "string",
                "children_dict": [],
                "line_idx": 6
              }
            ],
            "line_idx": null
          },
          {
            "name": "1990-91",
            "value": "1990-91",
            "type": "string",
            "children_dict": [
              {
                "name": "second division",
                "value": "second division",
                "type": "string",
                "children_dict": [],
                "line_idx": 7
              }
            ],
            "line_idx": null
          }
        ],
        "line_idx": null
      },
      {
        "name": "port vale",
        "value": "port vale",
        "type": "string",
        "children_dict": [
          {
            "name": "1991-92",
            "value": "1991-92",
            "type": "string",
            "children_dict": [
              {
                "name": "second division",
                "value": "second division",
                "type": "string",
                "children_dict": [],
                "line_idx": 8
              }
            ],
            "line_idx": null
          },
          {
            "name": "1992-93",
            "value": "1992-93",
            "type": "string",
            "children_dict": [
              {
                "name": "second division",
                "value": "second division",
                "type": "string",
                "children_dict": [],
                "line_idx": 9
              }
            ],
            "line_idx": null
          },
          {
            "name": "1993-94",
            "value": "1993-94",
            "type": "string",
            "children_dict": [
              {
                "name": "second division",
                "value": "second division",
                "type": "string",
                "children_dict": [],
                "line_idx": 10
              }
            ],
            "line_idx": null
          }
        ],
        "line_idx": null
      },
      {
        "name": "plymouth argyle",
        "value": "plymouth argyle",
        "type": "string",
        "children_dict": [
          {
            "name": "1994-95",
            "value": "1994-95",
            "type": "string",
            "children_dict": [
              {
                "name": "second division",
                "value": "second division",
                "type": "string",
                "children_dict": [],
                "line_idx": 11
              }
            ],
            "line_idx": null
          }
        ],
        "line_idx": null
      },
      {
        "name": "burnley",
        "value": "burnley",
        "type": "string",
        "children_dict": [
          {
            "name": "1995-96",
            "value": "1995-96",
            "type": "string",
            "children_dict": [
              {
                "name": "second division",
                "value": "second division",
                "type": "string",
                "children_dict": [],
                "line_idx": 12
              }
            ],
            "line_idx": null
          },
          {
            "name": "1996-97",
            "value": "1996-97",
            "type": "string",
            "children_dict": [
              {
                "name": "second division",
                "value": "second division",
                "type": "string",
                "children_dict": [],
                "line_idx": 13
              }
            ],
            "line_idx": null
          }
        ],
        "line_idx": null
      },
      {
        "name": "bury",
        "value": "bury",
        "type": "string",
        "children_dict": [
          {
            "name": "1997-98",
            "value": "1997-98",
            "type": "string",
            "children_dict": [
              {
                "name": "first division",
                "value": "first division",
                "type": "string",
                "children_dict": [],
                "line_idx": 14
              }
            ],
            "line_idx": null
          }
        ],
        "line_idx": null
      },
      {
        "name": "burnley",
        "value": "burnley",
        "type": "string",
        "children_dict": [
          {
            "name": "1998-99",
            "value": "1998-99",
            "type": "string",
            "children_dict": [
              {
                "name": "second division",
                "value": "second division",
                "type": "string",
                "children_dict": [],
                "line_idx": 15
              }
            ],
            "line_idx": null
          },
          {
            "name": "1999-2000",
            "value": "1999-2000",
            "type": "string",
            "children_dict": [
              {
                "name": "second division",
                "value": "second division",
                "type": "string",
                "children_dict": [],
                "line_idx": 16
              }
            ],
            "line_idx": null
          }
        ],
        "line_idx": null
      },
      {
        "name": "york city",
        "value": "york city",
        "type": "string",
        "children_dict": [
          {
            "name": "1999-2000",
            "value": "1999-2000",
            "type": "string",
            "children_dict": [
              {
                "name": "third division",
                "value": "third division",
                "type": "string",
                "children_dict": [],
                "line_idx": 17
              }
            ],
            "line_idx": null
          },
          {
            "name": "2000-01",
            "value": "2000-01",
            "type": "string",
            "children_dict": [
              {
                "name": "third division",
                "value": "third division",
                "type": "string",
                "children_dict": [],
                "line_idx": 18
              }
            ],
            "line_idx": null
          }
        ],
        "line_idx": null
      },
      {
        "name": "total",
        "value": "total",
        "type": "string",
        "children_dict": [
          {
            "name": "none",
            "value": "none",
            "type": "string",
            "children_dict": [
              {
                "name": "none",
                "value": "none",
                "type": "string",
                "children_dict": [],
                "line_idx": 19
              }
            ],
            "line_idx": null
          }
        ],
        "line_idx": null
      }
    ]
  },
  "data": [
    [
      {
        "value": 0
      },
      {
        "value": 0
      },
      {
        "value": 0
      },
      {
        "value": 0
      },
      {
        "value": 0
      },
      {
        "value": 0
      },
      {
        "value": 0
      },
      {
        "value": 0
      },
      {
        "value": 0
      },
      {
        "value": 0
      }
    ],
    [
      {
        "value": 16
      },
      {
        "value": 3
      },
      {
        "value": 1
      },
      {
        "value": 0
      },
      {
        "value": 0
      },
      {
        "value": 0
      },
      {
        "value": 2
      },
      {
        "value": 0
      },
      {
        "value": 19
      },
      {
        "value": 3
      }
    ],
    [
      {
        "value": 7
      },
      {
        "value": 0
      },
      {
        "value": 1
      },
      {
        "value": 0
      },
      {
        "value": 1
      },
      {
        "value": 0
      },
      {
        "value": 0
      },
      {
        "value": 0
      },
      {
        "value": 9
      },
      {
        "value": 0
      }
    ],
    [
      {
        "value": 25
      },
      {
        "value": 8
      },
      {
        "value": 0
      },
      {
        "value": 0
      },
      {
        "value": 2
      },
      {
        "value": 2
      },
      {
        "value": 1
      },
      {
        "value": 0
      },
      {
        "value": 28
      },
      {
        "value": 10
      }
    ],
    [
      {
        "value": 1
      },
      {
        "value": 0
      },
      {
        "value": 1
      },
      {
        "value": 0
      },
      {
        "value": 0
      },
      {
        "value": 0
      },
      {
        "value": 0
      },
      {
        "value": 0
      },
      {
        "value": 2
      },
      {
        "value": 0
      }
    ],
    [
      {
        "value": 11
      },
      {
        "value": 1
      },
      {
        "value": 0
      },
      {
        "value": 0
      },
      {
        "value": 0
      },
      {
        "value": 0
      },
      {
        "value": 0
      },
      {
        "value": 0
      },
      {
        "value": 11
      },
      {
        "value": 1
      }
    ],
    [
      {
        "value": 31
      },
      {
        "value": 11
      },
      {
        "value": 1
      },
      {
        "value": 0
      },
      {
        "value": 2
      },
      {
        "value": 0
      },
      {
        "value": 1
      },
      {
        "value": 0
      },
      {
        "value": 35
      },
      {
        "value": 11
      }
    ],
    [
      {
        "value": 38
      },
      {
        "value": 12
      },
      {
        "value": 1
      },
      {
        "value": 0
      },
      {
        "value": 3
      },
      {
        "value": 1
      },
      {
        "value": 0
      },
      {
        "value": 0
      },
      {
        "value": 42
      },
      {
        "value": 13
      }
    ],
    [
      {
        "value": 33
      },
      {
        "value": 3
      },
      {
        "value": 0
      },
      {
        "value": 0
      },
      {
        "value": 4
      },
      {
        "value": 0
      },
      {
        "value": 2
      },
      {
        "value": 0
      },
      {
        "value": 39
      },
      {
        "value": 3
      }
    ],
    [
      {
        "value": 38
      },
      {
        "value": 3
      },
      {
        "value": 4
      },
      {
        "value": 1
      },
      {
        "value": 1
      },
      {
        "value": 0
      },
      {
        "value": 8
      },
      {
        "value": 1
      },
      {
        "value": 51
      },
      {
        "value": 5
      }
    ],
    [
      {
        "value": 40
      },
      {
        "value": 0
      },
      {
        "value": 5
      },
      {
        "value": 0
      },
      {
        "value": 1
      },
      {
        "value": 0
      },
      {
        "value": 2
      },
      {
        "value": 0
      },
      {
        "value": 48
      },
      {
        "value": 0
      }
    ],
    [
      {
        "value": 27
      },
      {
        "value": 2
      },
      {
        "value": 2
      },
      {
        "value": 0
      },
      {
        "value": 2
      },
      {
        "value": 1
      },
      {
        "value": 0
      },
      {
        "value": 0
      },
      {
        "value": 31
      },
      {
        "value": 3
      }
    ],
    [
      {
        "value": 32
      },
      {
        "value": 5
      },
      {
        "value": 1
      },
      {
        "value": 0
      },
      {
        "value": 2
      },
      {
        "value": 0
      },
      {
        "value": 4
      },
      {
        "value": 0
      },
      {
        "value": 39
      },
      {
        "value": 5
      }
    ],
    [
      {
        "value": 17
      },
      {
        "value": 2
      },
      {
        "value": 2
      },
      {
        "value": 0
      },
      {
        "value": 0
      },
      {
        "value": 0
      },
      {
        "value": 2
      },
      {
        "value": 0
      },
      {
        "value": 21
      },
      {
        "value": 2
      }
    ],
    [
      {
        "value": 37
      },
      {
        "value": 6
      },
      {
        "value": 1
      },
      {
        "value": 0
      },
      {
        "value": 2
      },
      {
        "value": 0
      },
      {
        "value": 0
      },
      {
        "value": 0
      },
      {
        "value": 40
      },
      {
        "value": 6
      }
    ],
    [
      {
        "value": 17
      },
      {
        "value": 0
      },
      {
        "value": 0
      },
      {
        "value": 0
      },
      {
        "value": 0
      },
      {
        "value": 0
      },
      {
        "value": 0
      },
      {
        "value": 0
      },
      {
        "value": 17
      },
      {
        "value": 0
      }
    ],
    [
      {
        "value": 2
      },
      {
        "value": 0
      },
      {
        "value": 0
      },
      {
        "value": 0
      },
      {
        "value": 0
      },
      {
        "value": 0
      },
      {
        "value": 0
      },
      {
        "value": 0
      },
      {
        "value": 2
      },
      {
        "value": 0
      }
    ],
    [
      {
        "value": 9
      },
      {
        "value": 0
      },
      {
        "value": 0
      },
      {
        "value": 0
      },
      {
        "value": 0
      },
      {
        "value": 0
      },
      {
        "value": 0
      },
      {
        "value": 0
      },
      {
        "value": 9
      },
      {
        "value": 0
      }
    ],
    [
      {
        "value": 2
      },
      {
        "value": 0
      },
      {
        "value": 0
      },
      {
        "value": 0
      },
      {
        "value": 0
      },
      {
        "value": 0
      },
      {
        "value": 0
      },
      {
        "value": 0
      },
      {
        "value": 2
      },
      {
        "value": 0
      }
    ],
    [
      {
        "value": 383
      },
      {
        "value": 56
      },
      {
        "value": 20
      },
      {
        "value": 1
      },
      {
        "value": 20
      },
      {
        "value": 4
      },
      {
        "value": 22
      },
      {
        "value": 1
      },
      {
        "value": 445
      },
      {
        "value": 62
      }
    ]
  ]
}