{
  "title": "number of shelters, beds, and women and children residents, provinces and territories, april 16, 2014",
  "top_root": {
    "name": "<TOP>",
    "value": "<TOP>",
    "type": "string",
    "line_idx": null,
    "children_dict": [
      {
        "name": "shelters",
        "value": "shelters",
        "type": "string",
        "children_dict": [],
        "line_idx": 0
      },
      {
        "name": "beds",
        "value": "beds",
        "type": "string",
        "children_dict": [],
        "line_idx": 1
      },
      {
        "name": "women residents",
        "value": "women residents",
        "type": "string",
        "children_dict": [],
        "line_idx": 2
      },
      {
        "name": "children residents",
        "value": "children residents",
        "type": "string",
        "children_dict": [],
        "line_idx": 3
      }
    ]
  },
  "left_root": {
    "name": "<LEFT>",
    "value": "<LEFT>",
    "type": "string",
    "line_idx": null,
    "children_dict": [
      {
        "name": "number",
        "value": "number",
        "type": "string",
        "children_dict": [
          {
            "name": "newfoundland and labrador",
            "value": "newfoundland and labrador",
            "type": "string",
            "children_dict": [],
            "line_idx": 0
          },
          {
            "name": "prince edward island",
            "value": "prince edward island",
            "type": "string",
            "children_dict": [],
            "line_idx": 1
          },
          {
            "name": "nova scotia",
            "value": "nova scotia",
            "type": "string",
            "children_dict": [],
            "line_idx": 2
          },
          {
            "name": "new brunswick",
            "value": "new brunswick",
            "type": "string",
            "children_dict": [],
            "line_idx": 3
          },
          {
            "name": "quebec",
            "value": "quebec",
            "type": "string",
            "children_dict": [],
            "line_idx": 4
          },
          {
            "name": "ontario",
            "value": "ontario",
            "type": "string",
            "children_dict": [],
            "line_idx": 5
          },
          {
            "name": "manitoba",
            "value": "manitoba",
            "type": "string",
            "children_dict": [],
            "line_idx": 6
          },
          {
            "name": "saskatchewan",
            "value": "saskatchewan",
            "type": "string",
            "children_dict": [],
            "line_idx": 7
          },
          {
            "name": "alberta",
            "value": "alberta",
            "type": "string",
            "children_dict": [],
            "line_idx": 8
          },
          {
            "name": "british columbia",
            "value": "british columbia",
            "type": "string",
            "children_dict": [],
            "line_idx": 9
          },
          {
            "name": "yukon",
            "value": "yukon",
            "type": "string",
            "children_dict": [],
            "line_idx": 10
          },
          {
            "name": "northwest territories",
            "value": "northwest territories",
            "type": "string",
            "children_dict": [],
            "line_idx": 11
          },
          {
            "name": "nunavut",
            "value": "nunavut",
            "type": "string",
            "children_dict": [],
            "line_idx": 12
          },
          {
            "name": "canada",
            "value": "canada",
            "type": "string",
            "children_dict": [],
            "line_idx": 13
          }
        ],
        "line_idx": null
      }
    ]
  },
  "data": [
    [
      {
        "value": 16
      },
      {
        "value": 220
      },
      {
        "value": 65
      },
      {
        "value": 26
      }
    ],
    [
      {
        "value": 6
      },
      {
        "value": 65
      },
      {
        "value": 15
      },
      {
        "value": 11
      }
    ],
    [
      {
        "value": 17
      },
      {
        "value": 264
      },
      {
        "value": 94
      },
      {
        "value": 84
      }
    ],
    [
      {
        "value": 25
      },
      {
        "value": 352
      },
      {
        "value": 97
      },
      {
        "value": 51
      }
    ],
    [
      {
        "value": 135
      },
      {
        "value": 1926
      },
      {
        "value": 846
      },
      {
        "value": 566
      }
    ],
    [
      {
        "value": 177
      },
      {
        "value": 4271
      },
      {
        "value": 1785
      },
      {
        "value": 1493
      }
    ],
    [
      {
        "value": 32
      },
      {
        "value": 926
      },
      {
        "value": 131
      },
      {
        "value": 144
      }
    ],
    [
      {
        "value": 29
      },
      {
        "value": 693
      },
      {
        "value": 219
      },
      {
        "value": 217
      }
    ],
    [
      {
        "value": 60
      },
      {
        "value": 1437
      },
      {
        "value": 482
      },
      {
        "value": 416
      }
    ],
    [
      {
        "value": 113
      },
      {
        "value": 1677
      },
      {
        "value": 683
      },
      {
        "value": 429
      }
    ],
    [
      {
        "value": 7
      },
      {
        "value": 81
      },
      {
        "value": 13
      },
      {
        "value": 6
      }
    ],
    [
      {
        "value": 6
      },
      {
        "value": 98
      },
      {
        "value": 27
      },
      {
        "value": 39
      }
    ],
    [
      {
        "value": 4
      },
      {
        "value": 48
      },
      {
        "value": 19
      },
      {
        "value": 11
      }
    ],
    [
      {
        "value": 627
      },
      {
        "value": 12058
      },
      {
        "value": 4476
      },
      {
        "value": 3493
      }
    ]
  ]
}