{
  "title": "club",
  "top_root": {
    "name": "<TOP>",
    "value": "<TOP>",
    "type": "string",
    "line_idx": null,
    "children_dict": [
      {
        "name": "league",
        "value": "league",
        "type": "string",
        "children_dict": [
          {
            "name": "division",
            "value": "division",
            "type": "string",
            "children_dict": [],
            "line_idx": 0
          },
          {
            "name": "apps",
            "value": "apps",
            "type": "string",
            "children_dict": [],
            "line_idx": 1
          },
          {
            "name": "goals",
            "value": "goals",
            "type": "string",
            "children_dict": [],
            "line_idx": 2
          }
        ],
        "line_idx": null
      },
      {
        "name": "cup",
        "value": "cup",
        "type": "string",
        "children_dict": [
          {
            "name": "apps",
            "value": "apps",
            "type": "string",
            "children_dict": [],
            "line_idx": 3
          },
          {
            "name": "goals",
            "value": "goals",
            "type": "string",
            "children_dict": [],
            "line_idx": 4
          }
        ],
        "line_idx": null
      },
      {
        "name": "continental",
        "value": "continental",
        "type": "string",
        "children_dict": [
          {
            "name": "apps",
            "value": "apps",
            "type": "string",
            "children_dict": [],
            "line_idx": 5
          },
          {
            "name": "goals",
            "value": "goals",
            "type": "string",
            "children_dict": [],
            "line_idx": 6
          }
        ],
        "line_idx": null
      }
    ]
  },
  "left_root": {
    "name": "<LEFT>",
    "value": "<LEFT>",
    "type": "string",
    "line_idx": null,
    "children_dict": [
      {
        "name": "leffe calcio",
        "value": "leffe calcio",
        "type": "string",
        "children_dict": [
          {
            "name": "1984-85",
            "value": "1984-85",
            "type": "string",
            "children_dict": [],
            "line_idx": 0
          },
          {
            "name": "1985-86",
            "value": "1985-86",
            "type": "string",
            "children_dict": [],
            "line_idx": 1
          }
        ],
        "line_idx": null
      },
      {
        "name": "total",
        "value": "total",
        "type": "string",
        "children_dict": [],
        "line_idx": 2
      },
      {
        "name": "piacenza",
        "value": "piacenza",
        "type": "string",
        "children_dict": [
          {
            "name": "1986-87",
            "value": "1986-87",
            "type": "string",
            "children_dict": [],
            "line_idx": 3
          }
        ],
        "line_idx": null
      },
      {
        "name": "total",
        "value": "total",
        "type": "string",
        "children_dict": [],
        "line_idx": 4
      },
      {
        "name": "trento",
        "value": "trento",
        "type": "string",
        "children_dict": [
          {
            "name": "1987-88",
            "value": "1987-88",
            "type": "string",
            "children_dict": [],
            "line_idx": 5
          }
        ],
        "line_idx": null
      },
      {
        "name": "total",
        "value": "total",
        "type": "string",
        "children_dict": [],
        "line_idx": 6
      },
      {
        "name": "piacenza",
        "value": "piacenza",
        "type": "string",
        "children_dict": [
          {
            "name": "1988-89",
            "value": "1988-89",
            "type": "string",
            "children_dict": [],
            "line_idx": 7
          }
        ],
        "line_idx": null
      },
      {
        "name": "total",
        "value": "total",
        "type": "string",
        "children_dict": [],
        "line_idx": 8
      },
      {
        "name": "foggia",
        "value": "foggia",
        "type": "string",
        "children_dict": [
          {
            "name": "1989-90",
            "value": "1989-90",
            "type": "string",
            "children_dict": [],
            "line_idx": 9
          },
          {
            "name": "1990-91",
            "value": "1990-91",
            "type": "string",
            "children_dict": [],
            "line_idx": 10
          },
          {
            "name": "1991-92",
            "value": "1991-92",
            "type": "string",
            "children_dict": [],
            "line_idx": 11
          }
        ],
        "line_idx": null
      },
      {
        "name": "total",
        "value": "total",
        "type": "string",
        "children_dict": [],
        "line_idx": 12
      },
      {
        "name": "lazio",
        "value": "lazio",
        "type": "string",
        "children_dict": [
          {
            "name": "1992-93",
            "value": "1992-93",
            "type": "string",
            "children_dict": [],
            "line_idx": 13
          },
          {
            "name": "1993-94",
            "value": "1993-94",
            "type": "string",
            "children_dict": [],
            "line_idx": 14
          },
          {
            "name": "1994-95",
            "value": "1994-95",
            "type": "string",
            "children_dict": [],
            "line_idx": 15
          },
          {
            "name": "1995-96",
            "value": "1995-96",
            "type": "string",
            "children_dict": [],
            "line_idx": 16
          },
          {
            "name": "1996-97",
            "value": "1996-97",
            "type": "string",
            "children_dict": [],
            "line_idx": 17
          },
          {
            "name": "1997-98",
            "value": "1997-98",
            "type": "string",
            "children_dict": [],
            "line_idx": 18
          }
        ],
        "line_idx": null
      },
      {
        "name": "total",
        "value": "total",
        "type": "string",
        "children_dict": [],
        "line_idx": 19
      },
      {
        "name": "sampdoria",
        "value": "sampdoria",
        "type": "string",
        "children_dict": [
          {
            "name": "1997-98",
            "value": "1997-98",
            "type": "string",
            "children_dict": [],
            "line_idx": 20
          }
        ],
        "line_idx": null
      },
      {
        "name": "total",
        "value": "total",
        "type": "string",
        "children_dict": [],
        "line_idx": 21
      },
      {
        "name": "bologna",
        "value": "bologna",
        "type": "string",
        "children_dict": [
          {
            "name": "1998-99",
            "value": "1998-99",
            "type": "string",
            "children_dict": [],
            "line_idx": 22
          },
          {
            "name": "1999-2000",
            "value": "1999-2000",
            "type": "string",
            "children_dict": [],
            "line_idx": 23
          },
          {
            "name": "2000-01",
            "value": "2000-01",
            "type": "string",
            "children_dict": [],
            "line_idx": 24
          },
          {
            "name": "2001-02",
            "value": "2001-02",
            "type": "string",
            "children_dict": [],
            "line_idx": 25
          },
          {
            "name": "2002-03",
            "value": "2002-03",
            "type": "string",
            "children_dict": [],
            "line_idx": 26
          },
          {
            "name": "2003-04",
            "value": "2003-04",
            "type": "string",
            "children_dict": [],
            "line_idx": 27
          }
        ],
        "line_idx": null
      },
      {
        "name": "total",
        "value": "total",
        "type": "string",
        "children_dict": [],
        "line_idx": 28
      },
      {
        "name": "career total",
        "value": "career total",
        "type": "string",
        "children_dict": [],
        "line_idx": 29
      }
    ]
  },
  "data": [
    [
      {
        "value": "serie d"
      },
      {
        "value": 8
      },
      {
        "value": 5
      },
      {
        "value": "-"
      },
      {
        "value": "-"
      },
      {
        "value": 8.0
      },
      {
        "value": 5.0
      }
    ],
    [
      {
        "value": "serie d"
      },
      {
        "value": 30
      },
      {
        "value": 3
      },
      {
        "value": "-"
      },
      {
        "value": "-"
      },
      {
        "value": 30.0
      },
      {
        "value": 3.0
      }
    ],
    [
      {
        "value": ""
      },
      {
        "value": 38
      },
      {
        "value": 8
      },
      {
        "value": "-"
      },
      {
        "value": "-"
      },
      {
        "value": 38.0
      },
      {
        "value": 8.0
      }
    ],
    [
      {
        "value": "serie c"
      },
      {
        "value": 14
      },
      {
        "value": 1
      },
      {
        "value": 3.0
      },
      {
        "value": 0.0
      },
      {
        "value": "-"
      },
      {
        "value": "-"
      }
    ],
    [
      {
        "value": ""
      },
      {
        "value": 14
      },
      {
        "value": 1
      },
      {
        "value": 3.0
      },
      {
        "value": 0.0
      },
      {
        "value": "-"
      },
      {
        "value": "-"
      }
    ],
    [
      {
        "value": "serie c"
      },
      {
        "value": 31
      },
      {
        "value": 3
      },
      {
        "value": "-"
      },
      {
        "value": "-"
      },
      {
        "value": 31.0
      },
      {
        "value": 3.0
      }
    ],
    [
      {
        "value": ""
      },
      {
        "value": 31
      },
      {
        "value": 3
      },
      {
        "value": "-"
      },
      {
        "value": "-"
      },
      {
        "value": 31.0
      },
      {
        "value": 3.0
      }
    ],
    [
      {
        "value": "serie b"
      },
      {
        "value": 32
      },
      {
        "value": 5
      },
      {
        "value": 5.0
      },
      {
        "value": 0.0
      },
      {
        "value": "-"
      },
      {
        "value": "-"
      }
    ],
    [
      {
        "value": ""
      },
      {
        "value": 32
      },
      {
        "value": 5
      },
      {
        "value": 5.0
      },
      {
        "value": 0.0
      },
      {
        "value": "-"
      },
      {
        "value": "-"
      }
    ],
    [
      {
        "value": "serie b"
      },
      {
        "value": 34
      },
      {
        "value": 15
      },
      {
        "value": "-"
      },
      {
        "value": "-"
      },
      {
        "value": 34.0
      },
      {
        "value": 15.0
      }
    ],
    [
      {
        "value": "serie b"
      },
      {
        "value": 34
      },
      {
        "value": 11
      },
      {
        "value": 3.0
      },
      {
        "value": 1.0
      },
      {
        "value": "-"
      },
      {
        "value": "-"
      }
    ],
    [
      {
        "value": "serie a"
      },
      {
        "value": 32
      },
      {
        "value": 11
      },
      {
        "value": 2.0
      },
      {
        "value": 0.0
      },
      {
        "value": "-"
      },
      {
        "value": "-"
      }
    ],
    [
      {
        "value": ""
      },
      {
        "value": 100
      },
      {
        "value": 37
      },
      {
        "value": 5.0
      },
      {
        "value": 1.0
      },
      {
        "value": "-"
      },
      {
        "value": "-"
      }
    ],
    [
      {
        "value": "serie a"
      },
      {
        "value": 32
      },
      {
        "value": 26
      },
      {
        "value": 6.0
      },
      {
        "value": 6.0
      },
      {
        "value": "-"
      },
      {
        "value": "-"
      }
    ],
    [
      {
        "value": "serie a"
      },
      {
        "value": 24
      },
      {
        "value": 23
      },
      {
        "value": 1.0
      },
      {
        "value": 0.0
      },
      {
        "value": 3.0
      },
      {
        "value": 0.0
      }
    ],
    [
      {
        "value": "serie a"
      },
      {
        "value": 27
      },
      {
        "value": 17
      },
      {
        "value": 5.0
      },
      {
        "value": 4.0
      },
      {
        "value": 7.0
      },
      {
        "value": 0.0
      }
    ],
    [
      {
        "value": "serie a"
      },
      {
        "value": 31
      },
      {
        "value": 24
      },
      {
        "value": 4.0
      },
      {
        "value": 1.0
      },
      {
        "value": 3.0
      },
      {
        "value": 1.0
      }
    ],
    [
      {
        "value": "serie a"
      },
      {
        "value": 32
      },
      {
        "value": 15
      },
      {
        "value": 4.0
      },
      {
        "value": 0.0
      },
      {
        "value": 3.0
      },
      {
        "value": 0.0
      }
    ],
    [
      {
        "value": "serie a"
      },
      {
        "value": 6
      },
      {
        "value": 2
      },
      {
        "value": 4.0
      },
      {
        "value": 5.0
      },
      {
        "value": 3.0
      },
      {
        "value": 2.0
      }
    ],
    [
      {
        "value": ""
      },
      {
        "value": 152
      },
      {
        "value": 107
      },
      {
        "value": 24.0
      },
      {
        "value": 16.0
      },
      {
        "value": 19.0
      },
      {
        "value": 3.0
      }
    ],
    [
      {
        "value": "serie a"
      },
      {
        "value": 17
      },
      {
        "value": 3
      },
      {
        "value": "-"
      },
      {
        "value": "-"
      },
      {
        "value": 17.0
      },
      {
        "value": 3.0
      }
    ],
    [
      {
        "value": ""
      },
      {
        "value": 17
      },
      {
        "value": 3
      },
      {
        "value": "-"
      },
      {
        "value": "-"
      },
      {
        "value": 17.0
      },
      {
        "value": 3.0
      }
    ],
    [
      {
        "value": "serie a"
      },
      {
        "value": 28
      },
      {
        "value": 15
      },
      {
        "value": 5.0
      },
      {
        "value": 1.0
      },
      {
        "value": 11.0
      },
      {
        "value": 6.0
      }
    ],
    [
      {
        "value": "serie a"
      },
      {
        "value": 31
      },
      {
        "value": 15
      },
      {
        "value": 1.0
      },
      {
        "value": 0.0
      },
      {
        "value": 6.0
      },
      {
        "value": 4.0
      }
    ],
    [
      {
        "value": "serie a"
      },
      {
        "value": 23
      },
      {
        "value": 15
      },
      {
        "value": 2.0
      },
      {
        "value": 1.0
      },
      {
        "value": "-"
      },
      {
        "value": "-"
      }
    ],
    [
      {
        "value": "serie a"
      },
      {
        "value": 14
      },
      {
        "value": 3
      },
      {
        "value": 1.0
      },
      {
        "value": 0.0
      },
      {
        "value": "-"
      },
      {
        "value": "-"
      }
    ],
    [
      {
        "value": "serie a"
      },
      {
        "value": 24
      },
      {
        "value": 12
      },
      {
        "value": "-"
      },
      {
        "value": "-"
      },
      {
        "value": 3.0
      },
      {
        "value": 2.0
      }
    ],
    [
      {
        "value": "serie a"
      },
      {
        "value": 22
      },
      {
        "value": 6
      },
      {
        "value": 1.0
      },
      {
        "value": 0.0
      },
      {
        "value": "-"
      },
      {
        "value": "-"
      }
    ],
    [
      {
        "value": ""
      },
      {
        "value": 142
      },
      {
        "value": 66
      },
      {
        "value": 10.0
      },
      {
        "value": 2.0
      },
      {
        "value": 20.0
      },
      {
        "value": 12.0
      }
    ],
    [
      {
        "value": ""
      },
      {
        "value": 526
      },
      {
        "value": 230
      },
      {
        "value": 47.0
      },
      {
        "value": 19.0
      },
      {
        "value": 39.0
      },
      {
        "value": 15.0
      }
    ]
  ]
}