{
  "title": "responses to household food security module questions for inuit aged 25 and over living in inuit nunangat, 2012",
  "top_root": {
    "name": "<TOP>",
    "value": "<TOP>",
    "type": "string",
    "line_idx": null,
    "children_dict": [
      {
        "name": "percentage",
        "value": "percentage",
        "type": "string",
        "children_dict": [],
        "line_idx": 0
      }
    ]
  },
  "left_root": {
    "name": "<LEFT>",
    "value": "<LEFT>",
    "type": "string",
    "line_idx": null,
    "children_dict": [
      {
        "name": "q1. food didn't last / no money to buy more",
        "value": "q1. food didn't last / no money to buy more",
        "type": "string",
        "children_dict": [
          {
            "name": "often true",
            "value": "often true",
            "type": "string",
            "children_dict": [],
            "line_idx": 1
          },
          {
            "name": "sometimes true",
            "value": "sometimes true",
            "type": "string",
            "children_dict": [],
            "line_idx": 2
          },
          {
            "name": "never true",
            "value": "never true",
            "type": "string",
            "children_dict": [],
            "line_idx": 3
          }
        ],
        "line_idx": 0
      },
      {
        "name": "q2. balanced meals unaffordable",
        "value": "q2. balanced meals unaffordable",
        "type": "string",
        "children_dict": [
          {
            "name": "often true",
            "value": "often true",
            "type": "string",
            "children_dict": [],
            "line_idx": 5
          },
          {
            "name": "sometimes true",
            "value": "sometimes true",
            "type": "string",
            "children_dict": [],
            "line_idx": 6
          },
          {
            "name": "never true",
            "value": "never true",
            "type": "string",
            "children_dict": [],
            "line_idx": 7
          }
        ],
        "line_idx": 4
      },
      {
        "name": "q3. meals skipped / cut meal size because there wasn't enough money to buy food",
        "value": "q3. meals skipped / cut meal size because there wasn't enough money to buy food",
        "type": "string",
        "children_dict": [
          {
            "name": "yes",
            "value": "yes",
            "type": "string",
            "children_dict": [],
            "line_idx": 9
          },
          {
            "name": "no",
            "value": "no",
            "type": "string",
            "children_dict": [],
            "line_idx": 10
          }
        ],
        "line_idx": 8
      },
      {
        "name": "q3a. frequency of meals skipped / cut meal size",
        "value": "q3a. frequency of meals skipped / cut meal size",
        "type": "string",
        "children_dict": [
          {
            "name": "almost every month",
            "value": "almost every month",
            "type": "string",
            "children_dict": [],
            "line_idx": 12
          },
          {
            "name": "some months but not every month",
            "value": "some months but not every month",
            "type": "string",
            "children_dict": [],
            "line_idx": 13
          },
          {
            "name": "only 1 or 2 months",
            "value": "only 1 or 2 months",
            "type": "string",
            "children_dict": [],
            "line_idx": 14
          }
        ],
        "line_idx": 11
      },
      {
        "name": "q4. ate less than you felt you should because there wasn't enough money to buy food",
        "value": "q4. ate less than you felt you should because there wasn't enough money to buy food",
        "type": "string",
        "children_dict": [
          {
            "name": "yes",
            "value": "yes",
            "type": "string",
            "children_dict": [],
            "line_idx": 16
          },
          {
            "name": "no",
            "value": "no",
            "type": "string",
            "children_dict": [],
            "line_idx": 17
          }
        ],
        "line_idx": 15
      },
      {
        "name": "q5. hungry but could not afford food",
        "value": "q5. hungry but could not afford food",
        "type": "string",
        "children_dict": [
          {
            "name": "yes",
            "value": "yes",
            "type": "string",
            "children_dict": [],
            "line_idx": 19
          },
          {
            "name": "no",
            "value": "no",
            "type": "string",
            "children_dict": [],
            "line_idx": 20
          }
        ],
        "line_idx": 18
      }
    ]
  },
  "data": [
    [
      {
        "value": ""
      }
    ],
    [
      {
        "value": 15.9
      }
    ],
    [
      {
        "value": 42.6
      }
    ],
    [
      {
        "value": 41.5
      }
    ],
    [
      {
        "value": ""
      }
    ],
    [
      {
        "value": 13.1
      }
    ],
    [
      {
        "value": 37.2
      }
    ],
    [
      {
        "value": 49.7
      }
    ],
    [
      {
        "value": ""
      }
    ],
    [
      {
        "value": 30.5
      }
    ],
    [
      {
        "value": 69.5
      }
    ],
    [
      {
        "value": ""
      }
    ],
    [
      {
        "value": 40.5
      }
    ],
    [
      {
        "value": 42.1
      }
    ],
    [
      {
        "value": 17.4
      }
    ],
    [
      {
        "value": ""
      }
    ],
    [
      {
        "value": 32.2
      }
    ],
    [
      {
        "value": 67.7
      }
    ],
    [
      {
        "value": ""
      }
    ],
    [
      {
        "value": 26.8
      }
    ],
    [
      {
        "value": 73.2
      }
    ]
  ]
}