{
  "title": "directions taken by enterprises of 2008 in 2014",
  "top_root": {
    "name": "<TOP>",
    "value": "<TOP>",
    "type": "string",
    "line_idx": null,
    "children_dict": [
      {
        "name": "all",
        "value": "all",
        "type": "string",
        "children_dict": [
          {
            "name": "number",
            "value": "number",
            "type": "string",
            "children_dict": [],
            "line_idx": 0
          },
          {
            "name": "proportion",
            "value": "proportion",
            "type": "string",
            "children_dict": [],
            "line_idx": 1
          }
        ],
        "line_idx": null
      },
      {
        "name": "sectors",
        "value": "sectors",
        "type": "string",
        "children_dict": [
          {
            "name": "service",
            "value": "service",
            "type": "string",
            "children_dict": [
              {
                "name": "number",
                "value": "number",
                "type": "string",
                "children_dict": [],
                "line_idx": 2
              },
              {
                "name": "proportion",
                "value": "proportion",
                "type": "string",
                "children_dict": [],
                "line_idx": 3
              }
            ],
            "line_idx": null
          },
          {
            "name": "manufacturing",
            "value": "manufacturing",
            "type": "string",
            "children_dict": [
              {
                "name": "number",
                "value": "number",
                "type": "string",
                "children_dict": [],
                "line_idx": 4
              },
              {
                "name": "proportion",
                "value": "proportion",
                "type": "string",
                "children_dict": [],
                "line_idx": 5
              }
            ],
            "line_idx": null
          },
          {
            "name": "other sector",
            "value": "other sector",
            "type": "string",
            "children_dict": [
              {
                "name": "number",
                "value": "number",
                "type": "string",
                "children_dict": [],
                "line_idx": 6
              },
              {
                "name": "proportion",
                "value": "proportion",
                "type": "string",
                "children_dict": [],
                "line_idx": 7
              }
            ],
            "line_idx": null
          }
        ],
        "line_idx": null
      }
    ]
  },
  "left_root": {
    "name": "<LEFT>",
    "value": "<LEFT>",
    "type": "string",
    "line_idx": null,
    "children_dict": [
      {
        "name": "no transition",
        "value": "no transition",
        "type": "string",
        "children_dict": [],
        "line_idx": 0
      },
      {
        "name": "increase",
        "value": "increase",
        "type": "string",
        "children_dict": [],
        "line_idx": 1
      },
      {
        "name": "decrease",
        "value": "decrease",
        "type": "string",
        "children_dict": [],
        "line_idx": 2
      },
      {
        "name": "attrition",
        "value": "attrition",
        "type": "string",
        "children_dict": [],
        "line_idx": 3
      },
      {
        "name": "total",
        "value": "total",
        "type": "string",
        "children_dict": [],
        "line_idx": 4
      }
    ]
  },
  "data": [
    [
      {
        "value": 488326.0
      },
      {
        "value": 47.5
      },
      {
        "value": 375276.0
      },
      {
        "value": 47.6
      },
      {
        "value": 24217.0
      },
      {
        "value": 47.3
      },
      {
        "value": 88833.0
      },
      {
        "value": 47.2
      }
    ],
    [
      {
        "value": 84347.0
      },
      {
        "value": 8.2
      },
      {
        "value": 63271.0
      },
      {
        "value": 8.0
      },
      {
        "value": 5589.0
      },
      {
        "value": 10.9
      },
      {
        "value": 15487.0
      },
      {
        "value": 8.2
      }
    ],
    [
      {
        "value": 72556.0
      },
      {
        "value": 7.1
      },
      {
        "value": 52756.0
      },
      {
        "value": 6.7
      },
      {
        "value": 6042.0
      },
      {
        "value": 11.8
      },
      {
        "value": 13758.0
      },
      {
        "value": 7.3
      }
    ],
    [
      {
        "value": 383168.0
      },
      {
        "value": 37.3
      },
      {
        "value": 297741.0
      },
      {
        "value": 37.7
      },
      {
        "value": 15390.0
      },
      {
        "value": 30.0
      },
      {
        "value": 70037.0
      },
      {
        "value": 37.2
      }
    ],
    [
      {
        "value": 1028397.0
      },
      {
        "value": 100.0
      },
      {
        "value": 789044.0
      },
      {
        "value": 100.0
      },
      {
        "value": 51238.0
      },
      {
        "value": 100.0
      },
      {
        "value": 188115.0
      },
      {
        "value": 100.0
      }
    ]
  ]
}