{
  "title": "table 2 total number of job vacancies and percentage of positions vacant for 90 days or more, by main industrial sector, 2016",
  "top_root": {
    "name": "<TOP>",
    "value": "<TOP>",
    "type": "string",
    "line_idx": null,
    "children_dict": [
      {
        "name": "number of job vacancies",
        "value": "number of job vacancies",
        "type": "string",
        "children_dict": [
          {
            "name": "thousands",
            "value": "thousands",
            "type": "string",
            "children_dict": [],
            "line_idx": 0
          }
        ],
        "line_idx": null
      },
      {
        "name": "job vacancy rate",
        "value": "job vacancy rate",
        "type": "string",
        "children_dict": [
          {
            "name": "percent",
            "value": "percent",
            "type": "string",
            "children_dict": [],
            "line_idx": 1
          }
        ],
        "line_idx": null
      },
      {
        "name": "percentage of positions vacant for 90 days or more",
        "value": "percentage of positions vacant for 90 days or more",
        "type": "string",
        "children_dict": [
          {
            "name": "percent",
            "value": "percent",
            "type": "string",
            "children_dict": [],
            "line_idx": 2
          }
        ],
        "line_idx": null
      },
      {
        "name": "long-term job vacancy rate",
        "value": "long-term job vacancy rate",
        "type": "string",
        "children_dict": [
          {
            "name": "percent",
            "value": "percent",
            "type": "string",
            "children_dict": [],
            "line_idx": 3
          }
        ],
        "line_idx": null
      }
    ]
  },
  "left_root": {
    "name": "<LEFT>",
    "value": "<LEFT>",
    "type": "string",
    "line_idx": null,
    "children_dict": [
      {
        "name": "main industrial sector",
        "value": "main industrial sector",
        "type": "string",
        "children_dict": [
          {
            "name": "construction",
            "value": "construction",
            "type": "string",
            "children_dict": [],
            "line_idx": 1
          },
          {
            "name": "manufacturing",
            "value": "manufacturing",
            "type": "string",
            "children_dict": [],
            "line_idx": 2
          },
          {
            "name": "wholesale trade",
            "value": "wholesale trade",
            "type": "string",
            "children_dict": [],
            "line_idx": 3
          },
          {
            "name": "retail trade",
            "value": "retail trade",
            "type": "string",
            "children_dict": [],
            "line_idx": 4
          },
          {
            "name": "transportation and warehousing",
            "value": "transportation and warehousing",
            "type": "string",
            "children_dict": [],
            "line_idx": 5
          },
          {
            "name": "professional, scientific and technical services",
            "value": "professional, scientific and technical services",
            "type": "string",
            "children_dict": [],
            "line_idx": 6
          },
          {
            "name": "administrative and support services",
            "value": "administrative and support services",
            "type": "string",
            "children_dict": [],
            "line_idx": 7
          },
          {
            "name": "educational services",
            "value": "educational services",
            "type": "string",
            "children_dict": [],
            "line_idx": 8
          },
          {
            "name": "health care and social assistance",
            "value": "health care and social assistance",
            "type": "string",
            "children_dict": [],
            "line_idx": 9
          },
          {
            "name": "accommodation and food services",
            "value": "accommodation and food services",
            "type": "string",
            "children_dict": [],
            "line_idx": 10
          },
          {
            "name": "other",
            "value": "other",
            "type": "string",
            "children_dict": [],
            "line_idx": 11
          }
        ],
        "line_idx": 0
      }
    ]
  },
  "data": [
    [
      {
        "value": 377.5
      },
      {
        "value": 2.4
      },
      {
        "value": 9.3
      },
      {
        "value": 0.23
      }
    ],
    [
      {
        "value": 24.2
      },
      {
        "value": 2.4
      },
      {
        "value": 8.6
      },
      {
        "value": 0.21
      }
    ],
    [
      {
        "value": 30.1
      },
      {
        "value": 2.0
      },
      {
        "value": 8.5
      },
      {
        "value": 0.17
      }
    ],
    [
      {
        "value": 15.1
      },
      {
        "value": 1.9
      },
      {
        "value": 9.6
      },
      {
        "value": 0.18
      }
    ],
    [
      {
        "value": 53.4
      },
      {
        "value": 2.7
      },
      {
        "value": 9.3
      },
      {
        "value": 0.25
      }
    ],
    [
      {
        "value": 17.4
      },
      {
        "value": 2.3
      },
      {
        "value": 9.5
      },
      {
        "value": 0.22
      }
    ],
    [
      {
        "value": 25.5
      },
      {
        "value": 2.9
      },
      {
        "value": 10.9
      },
      {
        "value": 0.31
      }
    ],
    [
      {
        "value": 30.7
      },
      {
        "value": 3.8
      },
      {
        "value": 6.3
      },
      {
        "value": 0.24
      }
    ],
    [
      {
        "value": 9.7
      },
      {
        "value": 0.8
      },
      {
        "value": 8.9
      },
      {
        "value": 0.07
      }
    ],
    [
      {
        "value": 37.9
      },
      {
        "value": 2.0
      },
      {
        "value": 13.7
      },
      {
        "value": 0.27
      }
    ],
    [
      {
        "value": 52.5
      },
      {
        "value": 4.0
      },
      {
        "value": 7.1
      },
      {
        "value": 0.28
      }
    ],
    [
      {
        "value": 80.9
      },
      {
        "value": 2.4
      },
      {
        "value": 9.9
      },
      {
        "value": 0.24
      }
    ]
  ]
}