{
  "title": "table 6 average hourly wage offered by characteristic and duration of vacant positions, 2016",
  "top_root": {
    "name": "<TOP>",
    "value": "<TOP>",
    "type": "string",
    "line_idx": null,
    "children_dict": [
      {
        "name": "all job vacancies",
        "value": "all job vacancies",
        "type": "string",
        "children_dict": [
          {
            "name": "vacant for less than 90 days",
            "value": "vacant for less than 90 days",
            "type": "string",
            "children_dict": [],
            "line_idx": 0
          },
          {
            "name": "vacant for 90 days or more",
            "value": "vacant for 90 days or more",
            "type": "string",
            "children_dict": [],
            "line_idx": 1
          }
        ],
        "line_idx": null
      },
      {
        "name": "full-time job vacancies",
        "value": "full-time job vacancies",
        "type": "string",
        "children_dict": [
          {
            "name": "vacant for less than 90 days",
            "value": "vacant for less than 90 days",
            "type": "string",
            "children_dict": [],
            "line_idx": 2
          },
          {
            "name": "vacant for 90 days or more",
            "value": "vacant for 90 days or more",
            "type": "string",
            "children_dict": [],
            "line_idx": 3
          }
        ],
        "line_idx": null
      }
    ]
  },
  "left_root": {
    "name": "<LEFT>",
    "value": "<LEFT>",
    "type": "string",
    "line_idx": null,
    "children_dict": [
      {
        "name": "dollars",
        "value": "dollars",
        "type": "string",
        "children_dict": [
          {
            "name": "all vacant positions",
            "value": "all vacant positions",
            "type": "string",
            "children_dict": [],
            "line_idx": 0
          },
          {
            "name": "main industrial sector",
            "value": "main industrial sector",
            "type": "string",
            "children_dict": [
              {
                "name": "construction",
                "value": "construction",
                "type": "string",
                "children_dict": [],
                "line_idx": 2
              },
              {
                "name": "manufacturing",
                "value": "manufacturing",
                "type": "string",
                "children_dict": [],
                "line_idx": 3
              },
              {
                "name": "wholesale trade",
                "value": "wholesale trade",
                "type": "string",
                "children_dict": [],
                "line_idx": 4
              },
              {
                "name": "retail trade",
                "value": "retail trade",
                "type": "string",
                "children_dict": [],
                "line_idx": 5
              },
              {
                "name": "transportation and warehousing",
                "value": "transportation and warehousing",
                "type": "string",
                "children_dict": [],
                "line_idx": 6
              },
              {
                "name": "professional, scientific and technical services",
                "value": "professional, scientific and technical services",
                "type": "string",
                "children_dict": [],
                "line_idx": 7
              },
              {
                "name": "administrative and support services",
                "value": "administrative and support services",
                "type": "string",
                "children_dict": [],
                "line_idx": 8
              },
              {
                "name": "educational services",
                "value": "educational services",
                "type": "string",
                "children_dict": [],
                "line_idx": 9
              },
              {
                "name": "health care and social assistance",
                "value": "health care and social assistance",
                "type": "string",
                "children_dict": [],
                "line_idx": 10
              },
              {
                "name": "accommodation and food services",
                "value": "accommodation and food services",
                "type": "string",
                "children_dict": [],
                "line_idx": 11
              },
              {
                "name": "other",
                "value": "other",
                "type": "string",
                "children_dict": [],
                "line_idx": 12
              }
            ],
            "line_idx": 1
          },
          {
            "name": "occupational category",
            "value": "occupational category",
            "type": "string",
            "children_dict": [
              {
                "name": "management",
                "value": "management",
                "type": "string",
                "children_dict": [],
                "line_idx": 14
              },
              {
                "name": "business, finance and administration",
                "value": "business, finance and administration",
                "type": "string",
                "children_dict": [],
                "line_idx": 15
              },
              {
                "name": "natural and applied sciences and related occupations",
                "value": "natural and applied sciences and related occupations",
                "type": "string",
                "children_dict": [],
                "line_idx": 16
              },
              {
                "name": "health",
                "value": "health",
                "type": "string",
                "children_dict": [],
                "line_idx": 17
              },
              {
                "name": "education, law and social, community and government services",
                "value": "education, law and social, community and government services",
                "type": "string",
                "children_dict": [],
                "line_idx": 18
              },
              {
                "name": "art, culture, recreation and sport",
                "value": "art, culture, recreation and sport",
                "type": "string",
                "children_dict": [],
                "line_idx": 19
              },
              {
                "name": "sales and service",
                "value": "sales and service",
                "type": "string",
                "children_dict": [],
                "line_idx": 20
              },
              {
                "name": "trades, transport and equipment operators and related occupations",
                "value": "trades, transport and equipment operators and related occupations",
                "type": "string",
                "children_dict": [],
                "line_idx": 21
              },
              {
                "name": "natural resources, agriculture and related production occupations",
                "value": "natural resources, agriculture and related production occupations",
                "type": "string",
                "children_dict": [],
                "line_idx": 22
              },
              {
                "name": "manufacturing and utilities",
                "value": "manufacturing and utilities",
                "type": "string",
                "children_dict": [],
                "line_idx": 23
              }
            ],
            "line_idx": 13
          },
          {
            "name": "level of education required",
            "value": "level of education required",
            "type": "string",
            "children_dict": [
              {
                "name": "no minimum level of education sought",
                "value": "no minimum level of education sought",
                "type": "string",
                "children_dict": [],
                "line_idx": 25
              },
              {
                "name": "high school diploma or equivalent",
                "value": "high school diploma or equivalent",
                "type": "string",
                "children_dict": [],
                "line_idx": 26
              },
              {
                "name": "apprenticeship or trades certificate or diploma",
                "value": "apprenticeship or trades certificate or diploma",
                "type": "string",
                "children_dict": [],
                "line_idx": 27
              },
              {
                "name": "college, cegep or other non-university certificate or diploma",
                "value": "college, cegep or other non-university certificate or diploma",
                "type": "string",
                "children_dict": [],
                "line_idx": 28
              },
              {
                "name": "university certificate or diploma below bachelor's degree",
                "value": "university certificate or diploma below bachelor's degree",
                "type": "string",
                "children_dict": [],
                "line_idx": 29
              },
              {
                "name": "bachelor's degree",
                "value": "bachelor's degree",
                "type": "string",
                "children_dict": [],
                "line_idx": 30
              },
              {
                "name": "university certificate or diploma above bachelor's degree",
                "value": "university certificate or diploma above bachelor's degree",
                "type": "string",
                "children_dict": [],
                "line_idx": 31
              }
            ],
            "line_idx": 24
          },
          {
            "name": "work experience required",
            "value": "work experience required",
            "type": "string",
            "children_dict": [
              {
                "name": "less than 1 year",
                "value": "less than 1 year",
                "type": "string",
                "children_dict": [],
                "line_idx": 33
              },
              {
                "name": "1 year to less than 3 years",
                "value": "1 year to less than 3 years",
                "type": "string",
                "children_dict": [],
                "line_idx": 34
              },
              {
                "name": "3 years to less than 5 years",
                "value": "3 years to less than 5 years",
                "type": "string",
                "children_dict": [],
                "line_idx": 35
              },
              {
                "name": "5 years to less than 8 years",
                "value": "5 years to less than 8 years",
                "type": "string",
                "children_dict": [],
                "line_idx": 36
              },
              {
                "name": "8 years or more",
                "value": "8 years or more",
                "type": "string",
                "children_dict": [],
                "line_idx": 37
              }
            ],
            "line_idx": 32
          }
        ],
        "line_idx": null
      }
    ]
  },
  "data": [
    [
      {
        "value": 19.63
      },
      {
        "value": 23.61
      },
      {
        "value": 21.94
      },
      {
        "value": 25.71
      }
    ],
    [
      {
        "value": ""
      },
      {
        "value": ""
      },
      {
        "value": ""
      },
      {
        "value": ""
      }
    ],
    [
      {
        "value": 22.19
      },
      {
        "value": 24.22
      },
      {
        "value": 22.53
      },
      {
        "value": 24.24
      }
    ],
    [
      {
        "value": 20.48
      },
      {
        "value": 27.04
      },
      {
        "value": 20.99
      },
      {
        "value": 27.35
      }
    ],
    [
      {
        "value": 22.34
      },
      {
        "value": 26.68
      },
      {
        "value": 23.13
      },
      {
        "value": 27.24
      }
    ],
    [
      {
        "value": 13.57
      },
      {
        "value": 13.71
      },
      {
        "value": 16.84
      },
      {
        "value": 18.64
      }
    ],
    [
      {
        "value": 20.95
      },
      {
        "value": 27.79
      },
      {
        "value": 22.47
      },
      {
        "value": 30.04
      }
    ],
    [
      {
        "value": 27.78
      },
      {
        "value": 32.71
      },
      {
        "value": 29.2
      },
      {
        "value": 33.23
      }
    ],
    [
      {
        "value": 17.11
      },
      {
        "value": 21.46
      },
      {
        "value": 17.99
      },
      {
        "value": 22.5
      }
    ],
    [
      {
        "value": 26.82
      },
      {
        "value": 29.64
      },
      {
        "value": 27.42
      },
      {
        "value": 31.11
      }
    ],
    [
      {
        "value": 22.95
      },
      {
        "value": 27.87
      },
      {
        "value": 24.61
      },
      {
        "value": 29.36
      }
    ],
    [
      {
        "value": 12.32
      },
      {
        "value": 14.28
      },
      {
        "value": 13.05
      },
      {
        "value": 14.8
      }
    ],
    [
      {
        "value": 22.11
      },
      {
        "value": 25.35
      },
      {
        "value": 24.17
      },
      {
        "value": 26.79
      }
    ],
    [
      {
        "value": ""
      },
      {
        "value": ""
      },
      {
        "value": ""
      },
      {
        "value": ""
      }
    ],
    [
      {
        "value": 33.89
      },
      {
        "value": 37.35
      },
      {
        "value": 35.3
      },
      {
        "value": 38.93
      }
    ],
    [
      {
        "value": 21.69
      },
      {
        "value": 24.17
      },
      {
        "value": 22.97
      },
      {
        "value": 25.65
      }
    ],
    [
      {
        "value": 29.54
      },
      {
        "value": 34.46
      },
      {
        "value": 29.75
      },
      {
        "value": 34.57
      }
    ],
    [
      {
        "value": 25.36
      },
      {
        "value": 29.65
      },
      {
        "value": 26.73
      },
      {
        "value": 30.72
      }
    ],
    [
      {
        "value": 23.88
      },
      {
        "value": 27.8
      },
      {
        "value": 25.41
      },
      {
        "value": 29.26
      }
    ],
    [
      {
        "value": 17.9
      },
      {
        "value": 20.98
      },
      {
        "value": 19.5
      },
      {
        "value": 22.39
      }
    ],
    [
      {
        "value": 13.45
      },
      {
        "value": 14.61
      },
      {
        "value": 14.97
      },
      {
        "value": 16.44
      }
    ],
    [
      {
        "value": 20.19
      },
      {
        "value": 22.06
      },
      {
        "value": 20.84
      },
      {
        "value": 22.43
      }
    ],
    [
      {
        "value": 14.88
      },
      {
        "value": 14.35
      },
      {
        "value": 15.08
      },
      {
        "value": 14.31
      }
    ],
    [
      {
        "value": 15.93
      },
      {
        "value": 18.47
      },
      {
        "value": 16.2
      },
      {
        "value": 18.64
      }
    ],
    [
      {
        "value": ""
      },
      {
        "value": ""
      },
      {
        "value": ""
      },
      {
        "value": ""
      }
    ],
    [
      {
        "value": 13.7
      },
      {
        "value": 15.24
      },
      {
        "value": 15.05
      },
      {
        "value": 16.72
      }
    ],
    [
      {
        "value": 15.45
      },
      {
        "value": 17.03
      },
      {
        "value": 16.59
      },
      {
        "value": 18.62
      }
    ],
    [
      {
        "value": 21.19
      },
      {
        "value": 21.8
      },
      {
        "value": 22.51
      },
      {
        "value": 22.5
      }
    ],
    [
      {
        "value": 23.05
      },
      {
        "value": 25.07
      },
      {
        "value": 24.06
      },
      {
        "value": 25.58
      }
    ],
    [
      {
        "value": 28.43
      },
      {
        "value": 32.49
      },
      {
        "value": 29.07
      },
      {
        "value": 33.77
      }
    ],
    [
      {
        "value": 34.4
      },
      {
        "value": 37.57
      },
      {
        "value": 34.87
      },
      {
        "value": 38.59
      }
    ],
    [
      {
        "value": 39.95
      },
      {
        "value": 44.46
      },
      {
        "value": 40.62
      },
      {
        "value": 44.9
      }
    ],
    [
      {
        "value": ""
      },
      {
        "value": ""
      },
      {
        "value": ""
      },
      {
        "value": ""
      }
    ],
    [
      {
        "value": 15.46
      },
      {
        "value": 18.93
      },
      {
        "value": 16.89
      },
      {
        "value": 21.4
      }
    ],
    [
      {
        "value": 18.24
      },
      {
        "value": 20.17
      },
      {
        "value": 19.16
      },
      {
        "value": 20.19
      }
    ],
    [
      {
        "value": 25.9
      },
      {
        "value": 26.36
      },
      {
        "value": 26.34
      },
      {
        "value": 26.23
      }
    ],
    [
      {
        "value": 32.48
      },
      {
        "value": 34.7
      },
      {
        "value": 32.84
      },
      {
        "value": 35.13
      }
    ],
    [
      {
        "value": 47.04
      },
      {
        "value": 50.9
      },
      {
        "value": 48.05
      },
      {
        "value": 50.85
      }
    ]
  ]
}