{
  "title": "results",
  "top_root": {
    "name": "<TOP>",
    "value": "<TOP>",
    "type": "string",
    "line_idx": null,
    "children_dict": [
      {
        "name": "press",
        "value": "press",
        "type": "string",
        "children_dict": [
          {
            "name": "1",
            "value": "1",
            "type": "string",
            "children_dict": [],
            "line_idx": 0
          },
          {
            "name": "2",
            "value": "2",
            "type": "string",
            "children_dict": [],
            "line_idx": 1
          },
          {
            "name": "3",
            "value": "3",
            "type": "string",
            "children_dict": [],
            "line_idx": 2
          }
        ],
        "line_idx": null
      },
      {
        "name": "snatch",
        "value": "snatch",
        "type": "string",
        "children_dict": [
          {
            "name": "1",
            "value": "1",
            "type": "string",
            "children_dict": [],
            "line_idx": 3
          },
          {
            "name": "2",
            "value": "2",
            "type": "string",
            "children_dict": [],
            "line_idx": 4
          },
          {
            "name": "3",
            "value": "3",
            "type": "string",
            "children_dict": [],
            "line_idx": 5
          }
        ],
        "line_idx": null
      },
      {
        "name": "clean & jerk",
        "value": "clean & jerk",
        "type": "string",
        "children_dict": [
          {
            "name": "1",
            "value": "1",
            "type": "string",
            "children_dict": [],
            "line_idx": 6
          },
          {
            "name": "2",
            "value": "2",
            "type": "string",
            "children_dict": [],
            "line_idx": 7
          },
          {
            "name": "3",
            "value": "3",
            "type": "string",
            "children_dict": [],
            "line_idx": 8
          }
        ],
        "line_idx": null
      },
      {
        "name": "total",
        "value": "total",
        "type": "string",
        "children_dict": [],
        "line_idx": 9
      }
    ]
  },
  "left_root": {
    "name": "<LEFT>",
    "value": "<LEFT>",
    "type": "string",
    "line_idx": null,
    "children_dict": [
      {
        "name": "1",
        "value": "1",
        "type": "string",
        "children_dict": [
          {
            "name": "louis hostin",
            "value": "louis hostin",
            "type": "string",
            "children_dict": [],
            "line_idx": 0
          }
        ],
        "line_idx": null
      },
      {
        "name": "2",
        "value": "2",
        "type": "string",
        "children_dict": [
          {
            "name": "svend olsen",
            "value": "svend olsen",
            "type": "string",
            "children_dict": [],
            "line_idx": 1
          }
        ],
        "line_idx": null
      },
      {
        "name": "3",
        "value": "3",
        "type": "string",
        "children_dict": [
          {
            "name": "henry duey",
            "value": "henry duey",
            "type": "string",
            "children_dict": [],
            "line_idx": 2
          }
        ],
        "line_idx": null
      },
      {
        "name": "4",
        "value": "4",
        "type": "string",
        "children_dict": [
          {
            "name": "bill good",
            "value": "bill good",
            "type": "string",
            "children_dict": [],
            "line_idx": 3
          }
        ],
        "line_idx": null
      }
    ]
  },
  "data": [
    [
      {
        "value": 97.5
      },
      {
        "value": "x"
      },
      {
        "value": 102.5
      },
      {
        "value": 105.0
      },
      {
        "value": 110.0
      },
      {
        "value": 112.5
      },
      {
        "value": 140.0
      },
      {
        "value": 145.0
      },
      {
        "value": 150.0
      },
      {
        "value": 365.0
      }
    ],
    [
      {
        "value": 95.0
      },
      {
        "value": 100.0
      },
      {
        "value": 102.5
      },
      {
        "value": 102.5
      },
      {
        "value": 107.5
      },
      {
        "value": "x"
      },
      {
        "value": 127.5
      },
      {
        "value": "x"
      },
      {
        "value": 132.5
      },
      {
        "value": 340.0
      }
    ],
    [
      {
        "value": 87.5
      },
      {
        "value": 92.5
      },
      {
        "value": "x"
      },
      {
        "value": 95.0
      },
      {
        "value": 100.0
      },
      {
        "value": 105.0
      },
      {
        "value": 127.5
      },
      {
        "value": "x"
      },
      {
        "value": 132.5
      },
      {
        "value": 330.0
      }
    ],
    [
      {
        "value": "x"
      },
      {
        "value": "x"
      },
      {
        "value": 95.0
      },
      {
        "value": "x"
      },
      {
        "value": 92.5
      },
      {
        "value": 97.5
      },
      {
        "value": "x"
      },
      {
        "value": 130.0
      },
      {
        "value": "x"
      },
      {
        "value": 322.5
      }
    ]
  ]
}