{
  "title": "socio-economic and demographic characteristics of the 2006 census-cmdb cohort (census long-form questionnaire, non-institutionalized population), all ages, canada, 2006 to 2011",
  "top_root": {
    "name": "<TOP>",
    "value": "<TOP>",
    "type": "string",
    "line_idx": null,
    "children_dict": [
      {
        "name": "weighted estimates",
        "value": "weighted estimates",
        "type": "string",
        "children_dict": [
          {
            "name": "first nations",
            "value": "first nations",
            "type": "string",
            "children_dict": [],
            "line_idx": 0
          },
          {
            "name": "metis",
            "value": "metis",
            "type": "string",
            "children_dict": [],
            "line_idx": 1
          },
          {
            "name": "inuit",
            "value": "inuit",
            "type": "string",
            "children_dict": [],
            "line_idx": 2
          },
          {
            "name": "visible minorities",
            "value": "visible minorities",
            "type": "string",
            "children_dict": [],
            "line_idx": 3
          },
          {
            "name": "non-aboriginal",
            "value": "non-aboriginal",
            "type": "string",
            "children_dict": [],
            "line_idx": 4
          }
        ],
        "line_idx": null
      }
    ]
  },
  "left_root": {
    "name": "<LEFT>",
    "value": "<LEFT>",
    "type": "string",
    "line_idx": null,
    "children_dict": [
      {
        "name": "unweighted number",
        "value": "unweighted number",
        "type": "string",
        "children_dict": [
          {
            "name": "number",
            "value": "number",
            "type": "string",
            "children_dict": [],
            "line_idx": 0
          }
        ],
        "line_idx": null
      },
      {
        "name": "average",
        "value": "average",
        "type": "string",
        "children_dict": [
          {
            "name": "average age",
            "value": "average age",
            "type": "string",
            "children_dict": [],
            "line_idx": 1
          }
        ],
        "line_idx": null
      },
      {
        "name": "median",
        "value": "median",
        "type": "string",
        "children_dict": [
          {
            "name": "median age",
            "value": "median age",
            "type": "string",
            "children_dict": [],
            "line_idx": 2
          }
        ],
        "line_idx": null
      },
      {
        "name": "percent",
        "value": "percent",
        "type": "string",
        "children_dict": [
          {
            "name": "female",
            "value": "female",
            "type": "string",
            "children_dict": [],
            "line_idx": 3
          },
          {
            "name": "less than high school education",
            "value": "less than high school education",
            "type": "string",
            "children_dict": [],
            "line_idx": 4
          },
          {
            "name": "marital status",
            "value": "marital status",
            "type": "string",
            "children_dict": [
              {
                "name": "divorced",
                "value": "divorced",
                "type": "string",
                "children_dict": [],
                "line_idx": 6
              },
              {
                "name": "legally married",
                "value": "legally married",
                "type": "string",
                "children_dict": [],
                "line_idx": 7
              },
              {
                "name": "separated, but still legally married",
                "value": "separated, but still legally married",
                "type": "string",
                "children_dict": [],
                "line_idx": 8
              },
              {
                "name": "never legally married",
                "value": "never legally married",
                "type": "string",
                "children_dict": [],
                "line_idx": 9
              },
              {
                "name": "widowed",
                "value": "widowed",
                "type": "string",
                "children_dict": [],
                "line_idx": 10
              },
              {
                "name": "employed",
                "value": "employed",
                "type": "string",
                "children_dict": [],
                "line_idx": 11
              }
            ],
            "line_idx": 5
          },
          {
            "name": "household income quintile",
            "value": "household income quintile",
            "type": "string",
            "children_dict": [
              {
                "name": "quintile 1",
                "value": "quintile 1",
                "type": "string",
                "children_dict": [],
                "line_idx": 13
              },
              {
                "name": "quintile 2",
                "value": "quintile 2",
                "type": "string",
                "children_dict": [],
                "line_idx": 14
              },
              {
                "name": "quintile 3",
                "value": "quintile 3",
                "type": "string",
                "children_dict": [],
                "line_idx": 15
              },
              {
                "name": "quintile 4",
                "value": "quintile 4",
                "type": "string",
                "children_dict": [],
                "line_idx": 16
              },
              {
                "name": "quintile 5",
                "value": "quintile 5",
                "type": "string",
                "children_dict": [],
                "line_idx": 17
              }
            ],
            "line_idx": 12
          }
        ],
        "line_idx": null
      },
      {
        "name": "number",
        "value": "number",
        "type": "string",
        "children_dict": [
          {
            "name": "number of deaths",
            "value": "number of deaths",
            "type": "string",
            "children_dict": [],
            "line_idx": 18
          }
        ],
        "line_idx": null
      }
    ]
  },
  "data": [
    [
      {
        "value": 386200.0
      },
      {
        "value": 90400.0
      },
      {
        "value": 42400.0
      },
      {
        "value": 979200.0
      },
      {
        "value": 5939800.0
      }
    ],
    [
      {
        "value": 27.9
      },
      {
        "value": 30.9
      },
      {
        "value": 25.3
      },
      {
        "value": 32.9
      },
      {
        "value": 38.6
      }
    ],
    [
      {
        "value": 23.9
      },
      {
        "value": 28.5
      },
      {
        "value": 20.5
      },
      {
        "value": 31.6
      },
      {
        "value": 38.7
      }
    ],
    [
      {
        "value": 51.6
      },
      {
        "value": 50.4
      },
      {
        "value": 50.4
      },
      {
        "value": 51.4
      },
      {
        "value": 50.9
      }
    ],
    [
      {
        "value": 41.2
      },
      {
        "value": 29.3
      },
      {
        "value": 53.2
      },
      {
        "value": 16.8
      },
      {
        "value": 20.1
      }
    ],
    [
      {
        "value": ""
      },
      {
        "value": ""
      },
      {
        "value": ""
      },
      {
        "value": ""
      },
      {
        "value": ""
      }
    ],
    [
      {
        "value": 9.3
      },
      {
        "value": 11.8
      },
      {
        "value": 4.4
      },
      {
        "value": 5.8
      },
      {
        "value": 9.6
      }
    ],
    [
      {
        "value": 36.7
      },
      {
        "value": 47.2
      },
      {
        "value": 40.4
      },
      {
        "value": 66.4
      },
      {
        "value": 57.8
      }
    ],
    [
      {
        "value": 5.9
      },
      {
        "value": 5.6
      },
      {
        "value": 3.2
      },
      {
        "value": 3.4
      },
      {
        "value": 3.5
      }
    ],
    [
      {
        "value": 42.8
      },
      {
        "value": 31.2
      },
      {
        "value": 46.6
      },
      {
        "value": 20.0
      },
      {
        "value": 22.4
      }
    ],
    [
      {
        "value": 5.3
      },
      {
        "value": 4.2
      },
      {
        "value": 5.4
      },
      {
        "value": 4.5
      },
      {
        "value": 6.8
      }
    ],
    [
      {
        "value": 59.9
      },
      {
        "value": 74.0
      },
      {
        "value": 60.8
      },
      {
        "value": 74.8
      },
      {
        "value": 81.2
      }
    ],
    [
      {
        "value": ""
      },
      {
        "value": ""
      },
      {
        "value": ""
      },
      {
        "value": ""
      },
      {
        "value": ""
      }
    ],
    [
      {
        "value": 48.3
      },
      {
        "value": 26.4
      },
      {
        "value": 33.7
      },
      {
        "value": 27.2
      },
      {
        "value": 16.8
      }
    ],
    [
      {
        "value": 21.5
      },
      {
        "value": 22.4
      },
      {
        "value": 26.7
      },
      {
        "value": 22.9
      },
      {
        "value": 20.0
      }
    ],
    [
      {
        "value": 13.7
      },
      {
        "value": 19.6
      },
      {
        "value": 17.9
      },
      {
        "value": 19.4
      },
      {
        "value": 20.8
      }
    ],
    [
      {
        "value": 9.9
      },
      {
        "value": 18.0
      },
      {
        "value": 13.0
      },
      {
        "value": 16.4
      },
      {
        "value": 21.1
      }
    ],
    [
      {
        "value": 6.5
      },
      {
        "value": 13.6
      },
      {
        "value": 8.7
      },
      {
        "value": 14.1
      },
      {
        "value": 21.3
      }
    ],
    [
      {
        "value": 17130.0
      },
      {
        "value": 7940.0
      },
      {
        "value": 1295.0
      },
      {
        "value": 60315.0
      },
      {
        "value": 975160.0
      }
    ]
  ]
}