{
  "title": "census undercoverage rates and record linkage rates by age group and sex, canada, 2006 to 2011",
  "top_root": {
    "name": "<TOP>",
    "value": "<TOP>",
    "type": "string",
    "line_idx": null,
    "children_dict": [
      {
        "name": "census undercoverage rate",
        "value": "census undercoverage rate",
        "type": "string",
        "children_dict": [
          {
            "name": "both sexes",
            "value": "both sexes",
            "type": "string",
            "children_dict": [],
            "line_idx": 0
          },
          {
            "name": "male",
            "value": "male",
            "type": "string",
            "children_dict": [],
            "line_idx": 1
          },
          {
            "name": "female",
            "value": "female",
            "type": "string",
            "children_dict": [],
            "line_idx": 2
          }
        ],
        "line_idx": null
      },
      {
        "name": "linkage rate",
        "value": "linkage rate",
        "type": "string",
        "children_dict": [
          {
            "name": "both sexes",
            "value": "both sexes",
            "type": "string",
            "children_dict": [],
            "line_idx": 3
          },
          {
            "name": "male",
            "value": "male",
            "type": "string",
            "children_dict": [],
            "line_idx": 4
          },
          {
            "name": "female",
            "value": "female",
            "type": "string",
            "children_dict": [],
            "line_idx": 5
          }
        ],
        "line_idx": null
      }
    ]
  },
  "left_root": {
    "name": "<LEFT>",
    "value": "<LEFT>",
    "type": "string",
    "line_idx": null,
    "children_dict": [
      {
        "name": "percent",
        "value": "percent",
        "type": "string",
        "children_dict": [
          {
            "name": "total",
            "value": "total",
            "type": "string",
            "children_dict": [],
            "line_idx": 0
          },
          {
            "name": "age group",
            "value": "age group",
            "type": "string",
            "children_dict": [
              {
                "name": "0 to 4",
                "value": "0 to 4",
                "type": "string",
                "children_dict": [],
                "line_idx": 2
              },
              {
                "name": "5 to 14",
                "value": "5 to 14",
                "type": "string",
                "children_dict": [],
                "line_idx": 3
              },
              {
                "name": "15 to 17",
                "value": "15 to 17",
                "type": "string",
                "children_dict": [],
                "line_idx": 4
              },
              {
                "name": "18 to 19",
                "value": "18 to 19",
                "type": "string",
                "children_dict": [],
                "line_idx": 5
              },
              {
                "name": "20 to 24",
                "value": "20 to 24",
                "type": "string",
                "children_dict": [],
                "line_idx": 6
              },
              {
                "name": "25 to 34",
                "value": "25 to 34",
                "type": "string",
                "children_dict": [],
                "line_idx": 7
              },
              {
                "name": "35 to 44",
                "value": "35 to 44",
                "type": "string",
                "children_dict": [],
                "line_idx": 8
              },
              {
                "name": "45 to 54",
                "value": "45 to 54",
                "type": "string",
                "children_dict": [],
                "line_idx": 9
              },
              {
                "name": "55 to 64",
                "value": "55 to 64",
                "type": "string",
                "children_dict": [],
                "line_idx": 10
              },
              {
                "name": "65 and older",
                "value": "65 and older",
                "type": "string",
                "children_dict": [],
                "line_idx": 11
              }
            ],
            "line_idx": 1
          }
        ],
        "line_idx": null
      }
    ]
  },
  "data": [
    [
      {
        "value": 2.7
      },
      {
        "value": 3.9
      },
      {
        "value": 1.5
      },
      {
        "value": 89.0
      },
      {
        "value": 88.0
      },
      {
        "value": 89.0
      }
    ],
    [
      {
        "value": ""
      },
      {
        "value": ""
      },
      {
        "value": ""
      },
      {
        "value": ""
      },
      {
        "value": ""
      },
      {
        "value": ""
      }
    ],
    [
      {
        "value": 2.7
      },
      {
        "value": 2.9
      },
      {
        "value": 2.5
      },
      {
        "value": 79.0
      },
      {
        "value": 80.0
      },
      {
        "value": 77.0
      }
    ],
    [
      {
        "value": 0.9
      },
      {
        "value": 0.8
      },
      {
        "value": 0.9
      },
      {
        "value": 85.0
      },
      {
        "value": 85.0
      },
      {
        "value": 84.0
      }
    ],
    [
      {
        "value": -0.8
      },
      {
        "value": -0.5
      },
      {
        "value": -1.1
      },
      {
        "value": 82.0
      },
      {
        "value": 83.0
      },
      {
        "value": 82.0
      }
    ],
    [
      {
        "value": 6.2
      },
      {
        "value": 7.8
      },
      {
        "value": 4.5
      },
      {
        "value": 77.0
      },
      {
        "value": 77.0
      },
      {
        "value": 76.0
      }
    ],
    [
      {
        "value": 7.6
      },
      {
        "value": 9.5
      },
      {
        "value": 5.7
      },
      {
        "value": 70.0
      },
      {
        "value": 70.0
      },
      {
        "value": 72.0
      }
    ],
    [
      {
        "value": 8.0
      },
      {
        "value": 9.9
      },
      {
        "value": 6.1
      },
      {
        "value": 71.0
      },
      {
        "value": 69.0
      },
      {
        "value": 74.0
      }
    ],
    [
      {
        "value": 4.3
      },
      {
        "value": 6.7
      },
      {
        "value": 1.9
      },
      {
        "value": 77.0
      },
      {
        "value": 74.0
      },
      {
        "value": 81.0
      }
    ],
    [
      {
        "value": 1.5
      },
      {
        "value": 3.0
      },
      {
        "value": 0.0
      },
      {
        "value": 84.0
      },
      {
        "value": 82.0
      },
      {
        "value": 88.0
      }
    ],
    [
      {
        "value": -0.3
      },
      {
        "value": 0.8
      },
      {
        "value": -1.4
      },
      {
        "value": 89.0
      },
      {
        "value": 88.0
      },
      {
        "value": 91.0
      }
    ],
    [
      {
        "value": -1.4
      },
      {
        "value": -1.7
      },
      {
        "value": -1.1
      },
      {
        "value": 90.0
      },
      {
        "value": 91.0
      },
      {
        "value": 89.0
      }
    ]
  ]
}