{
  "title": "prevalence of multiple sclerosis per 100,000 population, by selected characteristics, household population (2010/2011) and residents of long-term care institutions (2011/2012), canada",
  "top_root": {
    "name": "<TOP>",
    "value": "<TOP>",
    "type": "string",
    "line_idx": null,
    "children_dict": [
      {
        "name": "prevalence per 100,000 population",
        "value": "prevalence per 100,000 population",
        "type": "string",
        "children_dict": [],
        "line_idx": 0
      },
      {
        "name": "95% confidence interval",
        "value": "95% confidence interval",
        "type": "string",
        "children_dict": [
          {
            "name": "from",
            "value": "from",
            "type": "string",
            "children_dict": [],
            "line_idx": 1
          },
          {
            "name": "to",
            "value": "to",
            "type": "string",
            "children_dict": [],
            "line_idx": 2
          }
        ],
        "line_idx": null
      }
    ]
  },
  "left_root": {
    "name": "<LEFT>",
    "value": "<LEFT>",
    "type": "string",
    "line_idx": null,
    "children_dict": [
      {
        "name": "households",
        "value": "households",
        "type": "string",
        "children_dict": [
          {
            "name": "total",
            "value": "total",
            "type": "string",
            "children_dict": [
              {
                "name": "multiple sclerosis and other neurological conditions",
                "value": "multiple sclerosis and other neurological conditions",
                "type": "string",
                "children_dict": [],
                "line_idx": 2
              },
              {
                "name": "multiple sclerosis without other neurological conditions",
                "value": "multiple sclerosis without other neurological conditions",
                "type": "string",
                "children_dict": [],
                "line_idx": 3
              }
            ],
            "line_idx": 1
          },
          {
            "name": "sex",
            "value": "sex",
            "type": "string",
            "children_dict": [
              {
                "name": "males",
                "value": "males",
                "type": "string",
                "children_dict": [],
                "line_idx": 5
              },
              {
                "name": "females",
                "value": "females",
                "type": "string",
                "children_dict": [],
                "line_idx": 6
              }
            ],
            "line_idx": 4
          },
          {
            "name": "age group",
            "value": "age group",
            "type": "string",
            "children_dict": [
              {
                "name": "0 to 17",
                "value": "0 to 17",
                "type": "string",
                "children_dict": [],
                "line_idx": 8
              },
              {
                "name": "18 to 44",
                "value": "18 to 44",
                "type": "string",
                "children_dict": [],
                "line_idx": 9
              },
              {
                "name": "45 to 64",
                "value": "45 to 64",
                "type": "string",
                "children_dict": [],
                "line_idx": 10
              },
              {
                "name": "65 to 79",
                "value": "65 to 79",
                "type": "string",
                "children_dict": [],
                "line_idx": 11
              },
              {
                "name": "65 or older",
                "value": "65 or older",
                "type": "string",
                "children_dict": [],
                "line_idx": 12
              }
            ],
            "line_idx": 7
          }
        ],
        "line_idx": 0
      },
      {
        "name": "institutions",
        "value": "institutions",
        "type": "string",
        "children_dict": [
          {
            "name": "total",
            "value": "total",
            "type": "string",
            "children_dict": [],
            "line_idx": 14
          },
          {
            "name": "sex",
            "value": "sex",
            "type": "string",
            "children_dict": [
              {
                "name": "males",
                "value": "males",
                "type": "string",
                "children_dict": [],
                "line_idx": 16
              },
              {
                "name": "females",
                "value": "females",
                "type": "string",
                "children_dict": [],
                "line_idx": 17
              }
            ],
            "line_idx": 15
          },
          {
            "name": "age group",
            "value": "age group",
            "type": "string",
            "children_dict": [
              {
                "name": "0 to 17",
                "value": "0 to 17",
                "type": "string",
                "children_dict": [],
                "line_idx": 19
              },
              {
                "name": "18 to 44",
                "value": "18 to 44",
                "type": "string",
                "children_dict": [],
                "line_idx": 20
              },
              {
                "name": "45 to 64",
                "value": "45 to 64",
                "type": "string",
                "children_dict": [],
                "line_idx": 21
              },
              {
                "name": "65 to 79",
                "value": "65 to 79",
                "type": "string",
                "children_dict": [],
                "line_idx": 22
              },
              {
                "name": "65 or older",
                "value": "65 or older",
                "type": "string",
                "children_dict": [],
                "line_idx": 23
              }
            ],
            "line_idx": 18
          }
        ],
        "line_idx": 13
      }
    ]
  },
  "data": [
    [
      {
        "value": ""
      },
      {
        "value": ""
      },
      {
        "value": ""
      }
    ],
    [
      {
        "value": 290.0
      },
      {
        "value": 258.0
      },
      {
        "value": 325.0
      }
    ],
    [
      {
        "value": 92.0
      },
      {
        "value": 71.0
      },
      {
        "value": 119.0
      }
    ],
    [
      {
        "value": 197.0
      },
      {
        "value": 175.0
      },
      {
        "value": 223.0
      }
    ],
    [
      {
        "value": ""
      },
      {
        "value": ""
      },
      {
        "value": ""
      }
    ],
    [
      {
        "value": 159.0
      },
      {
        "value": 125.0
      },
      {
        "value": 201.0
      }
    ],
    [
      {
        "value": 418.0
      },
      {
        "value": 367.0
      },
      {
        "value": 477.0
      }
    ],
    [
      {
        "value": ""
      },
      {
        "value": ""
      },
      {
        "value": ""
      }
    ],
    [
      {
        "value": ""
      },
      {
        "value": ""
      },
      {
        "value": ""
      }
    ],
    [
      {
        "value": 233.0
      },
      {
        "value": 188.0
      },
      {
        "value": 290.0
      }
    ],
    [
      {
        "value": 478.0
      },
      {
        "value": 417.0
      },
      {
        "value": 548.0
      }
    ],
    [
      {
        "value": 470.0
      },
      {
        "value": 333.0
      },
      {
        "value": 663.0
      }
    ],
    [
      {
        "value": 267.0
      },
      {
        "value": 149.0
      },
      {
        "value": 479.0
      }
    ],
    [
      {
        "value": ""
      },
      {
        "value": ""
      },
      {
        "value": ""
      }
    ],
    [
      {
        "value": 1460.0
      },
      {
        "value": 1380.0
      },
      {
        "value": 1540.0
      }
    ],
    [
      {
        "value": ""
      },
      {
        "value": ""
      },
      {
        "value": ""
      }
    ],
    [
      {
        "value": 1300.0
      },
      {
        "value": 1200.0
      },
      {
        "value": 1400.0
      }
    ],
    [
      {
        "value": 1540.0
      },
      {
        "value": 1450.0
      },
      {
        "value": 1620.0
      }
    ],
    [
      {
        "value": ""
      },
      {
        "value": ""
      },
      {
        "value": ""
      }
    ],
    [
      {
        "value": ""
      },
      {
        "value": ""
      },
      {
        "value": ""
      }
    ],
    [
      {
        "value": 2130.0
      },
      {
        "value": 1820.0
      },
      {
        "value": 2440.0
      }
    ],
    [
      {
        "value": 6910.0
      },
      {
        "value": 6450.0
      },
      {
        "value": 7380.0
      }
    ],
    [
      {
        "value": 2540.0
      },
      {
        "value": 2380.0
      },
      {
        "value": 2700.0
      }
    ],
    [
      {
        "value": 300.0
      },
      {
        "value": 270.0
      },
      {
        "value": 330.0
      }
    ]
  ]
}