{
  "title": "percentage reporting impacts on life and limitations, household population with multiple sclerosis\u2020 aged 15 or older, canada excluding territories, 2011",
  "top_root": {
    "name": "<TOP>",
    "value": "<TOP>",
    "type": "string",
    "line_idx": null,
    "children_dict": [
      {
        "name": "%",
        "value": "%",
        "type": "string",
        "children_dict": [],
        "line_idx": 0
      },
      {
        "name": "95% confidence interval",
        "value": "95% confidence interval",
        "type": "string",
        "children_dict": [
          {
            "name": "from",
            "value": "from",
            "type": "string",
            "children_dict": [],
            "line_idx": 1
          },
          {
            "name": "to",
            "value": "to",
            "type": "string",
            "children_dict": [],
            "line_idx": 2
          }
        ],
        "line_idx": null
      }
    ]
  },
  "left_root": {
    "name": "<LEFT>",
    "value": "<LEFT>",
    "type": "string",
    "line_idx": null,
    "children_dict": [
      {
        "name": "overall, how much multiple sclerosis affects life",
        "value": "overall, how much multiple sclerosis affects life",
        "type": "string",
        "children_dict": [
          {
            "name": "not at all",
            "value": "not at all",
            "type": "string",
            "children_dict": [],
            "line_idx": 1
          },
          {
            "name": "a little bit",
            "value": "a little bit",
            "type": "string",
            "children_dict": [],
            "line_idx": 2
          },
          {
            "name": "moderately",
            "value": "moderately",
            "type": "string",
            "children_dict": [],
            "line_idx": 3
          },
          {
            "name": "quite a bit",
            "value": "quite a bit",
            "type": "string",
            "children_dict": [],
            "line_idx": 4
          },
          {
            "name": "extremely",
            "value": "extremely",
            "type": "string",
            "children_dict": [],
            "line_idx": 5
          }
        ],
        "line_idx": 0
      },
      {
        "name": "functional impact",
        "value": "functional impact",
        "type": "string",
        "children_dict": [
          {
            "name": "mobility",
            "value": "mobility",
            "type": "string",
            "children_dict": [
              {
                "name": "able to walk without aid",
                "value": "able to walk without aid",
                "type": "string",
                "children_dict": [],
                "line_idx": 8
              },
              {
                "name": "able to walk with aid",
                "value": "able to walk with aid",
                "type": "string",
                "children_dict": [],
                "line_idx": 9
              },
              {
                "name": "unable to walk",
                "value": "unable to walk",
                "type": "string",
                "children_dict": [],
                "line_idx": 10
              }
            ],
            "line_idx": 7
          },
          {
            "name": "pain",
            "value": "pain",
            "type": "string",
            "children_dict": [
              {
                "name": "usually free of pain",
                "value": "usually free of pain",
                "type": "string",
                "children_dict": [],
                "line_idx": 12
              },
              {
                "name": "pain prevents none/a few activities",
                "value": "pain prevents none/a few activities",
                "type": "string",
                "children_dict": [],
                "line_idx": 13
              },
              {
                "name": "pain prevents some/most activities",
                "value": "pain prevents some/most activities",
                "type": "string",
                "children_dict": [],
                "line_idx": 14
              }
            ],
            "line_idx": 11
          },
          {
            "name": "limited getting a good night's sleep",
            "value": "limited getting a good night's sleep",
            "type": "string",
            "children_dict": [
              {
                "name": "not at all",
                "value": "not at all",
                "type": "string",
                "children_dict": [],
                "line_idx": 16
              },
              {
                "name": "a little bit/moderately",
                "value": "a little bit/moderately",
                "type": "string",
                "children_dict": [],
                "line_idx": 17
              },
              {
                "name": "quite a bit/extremely",
                "value": "quite a bit/extremely",
                "type": "string",
                "children_dict": [],
                "line_idx": 18
              }
            ],
            "line_idx": 15
          },
          {
            "name": "cognition",
            "value": "cognition",
            "type": "string",
            "children_dict": [
              {
                "name": "able to remember and think",
                "value": "able to remember and think",
                "type": "string",
                "children_dict": [],
                "line_idx": 20
              },
              {
                "name": "at least some difficulty remembering and thinking",
                "value": "at least some difficulty remembering and thinking",
                "type": "string",
                "children_dict": [],
                "line_idx": 21
              }
            ],
            "line_idx": 19
          }
        ],
        "line_idx": 6
      },
      {
        "name": "social impact",
        "value": "social impact",
        "type": "string",
        "children_dict": [
          {
            "name": "prevented from driving",
            "value": "prevented from driving",
            "type": "string",
            "children_dict": [
              {
                "name": "yes",
                "value": "yes",
                "type": "string",
                "children_dict": [],
                "line_idx": 24
              },
              {
                "name": "no",
                "value": "no",
                "type": "string",
                "children_dict": [],
                "line_idx": 25
              }
            ],
            "line_idx": 23
          },
          {
            "name": "limited educational opportunities",
            "value": "limited educational opportunities",
            "type": "string",
            "children_dict": [
              {
                "name": "not at all",
                "value": "not at all",
                "type": "string",
                "children_dict": [],
                "line_idx": 27
              },
              {
                "name": "a little bit/moderately",
                "value": "a little bit/moderately",
                "type": "string",
                "children_dict": [],
                "line_idx": 28
              },
              {
                "name": "quite a bit/extremely",
                "value": "quite a bit/extremely",
                "type": "string",
                "children_dict": [],
                "line_idx": 29
              }
            ],
            "line_idx": 26
          },
          {
            "name": "limited job opportunities",
            "value": "limited job opportunities",
            "type": "string",
            "children_dict": [
              {
                "name": "not at all",
                "value": "not at all",
                "type": "string",
                "children_dict": [],
                "line_idx": 31
              },
              {
                "name": "a little bit/moderately",
                "value": "a little bit/moderately",
                "type": "string",
                "children_dict": [],
                "line_idx": 32
              },
              {
                "name": "quite a bit/extremely",
                "value": "quite a bit/extremely",
                "type": "string",
                "children_dict": [],
                "line_idx": 33
              }
            ],
            "line_idx": 30
          }
        ],
        "line_idx": 22
      },
      {
        "name": "social interactions",
        "value": "social interactions",
        "type": "string",
        "children_dict": [
          {
            "name": "negative feelings about social interactions",
            "value": "negative feelings about social interactions",
            "type": "string",
            "children_dict": [
              {
                "name": "sometimes/often/always",
                "value": "sometimes/often/always",
                "type": "string",
                "children_dict": [],
                "line_idx": 36
              },
              {
                "name": "rarely/never",
                "value": "rarely/never",
                "type": "string",
                "children_dict": [],
                "line_idx": 37
              }
            ],
            "line_idx": 35
          },
          {
            "name": "embarrassed",
            "value": "embarrassed",
            "type": "string",
            "children_dict": [
              {
                "name": "sometimes/often/always",
                "value": "sometimes/often/always",
                "type": "string",
                "children_dict": [],
                "line_idx": 39
              },
              {
                "name": "rarely/never",
                "value": "rarely/never",
                "type": "string",
                "children_dict": [],
                "line_idx": 40
              }
            ],
            "line_idx": 38
          },
          {
            "name": "people felt uncomfortable around me",
            "value": "people felt uncomfortable around me",
            "type": "string",
            "children_dict": [
              {
                "name": "sometimes/often/always",
                "value": "sometimes/often/always",
                "type": "string",
                "children_dict": [],
                "line_idx": 42
              },
              {
                "name": "rarely/never",
                "value": "rarely/never",
                "type": "string",
                "children_dict": [],
                "line_idx": 43
              }
            ],
            "line_idx": 41
          },
          {
            "name": "felt left out",
            "value": "felt left out",
            "type": "string",
            "children_dict": [
              {
                "name": "sometimes/often/always",
                "value": "sometimes/often/always",
                "type": "string",
                "children_dict": [],
                "line_idx": 45
              },
              {
                "name": "rarely/never",
                "value": "rarely/never",
                "type": "string",
                "children_dict": [],
                "line_idx": 46
              }
            ],
            "line_idx": 44
          },
          {
            "name": "some people avoided me",
            "value": "some people avoided me",
            "type": "string",
            "children_dict": [
              {
                "name": "sometimes/often/always",
                "value": "sometimes/often/always",
                "type": "string",
                "children_dict": [],
                "line_idx": 48
              },
              {
                "name": "rarely/never",
                "value": "rarely/never",
                "type": "string",
                "children_dict": [],
                "line_idx": 49
              }
            ],
            "line_idx": 47
          }
        ],
        "line_idx": 34
      }
    ]
  },
  "data": [
    [
      {
        "value": ""
      },
      {
        "value": ""
      },
      {
        "value": ""
      }
    ],
    [
      {
        "value": 14.4
      },
      {
        "value": 9.1
      },
      {
        "value": 22.1
      }
    ],
    [
      {
        "value": 21.7
      },
      {
        "value": 15.8
      },
      {
        "value": 29.2
      }
    ],
    [
      {
        "value": 24.0
      },
      {
        "value": 18.1
      },
      {
        "value": 31.2
      }
    ],
    [
      {
        "value": 20.3
      },
      {
        "value": 15.2
      },
      {
        "value": 26.6
      }
    ],
    [
      {
        "value": 19.5
      },
      {
        "value": 13.2
      },
      {
        "value": 27.8
      }
    ],
    [
      {
        "value": ""
      },
      {
        "value": ""
      },
      {
        "value": ""
      }
    ],
    [
      {
        "value": ""
      },
      {
        "value": ""
      },
      {
        "value": ""
      }
    ],
    [
      {
        "value": 57.0
      },
      {
        "value": 48.1
      },
      {
        "value": 65.5
      }
    ],
    [
      {
        "value": 31.2
      },
      {
        "value": 24.1
      },
      {
        "value": 39.4
      }
    ],
    [
      {
        "value": 11.8
      },
      {
        "value": 7.2
      },
      {
        "value": 18.8
      }
    ],
    [
      {
        "value": ""
      },
      {
        "value": ""
      },
      {
        "value": ""
      }
    ],
    [
      {
        "value": 53.5
      },
      {
        "value": 43.8
      },
      {
        "value": 62.9
      }
    ],
    [
      {
        "value": 21.1
      },
      {
        "value": 15.6
      },
      {
        "value": 27.8
      }
    ],
    [
      {
        "value": 25.5
      },
      {
        "value": 18.0
      },
      {
        "value": 34.6
      }
    ],
    [
      {
        "value": ""
      },
      {
        "value": ""
      },
      {
        "value": ""
      }
    ],
    [
      {
        "value": 37.8
      },
      {
        "value": 31.0
      },
      {
        "value": 45.1
      }
    ],
    [
      {
        "value": 35.5
      },
      {
        "value": 28.0
      },
      {
        "value": 43.8
      }
    ],
    [
      {
        "value": 26.7
      },
      {
        "value": 19.9
      },
      {
        "value": 34.9
      }
    ],
    [
      {
        "value": ""
      },
      {
        "value": ""
      },
      {
        "value": ""
      }
    ],
    [
      {
        "value": 49.9
      },
      {
        "value": 42.5
      },
      {
        "value": 57.4
      }
    ],
    [
      {
        "value": 50.1
      },
      {
        "value": 42.6
      },
      {
        "value": 57.5
      }
    ],
    [
      {
        "value": ""
      },
      {
        "value": ""
      },
      {
        "value": ""
      }
    ],
    [
      {
        "value": ""
      },
      {
        "value": ""
      },
      {
        "value": ""
      }
    ],
    [
      {
        "value": 29.8
      },
      {
        "value": 23.4
      },
      {
        "value": 37.0
      }
    ],
    [
      {
        "value": 70.2
      },
      {
        "value": 63.0
      },
      {
        "value": 76.6
      }
    ],
    [
      {
        "value": ""
      },
      {
        "value": ""
      },
      {
        "value": ""
      }
    ],
    [
      {
        "value": 67.8
      },
      {
        "value": 60.5
      },
      {
        "value": 74.3
      }
    ],
    [
      {
        "value": 17.6
      },
      {
        "value": 12.4
      },
      {
        "value": 24.5
      }
    ],
    [
      {
        "value": 14.6
      },
      {
        "value": 10.4
      },
      {
        "value": 20.2
      }
    ],
    [
      {
        "value": ""
      },
      {
        "value": ""
      },
      {
        "value": ""
      }
    ],
    [
      {
        "value": 41.8
      },
      {
        "value": 34.3
      },
      {
        "value": 49.8
      }
    ],
    [
      {
        "value": 13.9
      },
      {
        "value": 9.5
      },
      {
        "value": 19.9
      }
    ],
    [
      {
        "value": 44.2
      },
      {
        "value": 36.0
      },
      {
        "value": 52.8
      }
    ],
    [
      {
        "value": ""
      },
      {
        "value": ""
      },
      {
        "value": ""
      }
    ],
    [
      {
        "value": ""
      },
      {
        "value": ""
      },
      {
        "value": ""
      }
    ],
    [
      {
        "value": 43.1
      },
      {
        "value": 34.7
      },
      {
        "value": 52.0
      }
    ],
    [
      {
        "value": 56.9
      },
      {
        "value": 48.0
      },
      {
        "value": 65.3
      }
    ],
    [
      {
        "value": ""
      },
      {
        "value": ""
      },
      {
        "value": ""
      }
    ],
    [
      {
        "value": 27.5
      },
      {
        "value": 20.6
      },
      {
        "value": 35.8
      }
    ],
    [
      {
        "value": 72.5
      },
      {
        "value": 64.2
      },
      {
        "value": 79.4
      }
    ],
    [
      {
        "value": ""
      },
      {
        "value": ""
      },
      {
        "value": ""
      }
    ],
    [
      {
        "value": 18.5
      },
      {
        "value": 13.5
      },
      {
        "value": 24.8
      }
    ],
    [
      {
        "value": 81.5
      },
      {
        "value": 75.2
      },
      {
        "value": 86.5
      }
    ],
    [
      {
        "value": ""
      },
      {
        "value": ""
      },
      {
        "value": ""
      }
    ],
    [
      {
        "value": 31.1
      },
      {
        "value": 23.6
      },
      {
        "value": 39.8
      }
    ],
    [
      {
        "value": 68.9
      },
      {
        "value": 60.2
      },
      {
        "value": 76.4
      }
    ],
    [
      {
        "value": ""
      },
      {
        "value": ""
      },
      {
        "value": ""
      }
    ],
    [
      {
        "value": 13.9
      },
      {
        "value": 8.4
      },
      {
        "value": 21.9
      }
    ],
    [
      {
        "value": 86.1
      },
      {
        "value": 78.1
      },
      {
        "value": 91.6
      }
    ]
  ]
}