{
  "title": "statistics",
  "top_root": {
    "name": "<TOP>",
    "value": "<TOP>",
    "type": "string",
    "line_idx": null,
    "children_dict": [
      {
        "name": "league",
        "value": "league",
        "type": "string",
        "children_dict": [
          {
            "name": "apps",
            "value": "apps",
            "type": "string",
            "children_dict": [],
            "line_idx": 0
          },
          {
            "name": "goals",
            "value": "goals",
            "type": "string",
            "children_dict": [],
            "line_idx": 1
          }
        ],
        "line_idx": null
      },
      {
        "name": "national cup",
        "value": "national cup",
        "type": "string",
        "children_dict": [
          {
            "name": "apps",
            "value": "apps",
            "type": "string",
            "children_dict": [],
            "line_idx": 2
          },
          {
            "name": "goals",
            "value": "goals",
            "type": "string",
            "children_dict": [],
            "line_idx": 3
          }
        ],
        "line_idx": null
      },
      {
        "name": "league cup",
        "value": "league cup",
        "type": "string",
        "children_dict": [
          {
            "name": "apps",
            "value": "apps",
            "type": "string",
            "children_dict": [],
            "line_idx": 4
          },
          {
            "name": "goals",
            "value": "goals",
            "type": "string",
            "children_dict": [],
            "line_idx": 5
          }
        ],
        "line_idx": null
      },
      {
        "name": "other",
        "value": "other",
        "type": "string",
        "children_dict": [
          {
            "name": "apps",
            "value": "apps",
            "type": "string",
            "children_dict": [],
            "line_idx": 6
          },
          {
            "name": "goals",
            "value": "goals",
            "type": "string",
            "children_dict": [],
            "line_idx": 7
          }
        ],
        "line_idx": null
      },
      {
        "name": "total",
        "value": "total",
        "type": "string",
        "children_dict": [
          {
            "name": "apps",
            "value": "apps",
            "type": "string",
            "children_dict": [],
            "line_idx": 8
          },
          {
            "name": "goals",
            "value": "goals",
            "type": "string",
            "children_dict": [],
            "line_idx": 9
          }
        ],
        "line_idx": null
      }
    ]
  },
  "left_root": {
    "name": "<LEFT>",
    "value": "<LEFT>",
    "type": "string",
    "line_idx": null,
    "children_dict": [
      {
        "name": "shrewsbury town",
        "value": "shrewsbury town",
        "type": "string",
        "children_dict": [
          {
            "name": "1999-2000",
            "value": "1999-2000",
            "type": "string",
            "children_dict": [
              {
                "name": "third division",
                "value": "third division",
                "type": "string",
                "children_dict": [],
                "line_idx": 0
              }
            ],
            "line_idx": null
          },
          {
            "name": "2000-01",
            "value": "2000-01",
            "type": "string",
            "children_dict": [
              {
                "name": "third division",
                "value": "third division",
                "type": "string",
                "children_dict": [],
                "line_idx": 1
              }
            ],
            "line_idx": null
          },
          {
            "name": "2001-02",
            "value": "2001-02",
            "type": "string",
            "children_dict": [
              {
                "name": "third division",
                "value": "third division",
                "type": "string",
                "children_dict": [],
                "line_idx": 2
              }
            ],
            "line_idx": null
          },
          {
            "name": "2002-03",
            "value": "2002-03",
            "type": "string",
            "children_dict": [
              {
                "name": "third division",
                "value": "third division",
                "type": "string",
                "children_dict": [],
                "line_idx": 3
              }
            ],
            "line_idx": null
          },
          {
            "name": "2003-04",
            "value": "2003-04",
            "type": "string",
            "children_dict": [
              {
                "name": "football conference",
                "value": "football conference",
                "type": "string",
                "children_dict": [],
                "line_idx": 4
              }
            ],
            "line_idx": null
          },
          {
            "name": "2004-05",
            "value": "2004-05",
            "type": "string",
            "children_dict": [
              {
                "name": "league two",
                "value": "league two",
                "type": "string",
                "children_dict": [],
                "line_idx": 5
              }
            ],
            "line_idx": null
          },
          {
            "name": "total",
            "value": "total",
            "type": "string",
            "children_dict": [],
            "line_idx": 6
          }
        ],
        "line_idx": null
      },
      {
        "name": "crewe alexandra",
        "value": "crewe alexandra",
        "type": "string",
        "children_dict": [
          {
            "name": "2005-06",
            "value": "2005-06",
            "type": "string",
            "children_dict": [
              {
                "name": "championship",
                "value": "championship",
                "type": "string",
                "children_dict": [],
                "line_idx": 7
              }
            ],
            "line_idx": null
          },
          {
            "name": "2006-07",
            "value": "2006-07",
            "type": "string",
            "children_dict": [
              {
                "name": "league one",
                "value": "league one",
                "type": "string",
                "children_dict": [],
                "line_idx": 8
              }
            ],
            "line_idx": null
          },
          {
            "name": "total",
            "value": "total",
            "type": "string",
            "children_dict": [],
            "line_idx": 9
          }
        ],
        "line_idx": null
      },
      {
        "name": "port vale",
        "value": "port vale",
        "type": "string",
        "children_dict": [
          {
            "name": "2006-07",
            "value": "2006-07",
            "type": "string",
            "children_dict": [
              {
                "name": "league one",
                "value": "league one",
                "type": "string",
                "children_dict": [],
                "line_idx": 10
              }
            ],
            "line_idx": null
          },
          {
            "name": "2007-08",
            "value": "2007-08",
            "type": "string",
            "children_dict": [
              {
                "name": "league one",
                "value": "league one",
                "type": "string",
                "children_dict": [],
                "line_idx": 11
              }
            ],
            "line_idx": null
          },
          {
            "name": "2008-09",
            "value": "2008-09",
            "type": "string",
            "children_dict": [
              {
                "name": "league two",
                "value": "league two",
                "type": "string",
                "children_dict": [],
                "line_idx": 12
              }
            ],
            "line_idx": null
          },
          {
            "name": "total",
            "value": "total",
            "type": "string",
            "children_dict": [],
            "line_idx": 13
          }
        ],
        "line_idx": null
      },
      {
        "name": "yeovil town",
        "value": "yeovil town",
        "type": "string",
        "children_dict": [
          {
            "name": "2008-09",
            "value": "2008-09",
            "type": "string",
            "children_dict": [
              {
                "name": "league one",
                "value": "league one",
                "type": "string",
                "children_dict": [],
                "line_idx": 14
              }
            ],
            "line_idx": null
          }
        ],
        "line_idx": null
      },
      {
        "name": "notts county",
        "value": "notts county",
        "type": "string",
        "children_dict": [
          {
            "name": "2009-10",
            "value": "2009-10",
            "type": "string",
            "children_dict": [
              {
                "name": "league two",
                "value": "league two",
                "type": "string",
                "children_dict": [],
                "line_idx": 15
              }
            ],
            "line_idx": null
          },
          {
            "name": "2010-11",
            "value": "2010-11",
            "type": "string",
            "children_dict": [
              {
                "name": "league one",
                "value": "league one",
                "type": "string",
                "children_dict": [],
                "line_idx": 16
              }
            ],
            "line_idx": null
          },
          {
            "name": "total",
            "value": "total",
            "type": "string",
            "children_dict": [],
            "line_idx": 17
          }
        ],
        "line_idx": null
      },
      {
        "name": "new york red bulls",
        "value": "new york red bulls",
        "type": "string",
        "children_dict": [
          {
            "name": "2011",
            "value": "2011",
            "type": "string",
            "children_dict": [
              {
                "name": "major league soccer",
                "value": "major league soccer",
                "type": "string",
                "children_dict": [],
                "line_idx": 18
              }
            ],
            "line_idx": null
          }
        ],
        "line_idx": null
      },
      {
        "name": "lillestr\u00f8m sk",
        "value": "lillestr\u00f8m sk",
        "type": "string",
        "children_dict": [
          {
            "name": "2012",
            "value": "2012",
            "type": "string",
            "children_dict": [
              {
                "name": "tippeligaen",
                "value": "tippeligaen",
                "type": "string",
                "children_dict": [],
                "line_idx": 19
              }
            ],
            "line_idx": null
          }
        ],
        "line_idx": null
      },
      {
        "name": "portsmouth",
        "value": "portsmouth",
        "type": "string",
        "children_dict": [
          {
            "name": "2012-13",
            "value": "2012-13",
            "type": "string",
            "children_dict": [
              {
                "name": "league one",
                "value": "league one",
                "type": "string",
                "children_dict": [],
                "line_idx": 20
              }
            ],
            "line_idx": null
          }
        ],
        "line_idx": null
      },
      {
        "name": "shrewsbury town",
        "value": "shrewsbury town",
        "type": "string",
        "children_dict": [
          {
            "name": "2012-13",
            "value": "2012-13",
            "type": "string",
            "children_dict": [
              {
                "name": "league one",
                "value": "league one",
                "type": "string",
                "children_dict": [],
                "line_idx": 21
              }
            ],
            "line_idx": null
          }
        ],
        "line_idx": null
      },
      {
        "name": "hammarby if",
        "value": "hammarby if",
        "type": "string",
        "children_dict": [
          {
            "name": "2013",
            "value": "2013",
            "type": "string",
            "children_dict": [
              {
                "name": "superettan",
                "value": "superettan",
                "type": "string",
                "children_dict": [],
                "line_idx": 22
              }
            ],
            "line_idx": null
          }
        ],
        "line_idx": null
      },
      {
        "name": "forest green rovers",
        "value": "forest green rovers",
        "type": "string",
        "children_dict": [
          {
            "name": "2013-14",
            "value": "2013-14",
            "type": "string",
            "children_dict": [
              {
                "name": "conference national",
                "value": "conference national",
                "type": "string",
                "children_dict": [],
                "line_idx": 23
              }
            ],
            "line_idx": null
          },
          {
            "name": "2014-15",
            "value": "2014-15",
            "type": "string",
            "children_dict": [
              {
                "name": "conference national",
                "value": "conference national",
                "type": "string",
                "children_dict": [],
                "line_idx": 24
              }
            ],
            "line_idx": null
          },
          {
            "name": "total",
            "value": "total",
            "type": "string",
            "children_dict": [],
            "line_idx": 25
          }
        ],
        "line_idx": null
      },
      {
        "name": "solihull moors",
        "value": "solihull moors",
        "type": "string",
        "children_dict": [
          {
            "name": "2016-17",
            "value": "2016-17",
            "type": "string",
            "children_dict": [
              {
                "name": "national league",
                "value": "national league",
                "type": "string",
                "children_dict": [],
                "line_idx": 26
              }
            ],
            "line_idx": null
          }
        ],
        "line_idx": null
      },
      {
        "name": "career total",
        "value": "career total",
        "type": "string",
        "children_dict": [],
        "line_idx": 27
      }
    ]
  },
  "data": [
    [
      {
        "value": 6
      },
      {
        "value": 1
      },
      {
        "value": 1
      },
      {
        "value": 0
      },
      {
        "value": 0
      },
      {
        "value": 0
      },
      {
        "value": 1
      },
      {
        "value": 0
      },
      {
        "value": 8
      },
      {
        "value": 1
      }
    ],
    [
      {
        "value": 26
      },
      {
        "value": 7
      },
      {
        "value": 0
      },
      {
        "value": 0
      },
      {
        "value": 0
      },
      {
        "value": 0
      },
      {
        "value": 1
      },
      {
        "value": 0
      },
      {
        "value": 27
      },
      {
        "value": 7
      }
    ],
    [
      {
        "value": 38
      },
      {
        "value": 22
      },
      {
        "value": 1
      },
      {
        "value": 0
      },
      {
        "value": 1
      },
      {
        "value": 0
      },
      {
        "value": 1
      },
      {
        "value": 0
      },
      {
        "value": 41
      },
      {
        "value": 22
      }
    ],
    [
      {
        "value": 36
      },
      {
        "value": 16
      },
      {
        "value": 4
      },
      {
        "value": 0
      },
      {
        "value": 1
      },
      {
        "value": 0
      },
      {
        "value": 6
      },
      {
        "value": 4
      },
      {
        "value": 47
      },
      {
        "value": 20
      }
    ],
    [
      {
        "value": 34
      },
      {
        "value": 13
      },
      {
        "value": 2
      },
      {
        "value": 0
      },
      {
        "value": 0
      },
      {
        "value": 0
      },
      {
        "value": 5
      },
      {
        "value": 2
      },
      {
        "value": 41
      },
      {
        "value": 15
      }
    ],
    [
      {
        "value": 36
      },
      {
        "value": 6
      },
      {
        "value": 1
      },
      {
        "value": 0
      },
      {
        "value": 1
      },
      {
        "value": 1
      },
      {
        "value": 2
      },
      {
        "value": 1
      },
      {
        "value": 40
      },
      {
        "value": 8
      }
    ],
    [
      {
        "value": 176
      },
      {
        "value": 65
      },
      {
        "value": 7
      },
      {
        "value": 0
      },
      {
        "value": 3
      },
      {
        "value": 1
      },
      {
        "value": 15
      },
      {
        "value": 7
      },
      {
        "value": 204
      },
      {
        "value": 73
      }
    ],
    [
      {
        "value": 26
      },
      {
        "value": 6
      },
      {
        "value": 0
      },
      {
        "value": 0
      },
      {
        "value": 0
      },
      {
        "value": 0
      },
      {
        "value": 0
      },
      {
        "value": 0
      },
      {
        "value": 26
      },
      {
        "value": 6
      }
    ],
    [
      {
        "value": 12
      },
      {
        "value": 3
      },
      {
        "value": 1
      },
      {
        "value": 0
      },
      {
        "value": 0
      },
      {
        "value": 0
      },
      {
        "value": 0
      },
      {
        "value": 0
      },
      {
        "value": 13
      },
      {
        "value": 3
      }
    ],
    [
      {
        "value": 38
      },
      {
        "value": 9
      },
      {
        "value": 1
      },
      {
        "value": 0
      },
      {
        "value": 0
      },
      {
        "value": 0
      },
      {
        "value": 0
      },
      {
        "value": 0
      },
      {
        "value": 39
      },
      {
        "value": 9
      }
    ],
    [
      {
        "value": 8
      },
      {
        "value": 3
      },
      {
        "value": 0
      },
      {
        "value": 0
      },
      {
        "value": 0
      },
      {
        "value": 0
      },
      {
        "value": 0
      },
      {
        "value": 0
      },
      {
        "value": 8
      },
      {
        "value": 3
      }
    ],
    [
      {
        "value": 36
      },
      {
        "value": 9
      },
      {
        "value": 3
      },
      {
        "value": 1
      },
      {
        "value": 1
      },
      {
        "value": 1
      },
      {
        "value": 1
      },
      {
        "value": 1
      },
      {
        "value": 41
      },
      {
        "value": 12
      }
    ],
    [
      {
        "value": 15
      },
      {
        "value": 4
      },
      {
        "value": 0
      },
      {
        "value": 0
      },
      {
        "value": 1
      },
      {
        "value": 1
      },
      {
        "value": 1
      },
      {
        "value": 0
      },
      {
        "value": 17
      },
      {
        "value": 5
      }
    ],
    [
      {
        "value": 59
      },
      {
        "value": 16
      },
      {
        "value": 3
      },
      {
        "value": 1
      },
      {
        "value": 2
      },
      {
        "value": 2
      },
      {
        "value": 2
      },
      {
        "value": 1
      },
      {
        "value": 66
      },
      {
        "value": 20
      }
    ],
    [
      {
        "value": 22
      },
      {
        "value": 3
      },
      {
        "value": 0
      },
      {
        "value": 0
      },
      {
        "value": 0
      },
      {
        "value": 0
      },
      {
        "value": 0
      },
      {
        "value": 0
      },
      {
        "value": 22
      },
      {
        "value": 3
      }
    ],
    [
      {
        "value": 42
      },
      {
        "value": 13
      },
      {
        "value": 6
      },
      {
        "value": 1
      },
      {
        "value": 1
      },
      {
        "value": 0
      },
      {
        "value": 0
      },
      {
        "value": 0
      },
      {
        "value": 49
      },
      {
        "value": 14
      }
    ],
    [
      {
        "value": 4
      },
      {
        "value": 0
      },
      {
        "value": 1
      },
      {
        "value": 1
      },
      {
        "value": 0
      },
      {
        "value": 0
      },
      {
        "value": 0
      },
      {
        "value": 0
      },
      {
        "value": 5
      },
      {
        "value": 1
      }
    ],
    [
      {
        "value": 46
      },
      {
        "value": 13
      },
      {
        "value": 7
      },
      {
        "value": 2
      },
      {
        "value": 1
      },
      {
        "value": 0
      },
      {
        "value": 0
      },
      {
        "value": 0
      },
      {
        "value": 54
      },
      {
        "value": 15
      }
    ],
    [
      {
        "value": 23
      },
      {
        "value": 9
      },
      {
        "value": 0
      },
      {
        "value": 0
      },
      {
        "value": 2
      },
      {
        "value": 1
      },
      {
        "value": 0
      },
      {
        "value": 0
      },
      {
        "value": 25
      },
      {
        "value": 10
      }
    ],
    [
      {
        "value": 7
      },
      {
        "value": 1
      },
      {
        "value": 0
      },
      {
        "value": 0
      },
      {
        "value": 0
      },
      {
        "value": 0
      },
      {
        "value": 0
      },
      {
        "value": 0
      },
      {
        "value": 7
      },
      {
        "value": 1
      }
    ],
    [
      {
        "value": 10
      },
      {
        "value": 2
      },
      {
        "value": 1
      },
      {
        "value": 0
      },
      {
        "value": 0
      },
      {
        "value": 0
      },
      {
        "value": 2
      },
      {
        "value": 1
      },
      {
        "value": 13
      },
      {
        "value": 3
      }
    ],
    [
      {
        "value": 15
      },
      {
        "value": 2
      },
      {
        "value": 0
      },
      {
        "value": 0
      },
      {
        "value": 0
      },
      {
        "value": 0
      },
      {
        "value": 0
      },
      {
        "value": 0
      },
      {
        "value": 15
      },
      {
        "value": 2
      }
    ],
    [
      {
        "value": 6
      },
      {
        "value": 0
      },
      {
        "value": 0
      },
      {
        "value": 0
      },
      {
        "value": 0
      },
      {
        "value": 0
      },
      {
        "value": 0
      },
      {
        "value": 0
      },
      {
        "value": 6
      },
      {
        "value": 0
      }
    ],
    [
      {
        "value": 10
      },
      {
        "value": 0
      },
      {
        "value": 0
      },
      {
        "value": 0
      },
      {
        "value": 0
      },
      {
        "value": 0
      },
      {
        "value": 0
      },
      {
        "value": 0
      },
      {
        "value": 10
      },
      {
        "value": 0
      }
    ],
    [
      {
        "value": 10
      },
      {
        "value": 0
      },
      {
        "value": 1
      },
      {
        "value": 1
      },
      {
        "value": 0
      },
      {
        "value": 0
      },
      {
        "value": 0
      },
      {
        "value": 0
      },
      {
        "value": 11
      },
      {
        "value": 1
      }
    ],
    [
      {
        "value": 20
      },
      {
        "value": 0
      },
      {
        "value": 1
      },
      {
        "value": 1
      },
      {
        "value": 0
      },
      {
        "value": 0
      },
      {
        "value": 0
      },
      {
        "value": 0
      },
      {
        "value": 21
      },
      {
        "value": 1
      }
    ],
    [
      {
        "value": 0
      },
      {
        "value": 0
      },
      {
        "value": 0
      },
      {
        "value": 0
      },
      {
        "value": 0
      },
      {
        "value": 0
      },
      {
        "value": 2
      },
      {
        "value": 1
      },
      {
        "value": 2
      },
      {
        "value": 1
      }
    ],
    [
      {
        "value": 421
      },
      {
        "value": 120
      },
      {
        "value": 22
      },
      {
        "value": 4
      },
      {
        "value": 8
      },
      {
        "value": 4
      },
      {
        "value": 32
      },
      {
        "value": 10
      },
      {
        "value": 483
      },
      {
        "value": 138
      }
    ]
  ]
}