{
  "title": "career statistics",
  "top_root": {
    "name": "<TOP>",
    "value": "<TOP>",
    "type": "string",
    "line_idx": null,
    "children_dict": [
      {
        "name": "league",
        "value": "league",
        "type": "string",
        "children_dict": [
          {
            "name": "division",
            "value": "division",
            "type": "string",
            "children_dict": [],
            "line_idx": 0
          },
          {
            "name": "apps",
            "value": "apps",
            "type": "string",
            "children_dict": [],
            "line_idx": 1
          },
          {
            "name": "goals",
            "value": "goals",
            "type": "string",
            "children_dict": [],
            "line_idx": 2
          }
        ],
        "line_idx": null
      },
      {
        "name": "fa cup",
        "value": "fa cup",
        "type": "string",
        "children_dict": [
          {
            "name": "apps",
            "value": "apps",
            "type": "string",
            "children_dict": [],
            "line_idx": 3
          },
          {
            "name": "goals",
            "value": "goals",
            "type": "string",
            "children_dict": [],
            "line_idx": 4
          }
        ],
        "line_idx": null
      },
      {
        "name": "league cup",
        "value": "league cup",
        "type": "string",
        "children_dict": [
          {
            "name": "apps",
            "value": "apps",
            "type": "string",
            "children_dict": [],
            "line_idx": 5
          },
          {
            "name": "goals",
            "value": "goals",
            "type": "string",
            "children_dict": [],
            "line_idx": 6
          }
        ],
        "line_idx": null
      },
      {
        "name": "total",
        "value": "total",
        "type": "string",
        "children_dict": [
          {
            "name": "apps",
            "value": "apps",
            "type": "string",
            "children_dict": [],
            "line_idx": 7
          },
          {
            "name": "goals",
            "value": "goals",
            "type": "string",
            "children_dict": [],
            "line_idx": 8
          }
        ],
        "line_idx": null
      }
    ]
  },
  "left_root": {
    "name": "<LEFT>",
    "value": "<LEFT>",
    "type": "string",
    "line_idx": null,
    "children_dict": [
      {
        "name": "colchester united",
        "value": "colchester united",
        "type": "string",
        "children_dict": [
          {
            "name": "1955-56",
            "value": "1955-56",
            "type": "string",
            "children_dict": [],
            "line_idx": 0
          },
          {
            "name": "1956-57",
            "value": "1956-57",
            "type": "string",
            "children_dict": [],
            "line_idx": 1
          },
          {
            "name": "1957-58",
            "value": "1957-58",
            "type": "string",
            "children_dict": [],
            "line_idx": 2
          },
          {
            "name": "1958-59",
            "value": "1958-59",
            "type": "string",
            "children_dict": [],
            "line_idx": 3
          },
          {
            "name": "1959-60",
            "value": "1959-60",
            "type": "string",
            "children_dict": [],
            "line_idx": 4
          },
          {
            "name": "1960-61",
            "value": "1960-61",
            "type": "string",
            "children_dict": [],
            "line_idx": 5
          },
          {
            "name": "1961-62",
            "value": "1961-62",
            "type": "string",
            "children_dict": [],
            "line_idx": 6
          },
          {
            "name": "1962-63",
            "value": "1962-63",
            "type": "string",
            "children_dict": [],
            "line_idx": 7
          },
          {
            "name": "1963-64",
            "value": "1963-64",
            "type": "string",
            "children_dict": [],
            "line_idx": 8
          },
          {
            "name": "1964-65",
            "value": "1964-65",
            "type": "string",
            "children_dict": [],
            "line_idx": 9
          }
        ],
        "line_idx": null
      },
      {
        "name": "career total",
        "value": "career total",
        "type": "string",
        "children_dict": [],
        "line_idx": 10
      }
    ]
  },
  "data": [
    [
      {
        "value": "third division south"
      },
      {
        "value": 44
      },
      {
        "value": 0
      },
      {
        "value": 1
      },
      {
        "value": 0
      },
      {
        "value": "-"
      },
      {
        "value": "-"
      },
      {
        "value": 45
      },
      {
        "value": 0
      }
    ],
    [
      {
        "value": "third division south"
      },
      {
        "value": 46
      },
      {
        "value": 0
      },
      {
        "value": 1
      },
      {
        "value": 0
      },
      {
        "value": "-"
      },
      {
        "value": "-"
      },
      {
        "value": 47
      },
      {
        "value": 0
      }
    ],
    [
      {
        "value": "third division south"
      },
      {
        "value": 46
      },
      {
        "value": 0
      },
      {
        "value": 1
      },
      {
        "value": 0
      },
      {
        "value": "-"
      },
      {
        "value": "-"
      },
      {
        "value": 47
      },
      {
        "value": 0
      }
    ],
    [
      {
        "value": "third division"
      },
      {
        "value": 46
      },
      {
        "value": 0
      },
      {
        "value": 6
      },
      {
        "value": 0
      },
      {
        "value": "-"
      },
      {
        "value": "-"
      },
      {
        "value": 52
      },
      {
        "value": 0
      }
    ],
    [
      {
        "value": "third division"
      },
      {
        "value": 46
      },
      {
        "value": 0
      },
      {
        "value": 1
      },
      {
        "value": 0
      },
      {
        "value": "-"
      },
      {
        "value": "-"
      },
      {
        "value": 47
      },
      {
        "value": 0
      }
    ],
    [
      {
        "value": "third division"
      },
      {
        "value": 45
      },
      {
        "value": 0
      },
      {
        "value": 2
      },
      {
        "value": 0
      },
      {
        "value": 2.0
      },
      {
        "value": 0.0
      },
      {
        "value": 49
      },
      {
        "value": 0
      }
    ],
    [
      {
        "value": "fourth division"
      },
      {
        "value": 44
      },
      {
        "value": 0
      },
      {
        "value": 3
      },
      {
        "value": 0
      },
      {
        "value": 1.0
      },
      {
        "value": 0.0
      },
      {
        "value": 48
      },
      {
        "value": 0
      }
    ],
    [
      {
        "value": "third division"
      },
      {
        "value": 34
      },
      {
        "value": 0
      },
      {
        "value": 1
      },
      {
        "value": 0
      },
      {
        "value": 2.0
      },
      {
        "value": 0.0
      },
      {
        "value": 37
      },
      {
        "value": 0
      }
    ],
    [
      {
        "value": "third division"
      },
      {
        "value": 20
      },
      {
        "value": 0
      },
      {
        "value": 0
      },
      {
        "value": 0
      },
      {
        "value": 0.0
      },
      {
        "value": 0.0
      },
      {
        "value": 20
      },
      {
        "value": 0
      }
    ],
    [
      {
        "value": "third division"
      },
      {
        "value": 26
      },
      {
        "value": 0
      },
      {
        "value": 2
      },
      {
        "value": 0
      },
      {
        "value": 2.0
      },
      {
        "value": 0.0
      },
      {
        "value": 30
      },
      {
        "value": 0
      }
    ],
    [
      {
        "value": ""
      },
      {
        "value": 397
      },
      {
        "value": 0
      },
      {
        "value": 18
      },
      {
        "value": 0
      },
      {
        "value": 7.0
      },
      {
        "value": 0.0
      },
      {
        "value": 422
      },
      {
        "value": 0
      }
    ]
  ]
}