{
  "title": "percentage of lung and bronchus cancer tumours diagnosed among patients aged 19 or older with at least one surgical treatment within one year of diagnosis, by province or territory, canada (excluding quebec), 2010 to 2012",
  "top_root": {
    "name": "<TOP>",
    "value": "<TOP>",
    "type": "string",
    "line_idx": null,
    "children_dict": [
      {
        "name": "linked cctlp tumour cohort",
        "value": "linked cctlp tumour cohort",
        "type": "string",
        "children_dict": [
          {
            "name": "number",
            "value": "number",
            "type": "string",
            "children_dict": [],
            "line_idx": 0
          }
        ],
        "line_idx": null
      },
      {
        "name": "tumours with one or more surgical interventions",
        "value": "tumours with one or more surgical interventions",
        "type": "string",
        "children_dict": [
          {
            "name": "number",
            "value": "number",
            "type": "string",
            "children_dict": [],
            "line_idx": 1
          },
          {
            "name": "percent",
            "value": "percent",
            "type": "string",
            "children_dict": [],
            "line_idx": 2
          }
        ],
        "line_idx": null
      }
    ]
  },
  "left_root": {
    "name": "<LEFT>",
    "value": "<LEFT>",
    "type": "string",
    "line_idx": null,
    "children_dict": [
      {
        "name": "canada",
        "value": "canada",
        "type": "string",
        "children_dict": [
          {
            "name": "newfoundland and labrador",
            "value": "newfoundland and labrador",
            "type": "string",
            "children_dict": [],
            "line_idx": 1
          },
          {
            "name": "prince edward island",
            "value": "prince edward island",
            "type": "string",
            "children_dict": [],
            "line_idx": 2
          },
          {
            "name": "nova scotia",
            "value": "nova scotia",
            "type": "string",
            "children_dict": [],
            "line_idx": 3
          },
          {
            "name": "new brunswick",
            "value": "new brunswick",
            "type": "string",
            "children_dict": [],
            "line_idx": 4
          },
          {
            "name": "ontario",
            "value": "ontario",
            "type": "string",
            "children_dict": [],
            "line_idx": 5
          },
          {
            "name": "manitoba",
            "value": "manitoba",
            "type": "string",
            "children_dict": [],
            "line_idx": 6
          },
          {
            "name": "saskatchewan",
            "value": "saskatchewan",
            "type": "string",
            "children_dict": [],
            "line_idx": 7
          },
          {
            "name": "alberta",
            "value": "alberta",
            "type": "string",
            "children_dict": [],
            "line_idx": 8
          },
          {
            "name": "british columbia",
            "value": "british columbia",
            "type": "string",
            "children_dict": [],
            "line_idx": 9
          },
          {
            "name": "yukon",
            "value": "yukon",
            "type": "string",
            "children_dict": [],
            "line_idx": 10
          },
          {
            "name": "northwest territories",
            "value": "northwest territories",
            "type": "string",
            "children_dict": [],
            "line_idx": 11
          },
          {
            "name": "nunavut",
            "value": "nunavut",
            "type": "string",
            "children_dict": [],
            "line_idx": 12
          }
        ],
        "line_idx": 0
      }
    ]
  },
  "data": [
    [
      {
        "value": 49135.0
      },
      {
        "value": 9380.0
      },
      {
        "value": 19.1
      }
    ],
    [
      {
        "value": 1245.0
      },
      {
        "value": 195.0
      },
      {
        "value": 15.6
      }
    ],
    [
      {
        "value": 360.0
      },
      {
        "value": 50.0
      },
      {
        "value": 13.6
      }
    ],
    [
      {
        "value": 2680.0
      },
      {
        "value": 535.0
      },
      {
        "value": 20.0
      }
    ],
    [
      {
        "value": 1950.0
      },
      {
        "value": 490.0
      },
      {
        "value": 25.1
      }
    ],
    [
      {
        "value": 24205.0
      },
      {
        "value": 4765.0
      },
      {
        "value": 19.7
      }
    ],
    [
      {
        "value": 2460.0
      },
      {
        "value": 560.0
      },
      {
        "value": 22.9
      }
    ],
    [
      {
        "value": 2200.0
      },
      {
        "value": 385.0
      },
      {
        "value": 17.5
      }
    ],
    [
      {
        "value": 5425.0
      },
      {
        "value": 955.0
      },
      {
        "value": 17.6
      }
    ],
    [
      {
        "value": 8475.0
      },
      {
        "value": 1420.0
      },
      {
        "value": 16.8
      }
    ],
    [
      {
        "value": 50.0
      },
      {
        "value": 10.0
      },
      {
        "value": 19.6
      }
    ],
    [
      {
        "value": ""
      },
      {
        "value": ""
      },
      {
        "value": ""
      }
    ],
    [
      {
        "value": ""
      },
      {
        "value": ""
      },
      {
        "value": ""
      }
    ]
  ]
}