{
  "title": "completed adult criminal court cases, including at least one offence against the administration of justice, by type of charge, canada, 2005/2006 to 2013/2014",
  "top_root": {
    "name": "<TOP>",
    "value": "<TOP>",
    "type": "string",
    "line_idx": null,
    "children_dict": [
      {
        "name": "2005/2006",
        "value": "2005/2006",
        "type": "string",
        "children_dict": [],
        "line_idx": 0
      },
      {
        "name": "2006/2007",
        "value": "2006/2007",
        "type": "string",
        "children_dict": [],
        "line_idx": 1
      },
      {
        "name": "2007/2008",
        "value": "2007/2008",
        "type": "string",
        "children_dict": [],
        "line_idx": 2
      },
      {
        "name": "2008/2009",
        "value": "2008/2009",
        "type": "string",
        "children_dict": [],
        "line_idx": 3
      },
      {
        "name": "2009/2010",
        "value": "2009/2010",
        "type": "string",
        "children_dict": [],
        "line_idx": 4
      },
      {
        "name": "2010/2011",
        "value": "2010/2011",
        "type": "string",
        "children_dict": [],
        "line_idx": 5
      },
      {
        "name": "2011/2012",
        "value": "2011/2012",
        "type": "string",
        "children_dict": [],
        "line_idx": 6
      },
      {
        "name": "2012/2013",
        "value": "2012/2013",
        "type": "string",
        "children_dict": [],
        "line_idx": 7
      },
      {
        "name": "2013/2014",
        "value": "2013/2014",
        "type": "string",
        "children_dict": [],
        "line_idx": 8
      }
    ]
  },
  "left_root": {
    "name": "<LEFT>",
    "value": "<LEFT>",
    "type": "string",
    "line_idx": null,
    "children_dict": [
      {
        "name": "number of completed cases",
        "value": "number of completed cases",
        "type": "string",
        "children_dict": [
          {
            "name": "failure to appear",
            "value": "failure to appear",
            "type": "string",
            "children_dict": [],
            "line_idx": 0
          },
          {
            "name": "breach of probation",
            "value": "breach of probation",
            "type": "string",
            "children_dict": [],
            "line_idx": 1
          },
          {
            "name": "prisoner unlawfully at large",
            "value": "prisoner unlawfully at large",
            "type": "string",
            "children_dict": [],
            "line_idx": 2
          },
          {
            "name": "failure to comply with order",
            "value": "failure to comply with order",
            "type": "string",
            "children_dict": [],
            "line_idx": 3
          },
          {
            "name": "other offences against the administration of justice",
            "value": "other offences against the administration of justice",
            "type": "string",
            "children_dict": [],
            "line_idx": 4
          },
          {
            "name": "total",
            "value": "total",
            "type": "string",
            "children_dict": [],
            "line_idx": 5
          }
        ],
        "line_idx": null
      }
    ]
  },
  "data": [
    [
      {
        "value": 24519
      },
      {
        "value": 24469
      },
      {
        "value": 26173
      },
      {
        "value": 24543
      },
      {
        "value": 23008
      },
      {
        "value": 22761
      },
      {
        "value": 20536
      },
      {
        "value": 20071
      },
      {
        "value": 19753
      }
    ],
    [
      {
        "value": 91121
      },
      {
        "value": 94198
      },
      {
        "value": 96835
      },
      {
        "value": 101365
      },
      {
        "value": 108032
      },
      {
        "value": 111110
      },
      {
        "value": 112366
      },
      {
        "value": 114915
      },
      {
        "value": 109822
      }
    ],
    [
      {
        "value": 7478
      },
      {
        "value": 7707
      },
      {
        "value": 8027
      },
      {
        "value": 7636
      },
      {
        "value": 7575
      },
      {
        "value": 8340
      },
      {
        "value": 9509
      },
      {
        "value": 10048
      },
      {
        "value": 10500
      }
    ],
    [
      {
        "value": 131363
      },
      {
        "value": 136842
      },
      {
        "value": 155548
      },
      {
        "value": 164331
      },
      {
        "value": 168581
      },
      {
        "value": 173739
      },
      {
        "value": 173177
      },
      {
        "value": 172962
      },
      {
        "value": 164612
      }
    ],
    [
      {
        "value": 24214
      },
      {
        "value": 24844
      },
      {
        "value": 26730
      },
      {
        "value": 27174
      },
      {
        "value": 27538
      },
      {
        "value": 27517
      },
      {
        "value": 26786
      },
      {
        "value": 25796
      },
      {
        "value": 23837
      }
    ],
    [
      {
        "value": 278695
      },
      {
        "value": 288060
      },
      {
        "value": 313313
      },
      {
        "value": 325049
      },
      {
        "value": 334734
      },
      {
        "value": 343467
      },
      {
        "value": 342374
      },
      {
        "value": 343792
      },
      {
        "value": 328524
      }
    ]
  ]
}