{
  "title": "completed adult criminal court cases, by most serious offence, canada, 2005/2006 to 2013/2014",
  "top_root": {
    "name": "<TOP>",
    "value": "<TOP>",
    "type": "string",
    "line_idx": null,
    "children_dict": [
      {
        "name": "2005/2006",
        "value": "2005/2006",
        "type": "string",
        "children_dict": [],
        "line_idx": 0
      },
      {
        "name": "2006/2007",
        "value": "2006/2007",
        "type": "string",
        "children_dict": [],
        "line_idx": 1
      },
      {
        "name": "2007/2008",
        "value": "2007/2008",
        "type": "string",
        "children_dict": [],
        "line_idx": 2
      },
      {
        "name": "2008/2009",
        "value": "2008/2009",
        "type": "string",
        "children_dict": [],
        "line_idx": 3
      },
      {
        "name": "2009/2010",
        "value": "2009/2010",
        "type": "string",
        "children_dict": [],
        "line_idx": 4
      },
      {
        "name": "2010/2011",
        "value": "2010/2011",
        "type": "string",
        "children_dict": [],
        "line_idx": 5
      },
      {
        "name": "2011/2012",
        "value": "2011/2012",
        "type": "string",
        "children_dict": [],
        "line_idx": 6
      },
      {
        "name": "2012/2013",
        "value": "2012/2013",
        "type": "string",
        "children_dict": [],
        "line_idx": 7
      },
      {
        "name": "2013/2014",
        "value": "2013/2014",
        "type": "string",
        "children_dict": [],
        "line_idx": 8
      }
    ]
  },
  "left_root": {
    "name": "<LEFT>",
    "value": "<LEFT>",
    "type": "string",
    "line_idx": null,
    "children_dict": [
      {
        "name": "number of completed cases",
        "value": "number of completed cases",
        "type": "string",
        "children_dict": [
          {
            "name": "violent offences",
            "value": "violent offences",
            "type": "string",
            "children_dict": [
              {
                "name": "include offences against the administration of justice",
                "value": "include offences against the administration of justice",
                "type": "string",
                "children_dict": [],
                "line_idx": 1
              },
              {
                "name": "exclude offences against the administration of justice",
                "value": "exclude offences against the administration of justice",
                "type": "string",
                "children_dict": [],
                "line_idx": 2
              }
            ],
            "line_idx": 0
          },
          {
            "name": "total",
            "value": "total",
            "type": "string",
            "children_dict": [],
            "line_idx": 3
          },
          {
            "name": "property offences",
            "value": "property offences",
            "type": "string",
            "children_dict": [
              {
                "name": "include offences against the administration of justice",
                "value": "include offences against the administration of justice",
                "type": "string",
                "children_dict": [],
                "line_idx": 5
              },
              {
                "name": "exclude offences against the administration of justice",
                "value": "exclude offences against the administration of justice",
                "type": "string",
                "children_dict": [],
                "line_idx": 6
              }
            ],
            "line_idx": 4
          },
          {
            "name": "total",
            "value": "total",
            "type": "string",
            "children_dict": [],
            "line_idx": 7
          },
          {
            "name": "offences against the administration of justice",
            "value": "offences against the administration of justice",
            "type": "string",
            "children_dict": [
              {
                "name": "include offences against the administration of justice",
                "value": "include offences against the administration of justice",
                "type": "string",
                "children_dict": [],
                "line_idx": 9
              },
              {
                "name": "exclude offences against the administration of justice",
                "value": "exclude offences against the administration of justice",
                "type": "string",
                "children_dict": [],
                "line_idx": 10
              }
            ],
            "line_idx": 8
          },
          {
            "name": "total",
            "value": "total",
            "type": "string",
            "children_dict": [],
            "line_idx": 11
          },
          {
            "name": "drug offences",
            "value": "drug offences",
            "type": "string",
            "children_dict": [
              {
                "name": "include offences against the administration of justice",
                "value": "include offences against the administration of justice",
                "type": "string",
                "children_dict": [],
                "line_idx": 13
              },
              {
                "name": "exclude offences against the administration of justice",
                "value": "exclude offences against the administration of justice",
                "type": "string",
                "children_dict": [],
                "line_idx": 14
              }
            ],
            "line_idx": 12
          },
          {
            "name": "total",
            "value": "total",
            "type": "string",
            "children_dict": [],
            "line_idx": 15
          },
          {
            "name": "other criminal code offences",
            "value": "other criminal code offences",
            "type": "string",
            "children_dict": [
              {
                "name": "include offences against the administration of justice",
                "value": "include offences against the administration of justice",
                "type": "string",
                "children_dict": [],
                "line_idx": 17
              },
              {
                "name": "exclude offences against the administration of justice",
                "value": "exclude offences against the administration of justice",
                "type": "string",
                "children_dict": [],
                "line_idx": 18
              }
            ],
            "line_idx": 16
          },
          {
            "name": "total",
            "value": "total",
            "type": "string",
            "children_dict": [],
            "line_idx": 19
          },
          {
            "name": "youth criminal justice act",
            "value": "youth criminal justice act",
            "type": "string",
            "children_dict": [
              {
                "name": "include offences against the administration of justice",
                "value": "include offences against the administration of justice",
                "type": "string",
                "children_dict": [],
                "line_idx": 21
              },
              {
                "name": "exclude offences against the administration of justice",
                "value": "exclude offences against the administration of justice",
                "type": "string",
                "children_dict": [],
                "line_idx": 22
              }
            ],
            "line_idx": 20
          },
          {
            "name": "total",
            "value": "total",
            "type": "string",
            "children_dict": [],
            "line_idx": 23
          },
          {
            "name": "total offences",
            "value": "total offences",
            "type": "string",
            "children_dict": [
              {
                "name": "include offences against the administration of justice",
                "value": "include offences against the administration of justice",
                "type": "string",
                "children_dict": [],
                "line_idx": 25
              },
              {
                "name": "exclude offences against the administration of justice",
                "value": "exclude offences against the administration of justice",
                "type": "string",
                "children_dict": [],
                "line_idx": 26
              }
            ],
            "line_idx": 24
          },
          {
            "name": "total",
            "value": "total",
            "type": "string",
            "children_dict": [],
            "line_idx": 27
          }
        ],
        "line_idx": null
      }
    ]
  },
  "data": [
    [
      {
        "value": ""
      },
      {
        "value": ""
      },
      {
        "value": ""
      },
      {
        "value": ""
      },
      {
        "value": ""
      },
      {
        "value": ""
      },
      {
        "value": ""
      },
      {
        "value": ""
      },
      {
        "value": ""
      }
    ],
    [
      {
        "value": 16459.0
      },
      {
        "value": 16599.0
      },
      {
        "value": 17540.0
      },
      {
        "value": 18056.0
      },
      {
        "value": 18371.0
      },
      {
        "value": 18450.0
      },
      {
        "value": 18306.0
      },
      {
        "value": 18001.0
      },
      {
        "value": 16681.0
      }
    ],
    [
      {
        "value": 77520.0
      },
      {
        "value": 75737.0
      },
      {
        "value": 76523.0
      },
      {
        "value": 77058.0
      },
      {
        "value": 78317.0
      },
      {
        "value": 76270.0
      },
      {
        "value": 74919.0
      },
      {
        "value": 73032.0
      },
      {
        "value": 68181.0
      }
    ],
    [
      {
        "value": 93979.0
      },
      {
        "value": 92336.0
      },
      {
        "value": 94063.0
      },
      {
        "value": 95114.0
      },
      {
        "value": 96688.0
      },
      {
        "value": 94720.0
      },
      {
        "value": 93225.0
      },
      {
        "value": 91033.0
      },
      {
        "value": 84862.0
      }
    ],
    [
      {
        "value": ""
      },
      {
        "value": ""
      },
      {
        "value": ""
      },
      {
        "value": ""
      },
      {
        "value": ""
      },
      {
        "value": ""
      },
      {
        "value": ""
      },
      {
        "value": ""
      },
      {
        "value": ""
      }
    ],
    [
      {
        "value": 28976.0
      },
      {
        "value": 29128.0
      },
      {
        "value": 29564.0
      },
      {
        "value": 28507.0
      },
      {
        "value": 29269.0
      },
      {
        "value": 29685.0
      },
      {
        "value": 27207.0
      },
      {
        "value": 26393.0
      },
      {
        "value": 25647.0
      }
    ],
    [
      {
        "value": 67653.0
      },
      {
        "value": 65140.0
      },
      {
        "value": 65006.0
      },
      {
        "value": 64549.0
      },
      {
        "value": 68911.0
      },
      {
        "value": 68229.0
      },
      {
        "value": 64173.0
      },
      {
        "value": 62271.0
      },
      {
        "value": 56540.0
      }
    ],
    [
      {
        "value": 96629.0
      },
      {
        "value": 94268.0
      },
      {
        "value": 94570.0
      },
      {
        "value": 93056.0
      },
      {
        "value": 98180.0
      },
      {
        "value": 97914.0
      },
      {
        "value": 91380.0
      },
      {
        "value": 88664.0
      },
      {
        "value": 82187.0
      }
    ],
    [
      {
        "value": ""
      },
      {
        "value": ""
      },
      {
        "value": ""
      },
      {
        "value": ""
      },
      {
        "value": ""
      },
      {
        "value": ""
      },
      {
        "value": ""
      },
      {
        "value": ""
      },
      {
        "value": ""
      }
    ],
    [
      {
        "value": 72645.0
      },
      {
        "value": 75542.0
      },
      {
        "value": 82106.0
      },
      {
        "value": 83499.0
      },
      {
        "value": 84684.0
      },
      {
        "value": 85947.0
      },
      {
        "value": 85607.0
      },
      {
        "value": 85554.0
      },
      {
        "value": 82116.0
      }
    ],
    [
      {
        "value": ""
      },
      {
        "value": ""
      },
      {
        "value": ""
      },
      {
        "value": ""
      },
      {
        "value": ""
      },
      {
        "value": ""
      },
      {
        "value": ""
      },
      {
        "value": ""
      },
      {
        "value": ""
      }
    ],
    [
      {
        "value": 72645.0
      },
      {
        "value": 75542.0
      },
      {
        "value": 82106.0
      },
      {
        "value": 83499.0
      },
      {
        "value": 84684.0
      },
      {
        "value": 85947.0
      },
      {
        "value": 85607.0
      },
      {
        "value": 85554.0
      },
      {
        "value": 82116.0
      }
    ],
    [
      {
        "value": ""
      },
      {
        "value": ""
      },
      {
        "value": ""
      },
      {
        "value": ""
      },
      {
        "value": ""
      },
      {
        "value": ""
      },
      {
        "value": ""
      },
      {
        "value": ""
      },
      {
        "value": ""
      }
    ],
    [
      {
        "value": 3180.0
      },
      {
        "value": 3606.0
      },
      {
        "value": 3938.0
      },
      {
        "value": 4309.0
      },
      {
        "value": 3934.0
      },
      {
        "value": 3811.0
      },
      {
        "value": 3753.0
      },
      {
        "value": 3461.0
      },
      {
        "value": 3290.0
      }
    ],
    [
      {
        "value": 21462.0
      },
      {
        "value": 22002.0
      },
      {
        "value": 23645.0
      },
      {
        "value": 24378.0
      },
      {
        "value": 24632.0
      },
      {
        "value": 25562.0
      },
      {
        "value": 25922.0
      },
      {
        "value": 24419.0
      },
      {
        "value": 21735.0
      }
    ],
    [
      {
        "value": 24642.0
      },
      {
        "value": 25608.0
      },
      {
        "value": 27583.0
      },
      {
        "value": 28687.0
      },
      {
        "value": 28566.0
      },
      {
        "value": 29373.0
      },
      {
        "value": 29675.0
      },
      {
        "value": 27880.0
      },
      {
        "value": 25025.0
      }
    ],
    [
      {
        "value": ""
      },
      {
        "value": ""
      },
      {
        "value": ""
      },
      {
        "value": ""
      },
      {
        "value": ""
      },
      {
        "value": ""
      },
      {
        "value": ""
      },
      {
        "value": ""
      },
      {
        "value": ""
      }
    ],
    [
      {
        "value": 11013.0
      },
      {
        "value": 11295.0
      },
      {
        "value": 12036.0
      },
      {
        "value": 12473.0
      },
      {
        "value": 12761.0
      },
      {
        "value": 13210.0
      },
      {
        "value": 12706.0
      },
      {
        "value": 13255.0
      },
      {
        "value": 11896.0
      }
    ],
    [
      {
        "value": 82116.0
      },
      {
        "value": 80283.0
      },
      {
        "value": 81656.0
      },
      {
        "value": 84642.0
      },
      {
        "value": 87763.0
      },
      {
        "value": 87315.0
      },
      {
        "value": 80156.0
      },
      {
        "value": 80014.0
      },
      {
        "value": 73422.0
      }
    ],
    [
      {
        "value": 93129.0
      },
      {
        "value": 91578.0
      },
      {
        "value": 93692.0
      },
      {
        "value": 97115.0
      },
      {
        "value": 100524.0
      },
      {
        "value": 100525.0
      },
      {
        "value": 92862.0
      },
      {
        "value": 93269.0
      },
      {
        "value": 85318.0
      }
    ],
    [
      {
        "value": ""
      },
      {
        "value": ""
      },
      {
        "value": ""
      },
      {
        "value": ""
      },
      {
        "value": ""
      },
      {
        "value": ""
      },
      {
        "value": ""
      },
      {
        "value": ""
      },
      {
        "value": ""
      }
    ],
    [
      {
        "value": 154.0
      },
      {
        "value": 131.0
      },
      {
        "value": 140.0
      },
      {
        "value": 146.0
      },
      {
        "value": 181.0
      },
      {
        "value": 198.0
      },
      {
        "value": 188.0
      },
      {
        "value": 143.0
      },
      {
        "value": 146.0
      }
    ],
    [
      {
        "value": 1144.0
      },
      {
        "value": 1074.0
      },
      {
        "value": 1039.0
      },
      {
        "value": 1080.0
      },
      {
        "value": 1228.0
      },
      {
        "value": 1280.0
      },
      {
        "value": 1179.0
      },
      {
        "value": 1071.0
      },
      {
        "value": 986.0
      }
    ],
    [
      {
        "value": 1298.0
      },
      {
        "value": 1205.0
      },
      {
        "value": 1179.0
      },
      {
        "value": 1226.0
      },
      {
        "value": 1409.0
      },
      {
        "value": 1478.0
      },
      {
        "value": 1367.0
      },
      {
        "value": 1214.0
      },
      {
        "value": 1132.0
      }
    ],
    [
      {
        "value": ""
      },
      {
        "value": ""
      },
      {
        "value": ""
      },
      {
        "value": ""
      },
      {
        "value": ""
      },
      {
        "value": ""
      },
      {
        "value": ""
      },
      {
        "value": ""
      },
      {
        "value": ""
      }
    ],
    [
      {
        "value": 132427.0
      },
      {
        "value": 136301.0
      },
      {
        "value": 145324.0
      },
      {
        "value": 146990.0
      },
      {
        "value": 149200.0
      },
      {
        "value": 151301.0
      },
      {
        "value": 147767.0
      },
      {
        "value": 146807.0
      },
      {
        "value": 139776.0
      }
    ],
    [
      {
        "value": 249895.0
      },
      {
        "value": 244236.0
      },
      {
        "value": 247869.0
      },
      {
        "value": 251707.0
      },
      {
        "value": 260851.0
      },
      {
        "value": 258656.0
      },
      {
        "value": 246349.0
      },
      {
        "value": 240807.0
      },
      {
        "value": 220864.0
      }
    ],
    [
      {
        "value": 382322.0
      },
      {
        "value": 380537.0
      },
      {
        "value": 393193.0
      },
      {
        "value": 398697.0
      },
      {
        "value": 410051.0
      },
      {
        "value": 409957.0
      },
      {
        "value": 394116.0
      },
      {
        "value": 387614.0
      },
      {
        "value": 360640.0
      }
    ]
  ]
}