{
  "title": "farms, farms with woodlands and wetlands, woodlands and wetlands, area, average area per farm and as a percentage of agricultural land area, calculated using number, percent and hectares units of measure (appearing as column headers)",
  "top_root": {
    "name": "<TOP>",
    "value": "<TOP>",
    "type": "string",
    "line_idx": null,
    "children_dict": [
      {
        "name": "all farms",
        "value": "all farms",
        "type": "string",
        "children_dict": [
          {
            "name": "number",
            "value": "number",
            "type": "string",
            "children_dict": [],
            "line_idx": 0
          }
        ],
        "line_idx": null
      },
      {
        "name": "farms with woodlands and wetlands",
        "value": "farms with woodlands and wetlands",
        "type": "string",
        "children_dict": [
          {
            "name": "number",
            "value": "number",
            "type": "string",
            "children_dict": [],
            "line_idx": 1
          },
          {
            "name": "percent",
            "value": "percent",
            "type": "string",
            "children_dict": [],
            "line_idx": 2
          }
        ],
        "line_idx": null
      },
      {
        "name": "woodlands and wetlands",
        "value": "woodlands and wetlands",
        "type": "string",
        "children_dict": [
          {
            "name": "area",
            "value": "area",
            "type": "string",
            "children_dict": [
              {
                "name": "hectares",
                "value": "hectares",
                "type": "string",
                "children_dict": [],
                "line_idx": 3
              }
            ],
            "line_idx": null
          },
          {
            "name": "average area per farm",
            "value": "average area per farm",
            "type": "string",
            "children_dict": [
              {
                "name": "hectares",
                "value": "hectares",
                "type": "string",
                "children_dict": [],
                "line_idx": 4
              }
            ],
            "line_idx": null
          },
          {
            "name": "as a percentage of agricultural land area",
            "value": "as a percentage of agricultural land area",
            "type": "string",
            "children_dict": [
              {
                "name": "percent",
                "value": "percent",
                "type": "string",
                "children_dict": [],
                "line_idx": 5
              }
            ],
            "line_idx": null
          }
        ],
        "line_idx": null
      }
    ]
  },
  "left_root": {
    "name": "<LEFT>",
    "value": "<LEFT>",
    "type": "string",
    "line_idx": null,
    "children_dict": [
      {
        "name": "all farms",
        "value": "all farms",
        "type": "string",
        "children_dict": [
          {
            "name": "under 100",
            "value": "under 100",
            "type": "string",
            "children_dict": [],
            "line_idx": 1
          },
          {
            "name": "100 to 199",
            "value": "100 to 199",
            "type": "string",
            "children_dict": [],
            "line_idx": 2
          },
          {
            "name": "200 to 299",
            "value": "200 to 299",
            "type": "string",
            "children_dict": [],
            "line_idx": 3
          },
          {
            "name": "300 to 399",
            "value": "300 to 399",
            "type": "string",
            "children_dict": [],
            "line_idx": 4
          },
          {
            "name": "400 to 499",
            "value": "400 to 499",
            "type": "string",
            "children_dict": [],
            "line_idx": 5
          },
          {
            "name": "500 to 749",
            "value": "500 to 749",
            "type": "string",
            "children_dict": [],
            "line_idx": 6
          },
          {
            "name": "750 to 999",
            "value": "750 to 999",
            "type": "string",
            "children_dict": [],
            "line_idx": 7
          },
          {
            "name": "1,000 to 1,999",
            "value": "1,000 to 1,999",
            "type": "string",
            "children_dict": [],
            "line_idx": 8
          },
          {
            "name": "2,000 or more",
            "value": "2,000 or more",
            "type": "string",
            "children_dict": [],
            "line_idx": 9
          }
        ],
        "line_idx": 0
      }
    ]
  },
  "data": [
    [
      {
        "value": 205730.0
      },
      {
        "value": 102744.0
      },
      {
        "value": 49.9
      },
      {
        "value": 4897367.0
      },
      {
        "value": 47.7
      },
      {
        "value": 7.6
      }
    ],
    [
      {
        "value": 105169.0
      },
      {
        "value": 50058.0
      },
      {
        "value": 47.6
      },
      {
        "value": 722610.0
      },
      {
        "value": 14.4
      },
      {
        "value": 18.4
      }
    ],
    [
      {
        "value": 34182.0
      },
      {
        "value": 19864.0
      },
      {
        "value": 58.1
      },
      {
        "value": 765816.0
      },
      {
        "value": 38.6
      },
      {
        "value": 15.5
      }
    ],
    [
      {
        "value": 15226.0
      },
      {
        "value": 8552.0
      },
      {
        "value": 56.2
      },
      {
        "value": 509738.0
      },
      {
        "value": 59.6
      },
      {
        "value": 13.5
      }
    ],
    [
      {
        "value": 10730.0
      },
      {
        "value": 5684.0
      },
      {
        "value": 53.0
      },
      {
        "value": 393563.0
      },
      {
        "value": 69.2
      },
      {
        "value": 10.5
      }
    ],
    [
      {
        "value": 6650.0
      },
      {
        "value": 3305.0
      },
      {
        "value": 49.7
      },
      {
        "value": 272839.0
      },
      {
        "value": 82.6
      },
      {
        "value": 9.2
      }
    ],
    [
      {
        "value": 11918.0
      },
      {
        "value": 5797.0
      },
      {
        "value": 48.6
      },
      {
        "value": 517592.0
      },
      {
        "value": 89.3
      },
      {
        "value": 7.1
      }
    ],
    [
      {
        "value": 7075.0
      },
      {
        "value": 3262.0
      },
      {
        "value": 46.1
      },
      {
        "value": 369410.0
      },
      {
        "value": 113.2
      },
      {
        "value": 6.1
      }
    ],
    [
      {
        "value": 10145.0
      },
      {
        "value": 4547.0
      },
      {
        "value": 44.8
      },
      {
        "value": 692727.0
      },
      {
        "value": 152.3
      },
      {
        "value": 5.0
      }
    ],
    [
      {
        "value": 4635.0
      },
      {
        "value": 1675.0
      },
      {
        "value": 36.1
      },
      {
        "value": 653073.0
      },
      {
        "value": 389.9
      },
      {
        "value": 3.6
      }
    ]
  ]
}