{
  "title": "admissions of youth to correctional services, by type of supervision and jurisdiction, 2017/2018",
  "top_root": {
    "name": "<TOP>",
    "value": "<TOP>",
    "type": "string",
    "line_idx": null,
    "children_dict": [
      {
        "name": "total custody",
        "value": "total custody",
        "type": "string",
        "children_dict": [
          {
            "name": "number",
            "value": "number",
            "type": "string",
            "children_dict": [],
            "line_idx": 0
          },
          {
            "name": "percent change from 2016/2017",
            "value": "percent change from 2016/2017",
            "type": "string",
            "children_dict": [],
            "line_idx": 1
          }
        ],
        "line_idx": null
      },
      {
        "name": "total community supervision",
        "value": "total community supervision",
        "type": "string",
        "children_dict": [
          {
            "name": "number",
            "value": "number",
            "type": "string",
            "children_dict": [],
            "line_idx": 2
          },
          {
            "name": "percent change from 2016/2017",
            "value": "percent change from 2016/2017",
            "type": "string",
            "children_dict": [],
            "line_idx": 3
          }
        ],
        "line_idx": null
      },
      {
        "name": "total correctional services",
        "value": "total correctional services",
        "type": "string",
        "children_dict": [
          {
            "name": "number",
            "value": "number",
            "type": "string",
            "children_dict": [],
            "line_idx": 4
          },
          {
            "name": "percent change from 2016/2017",
            "value": "percent change from 2016/2017",
            "type": "string",
            "children_dict": [],
            "line_idx": 5
          }
        ],
        "line_idx": null
      }
    ]
  },
  "left_root": {
    "name": "<LEFT>",
    "value": "<LEFT>",
    "type": "string",
    "line_idx": null,
    "children_dict": [
      {
        "name": "newfoundland and labrador",
        "value": "newfoundland and labrador",
        "type": "string",
        "children_dict": [],
        "line_idx": 0
      },
      {
        "name": "prince edward island",
        "value": "prince edward island",
        "type": "string",
        "children_dict": [],
        "line_idx": 1
      },
      {
        "name": "new brunswick",
        "value": "new brunswick",
        "type": "string",
        "children_dict": [],
        "line_idx": 2
      },
      {
        "name": "ontario",
        "value": "ontario",
        "type": "string",
        "children_dict": [],
        "line_idx": 3
      },
      {
        "name": "manitoba",
        "value": "manitoba",
        "type": "string",
        "children_dict": [],
        "line_idx": 4
      },
      {
        "name": "saskatchewan",
        "value": "saskatchewan",
        "type": "string",
        "children_dict": [],
        "line_idx": 5
      },
      {
        "name": "british columbia",
        "value": "british columbia",
        "type": "string",
        "children_dict": [],
        "line_idx": 6
      },
      {
        "name": "northwest territories",
        "value": "northwest territories",
        "type": "string",
        "children_dict": [],
        "line_idx": 7
      },
      {
        "name": "nunavut",
        "value": "nunavut",
        "type": "string",
        "children_dict": [],
        "line_idx": 8
      },
      {
        "name": "total-all jurisdictions",
        "value": "total-all jurisdictions",
        "type": "string",
        "children_dict": [],
        "line_idx": 9
      }
    ]
  },
  "data": [
    [
      {
        "value": 65
      },
      {
        "value": -20
      },
      {
        "value": 192
      },
      {
        "value": 22
      },
      {
        "value": 257
      },
      {
        "value": 8
      }
    ],
    [
      {
        "value": 24
      },
      {
        "value": -35
      },
      {
        "value": 110
      },
      {
        "value": -22
      },
      {
        "value": 134
      },
      {
        "value": -25
      }
    ],
    [
      {
        "value": 212
      },
      {
        "value": 8
      },
      {
        "value": 261
      },
      {
        "value": -8
      },
      {
        "value": 473
      },
      {
        "value": -2
      }
    ],
    [
      {
        "value": 2741
      },
      {
        "value": -17
      },
      {
        "value": 2797
      },
      {
        "value": -11
      },
      {
        "value": 5538
      },
      {
        "value": -14
      }
    ],
    [
      {
        "value": 2058
      },
      {
        "value": -19
      },
      {
        "value": 1542
      },
      {
        "value": -14
      },
      {
        "value": 3600
      },
      {
        "value": -17
      }
    ],
    [
      {
        "value": 1413
      },
      {
        "value": -18
      },
      {
        "value": 2136
      },
      {
        "value": -11
      },
      {
        "value": 3549
      },
      {
        "value": -14
      }
    ],
    [
      {
        "value": 778
      },
      {
        "value": -11
      },
      {
        "value": 2192
      },
      {
        "value": 1
      },
      {
        "value": 2970
      },
      {
        "value": -3
      }
    ],
    [
      {
        "value": 57
      },
      {
        "value": 50
      },
      {
        "value": 47
      },
      {
        "value": 15
      },
      {
        "value": 104
      },
      {
        "value": 32
      }
    ],
    [
      {
        "value": 13
      },
      {
        "value": -67
      },
      {
        "value": 26
      },
      {
        "value": -35
      },
      {
        "value": 39
      },
      {
        "value": -51
      }
    ],
    [
      {
        "value": 7361
      },
      {
        "value": -16
      },
      {
        "value": 9303
      },
      {
        "value": -9
      },
      {
        "value": 16664
      },
      {
        "value": -12
      }
    ]
  ]
}