{
  "title": "admissions of youth to correctional services, by characteristics of the person admitted and type of supervision program, selected jurisdictions, 2017/2018",
  "top_root": {
    "name": "<TOP>",
    "value": "<TOP>",
    "type": "string",
    "line_idx": null,
    "children_dict": [
      {
        "name": "total custody",
        "value": "total custody",
        "type": "string",
        "children_dict": [
          {
            "name": "number",
            "value": "number",
            "type": "string",
            "children_dict": [],
            "line_idx": 0
          },
          {
            "name": "percent of total",
            "value": "percent of total",
            "type": "string",
            "children_dict": [],
            "line_idx": 1
          }
        ],
        "line_idx": null
      },
      {
        "name": "total community supervision",
        "value": "total community supervision",
        "type": "string",
        "children_dict": [
          {
            "name": "number",
            "value": "number",
            "type": "string",
            "children_dict": [],
            "line_idx": 2
          },
          {
            "name": "percent of total",
            "value": "percent of total",
            "type": "string",
            "children_dict": [],
            "line_idx": 3
          }
        ],
        "line_idx": null
      },
      {
        "name": "total correctional services",
        "value": "total correctional services",
        "type": "string",
        "children_dict": [
          {
            "name": "number",
            "value": "number",
            "type": "string",
            "children_dict": [],
            "line_idx": 4
          },
          {
            "name": "percent of total",
            "value": "percent of total",
            "type": "string",
            "children_dict": [],
            "line_idx": 5
          }
        ],
        "line_idx": null
      }
    ]
  },
  "left_root": {
    "name": "<LEFT>",
    "value": "<LEFT>",
    "type": "string",
    "line_idx": null,
    "children_dict": [
      {
        "name": "age",
        "value": "age",
        "type": "string",
        "children_dict": [
          {
            "name": "12 years",
            "value": "12 years",
            "type": "string",
            "children_dict": [],
            "line_idx": 1
          },
          {
            "name": "13 years",
            "value": "13 years",
            "type": "string",
            "children_dict": [],
            "line_idx": 2
          },
          {
            "name": "14 years",
            "value": "14 years",
            "type": "string",
            "children_dict": [],
            "line_idx": 3
          },
          {
            "name": "15 years",
            "value": "15 years",
            "type": "string",
            "children_dict": [],
            "line_idx": 4
          },
          {
            "name": "16 years",
            "value": "16 years",
            "type": "string",
            "children_dict": [],
            "line_idx": 5
          },
          {
            "name": "17 years",
            "value": "17 years",
            "type": "string",
            "children_dict": [],
            "line_idx": 6
          },
          {
            "name": "18 years and older",
            "value": "18 years and older",
            "type": "string",
            "children_dict": [],
            "line_idx": 7
          },
          {
            "name": "unknown age",
            "value": "unknown age",
            "type": "string",
            "children_dict": [],
            "line_idx": 8
          }
        ],
        "line_idx": 0
      },
      {
        "name": "sex",
        "value": "sex",
        "type": "string",
        "children_dict": [
          {
            "name": "male",
            "value": "male",
            "type": "string",
            "children_dict": [],
            "line_idx": 10
          },
          {
            "name": "female",
            "value": "female",
            "type": "string",
            "children_dict": [],
            "line_idx": 11
          },
          {
            "name": "unknown sex",
            "value": "unknown sex",
            "type": "string",
            "children_dict": [],
            "line_idx": 12
          }
        ],
        "line_idx": 9
      },
      {
        "name": "aboriginal identity",
        "value": "aboriginal identity",
        "type": "string",
        "children_dict": [
          {
            "name": "aboriginal",
            "value": "aboriginal",
            "type": "string",
            "children_dict": [],
            "line_idx": 14
          },
          {
            "name": "non-aboriginal",
            "value": "non-aboriginal",
            "type": "string",
            "children_dict": [],
            "line_idx": 15
          },
          {
            "name": "unknown",
            "value": "unknown",
            "type": "string",
            "children_dict": [],
            "line_idx": 16
          }
        ],
        "line_idx": 13
      },
      {
        "name": "total-all jurisdictions",
        "value": "total-all jurisdictions",
        "type": "string",
        "children_dict": [],
        "line_idx": 17
      }
    ]
  },
  "data": [
    [
      {
        "value": ""
      },
      {
        "value": ""
      },
      {
        "value": ""
      },
      {
        "value": ""
      },
      {
        "value": ""
      },
      {
        "value": ""
      }
    ],
    [
      {
        "value": 69.0
      },
      {
        "value": 1.0
      },
      {
        "value": 87.0
      },
      {
        "value": 1.0
      },
      {
        "value": 156.0
      },
      {
        "value": 1.0
      }
    ],
    [
      {
        "value": 293.0
      },
      {
        "value": 4.0
      },
      {
        "value": 393.0
      },
      {
        "value": 4.0
      },
      {
        "value": 686.0
      },
      {
        "value": 4.0
      }
    ],
    [
      {
        "value": 723.0
      },
      {
        "value": 10.0
      },
      {
        "value": 794.0
      },
      {
        "value": 9.0
      },
      {
        "value": 1517.0
      },
      {
        "value": 9.0
      }
    ],
    [
      {
        "value": 1309.0
      },
      {
        "value": 18.0
      },
      {
        "value": 1466.0
      },
      {
        "value": 16.0
      },
      {
        "value": 2775.0
      },
      {
        "value": 17.0
      }
    ],
    [
      {
        "value": 2020.0
      },
      {
        "value": 27.0
      },
      {
        "value": 2066.0
      },
      {
        "value": 22.0
      },
      {
        "value": 4086.0
      },
      {
        "value": 25.0
      }
    ],
    [
      {
        "value": 2397.0
      },
      {
        "value": 33.0
      },
      {
        "value": 2480.0
      },
      {
        "value": 27.0
      },
      {
        "value": 4877.0
      },
      {
        "value": 29.0
      }
    ],
    [
      {
        "value": 549.0
      },
      {
        "value": 7.0
      },
      {
        "value": 2014.0
      },
      {
        "value": 22.0
      },
      {
        "value": 2563.0
      },
      {
        "value": 15.0
      }
    ],
    [
      {
        "value": 1.0
      },
      {
        "value": 0.0
      },
      {
        "value": 3.0
      },
      {
        "value": 0.0
      },
      {
        "value": 4.0
      },
      {
        "value": 0.0
      }
    ],
    [
      {
        "value": ""
      },
      {
        "value": ""
      },
      {
        "value": ""
      },
      {
        "value": ""
      },
      {
        "value": ""
      },
      {
        "value": ""
      }
    ],
    [
      {
        "value": 5625.0
      },
      {
        "value": 76.0
      },
      {
        "value": 7113.0
      },
      {
        "value": 76.0
      },
      {
        "value": 12738.0
      },
      {
        "value": 76.0
      }
    ],
    [
      {
        "value": 1732.0
      },
      {
        "value": 24.0
      },
      {
        "value": 2169.0
      },
      {
        "value": 23.0
      },
      {
        "value": 3901.0
      },
      {
        "value": 23.0
      }
    ],
    [
      {
        "value": 4.0
      },
      {
        "value": 0.0
      },
      {
        "value": 21.0
      },
      {
        "value": 0.0
      },
      {
        "value": 25.0
      },
      {
        "value": 0.0
      }
    ],
    [
      {
        "value": ""
      },
      {
        "value": ""
      },
      {
        "value": ""
      },
      {
        "value": ""
      },
      {
        "value": ""
      },
      {
        "value": ""
      }
    ],
    [
      {
        "value": 3541.0
      },
      {
        "value": 48.0
      },
      {
        "value": 3653.0
      },
      {
        "value": 39.0
      },
      {
        "value": 7194.0
      },
      {
        "value": 43.0
      }
    ],
    [
      {
        "value": 3621.0
      },
      {
        "value": 49.0
      },
      {
        "value": 5009.0
      },
      {
        "value": 54.0
      },
      {
        "value": 8630.0
      },
      {
        "value": 52.0
      }
    ],
    [
      {
        "value": 199.0
      },
      {
        "value": 3.0
      },
      {
        "value": 641.0
      },
      {
        "value": 7.0
      },
      {
        "value": 840.0
      },
      {
        "value": 5.0
      }
    ],
    [
      {
        "value": 7361.0
      },
      {
        "value": 100.0
      },
      {
        "value": 9303.0
      },
      {
        "value": 100.0
      },
      {
        "value": 16664.0
      },
      {
        "value": 100.0
      }
    ]
  ]
}