{
  "title": "career statistics",
  "top_root": {
    "name": "<TOP>",
    "value": "<TOP>",
    "type": "string",
    "line_idx": null,
    "children_dict": [
      {
        "name": "league",
        "value": "league",
        "type": "string",
        "children_dict": [
          {
            "name": "division",
            "value": "division",
            "type": "string",
            "children_dict": [],
            "line_idx": 0
          },
          {
            "name": "apps",
            "value": "apps",
            "type": "string",
            "children_dict": [],
            "line_idx": 1
          },
          {
            "name": "goals",
            "value": "goals",
            "type": "string",
            "children_dict": [],
            "line_idx": 2
          }
        ],
        "line_idx": null
      },
      {
        "name": "fa cup",
        "value": "fa cup",
        "type": "string",
        "children_dict": [
          {
            "name": "apps",
            "value": "apps",
            "type": "string",
            "children_dict": [],
            "line_idx": 3
          },
          {
            "name": "goals",
            "value": "goals",
            "type": "string",
            "children_dict": [],
            "line_idx": 4
          }
        ],
        "line_idx": null
      },
      {
        "name": "total",
        "value": "total",
        "type": "string",
        "children_dict": [
          {
            "name": "apps",
            "value": "apps",
            "type": "string",
            "children_dict": [],
            "line_idx": 5
          },
          {
            "name": "goals",
            "value": "goals",
            "type": "string",
            "children_dict": [],
            "line_idx": 6
          }
        ],
        "line_idx": null
      }
    ]
  },
  "left_root": {
    "name": "<LEFT>",
    "value": "<LEFT>",
    "type": "string",
    "line_idx": null,
    "children_dict": [
      {
        "name": "huddersfield town",
        "value": "huddersfield town",
        "type": "string",
        "children_dict": [
          {
            "name": "1914-15",
            "value": "1914-15",
            "type": "string",
            "children_dict": [],
            "line_idx": 0
          },
          {
            "name": "1919-20",
            "value": "1919-20",
            "type": "string",
            "children_dict": [],
            "line_idx": 1
          },
          {
            "name": "1920-21",
            "value": "1920-21",
            "type": "string",
            "children_dict": [],
            "line_idx": 2
          },
          {
            "name": "total",
            "value": "total",
            "type": "string",
            "children_dict": [],
            "line_idx": 3
          }
        ],
        "line_idx": null
      },
      {
        "name": "brentford",
        "value": "brentford",
        "type": "string",
        "children_dict": [
          {
            "name": "1921-22",
            "value": "1921-22",
            "type": "string",
            "children_dict": [],
            "line_idx": 4
          }
        ],
        "line_idx": null
      },
      {
        "name": "career total",
        "value": "career total",
        "type": "string",
        "children_dict": [],
        "line_idx": 5
      }
    ]
  },
  "data": [
    [
      {
        "value": "second division"
      },
      {
        "value": 28
      },
      {
        "value": 16
      },
      {
        "value": 1.0
      },
      {
        "value": 0.0
      },
      {
        "value": 29
      },
      {
        "value": 16
      }
    ],
    [
      {
        "value": "second division"
      },
      {
        "value": 13
      },
      {
        "value": 3
      },
      {
        "value": 1.0
      },
      {
        "value": 1.0
      },
      {
        "value": 14
      },
      {
        "value": 4
      }
    ],
    [
      {
        "value": "first division"
      },
      {
        "value": 4
      },
      {
        "value": 2
      },
      {
        "value": "-"
      },
      {
        "value": "-"
      },
      {
        "value": 4
      },
      {
        "value": 2
      }
    ],
    [
      {
        "value": ""
      },
      {
        "value": 45
      },
      {
        "value": 21
      },
      {
        "value": 2.0
      },
      {
        "value": 1.0
      },
      {
        "value": 47
      },
      {
        "value": 22
      }
    ],
    [
      {
        "value": "third division south"
      },
      {
        "value": 8
      },
      {
        "value": 1
      },
      {
        "value": 1.0
      },
      {
        "value": 0.0
      },
      {
        "value": 9
      },
      {
        "value": 1
      }
    ],
    [
      {
        "value": ""
      },
      {
        "value": 53
      },
      {
        "value": 22
      },
      {
        "value": 3.0
      },
      {
        "value": 1.0
      },
      {
        "value": 56
      },
      {
        "value": 23
      }
    ]
  ]
}