{
  "title": "free state dual internationals",
  "top_root": {
    "name": "<TOP>",
    "value": "<TOP>",
    "type": "string",
    "line_idx": null,
    "children_dict": [
      {
        "name": "ireland ifa xi",
        "value": "ireland ifa xi",
        "type": "string",
        "children_dict": [
          {
            "name": "years",
            "value": "years",
            "type": "string",
            "children_dict": [],
            "line_idx": 0
          },
          {
            "name": "apps",
            "value": "apps",
            "type": "string",
            "children_dict": [],
            "line_idx": 1
          },
          {
            "name": "goals",
            "value": "goals",
            "type": "string",
            "children_dict": [],
            "line_idx": 2
          }
        ],
        "line_idx": null
      },
      {
        "name": "republic of ireland fai xi",
        "value": "republic of ireland fai xi",
        "type": "string",
        "children_dict": [
          {
            "name": "years",
            "value": "years",
            "type": "string",
            "children_dict": [],
            "line_idx": 3
          },
          {
            "name": "apps",
            "value": "apps",
            "type": "string",
            "children_dict": [],
            "line_idx": 4
          },
          {
            "name": "goals",
            "value": "goals",
            "type": "string",
            "children_dict": [],
            "line_idx": 5
          }
        ],
        "line_idx": null
      }
    ]
  },
  "left_root": {
    "name": "<LEFT>",
    "value": "<LEFT>",
    "type": "string",
    "line_idx": null,
    "children_dict": [
      {
        "name": "dinny hannon",
        "value": "dinny hannon",
        "type": "string",
        "children_dict": [],
        "line_idx": 0
      },
      {
        "name": "bill lacey",
        "value": "bill lacey",
        "type": "string",
        "children_dict": [],
        "line_idx": 1
      },
      {
        "name": "patsy gallacher",
        "value": "patsy gallacher",
        "type": "string",
        "children_dict": [],
        "line_idx": 2
      },
      {
        "name": "ed brookes",
        "value": "ed brookes",
        "type": "string",
        "children_dict": [],
        "line_idx": 3
      },
      {
        "name": "mick o'brien",
        "value": "mick o'brien",
        "type": "string",
        "children_dict": [],
        "line_idx": 4
      },
      {
        "name": "frank collins",
        "value": "frank collins",
        "type": "string",
        "children_dict": [],
        "line_idx": 5
      },
      {
        "name": "tom farquharson",
        "value": "tom farquharson",
        "type": "string",
        "children_dict": [],
        "line_idx": 6
      },
      {
        "name": "christy martin",
        "value": "christy martin",
        "type": "string",
        "children_dict": [],
        "line_idx": 7
      },
      {
        "name": "jimmy dunne",
        "value": "jimmy dunne",
        "type": "string",
        "children_dict": [],
        "line_idx": 8
      },
      {
        "name": "harry duggan",
        "value": "harry duggan",
        "type": "string",
        "children_dict": [],
        "line_idx": 9
      },
      {
        "name": "peter kavanagh",
        "value": "peter kavanagh",
        "type": "string",
        "children_dict": [],
        "line_idx": 10
      },
      {
        "name": "jimmy kelly",
        "value": "jimmy kelly",
        "type": "string",
        "children_dict": [],
        "line_idx": 11
      },
      {
        "name": "alex stevenson",
        "value": "alex stevenson",
        "type": "string",
        "children_dict": [],
        "line_idx": 12
      },
      {
        "name": "paddy moore",
        "value": "paddy moore",
        "type": "string",
        "children_dict": [],
        "line_idx": 13
      },
      {
        "name": "tommy breen",
        "value": "tommy breen",
        "type": "string",
        "children_dict": [],
        "line_idx": 14
      },
      {
        "name": "tom davis",
        "value": "tom davis",
        "type": "string",
        "children_dict": [],
        "line_idx": 15
      },
      {
        "name": "kevin o'flanagan",
        "value": "kevin o'flanagan",
        "type": "string",
        "children_dict": [],
        "line_idx": 16
      },
      {
        "name": "johnny carey",
        "value": "johnny carey",
        "type": "string",
        "children_dict": [],
        "line_idx": 17
      },
      {
        "name": "owen madden",
        "value": "owen madden",
        "type": "string",
        "children_dict": [],
        "line_idx": 18
      },
      {
        "name": "bill hayes",
        "value": "bill hayes",
        "type": "string",
        "children_dict": [],
        "line_idx": 19
      },
      {
        "name": "bill gorman",
        "value": "bill gorman",
        "type": "string",
        "children_dict": [],
        "line_idx": 20
      },
      {
        "name": "paddy farrell",
        "value": "paddy farrell",
        "type": "string",
        "children_dict": [],
        "line_idx": 21
      },
      {
        "name": "matt o'mahoney",
        "value": "matt o'mahoney",
        "type": "string",
        "children_dict": [],
        "line_idx": 22
      },
      {
        "name": "ned weir",
        "value": "ned weir",
        "type": "string",
        "children_dict": [],
        "line_idx": 23
      },
      {
        "name": "billy walsh",
        "value": "billy walsh",
        "type": "string",
        "children_dict": [],
        "line_idx": 24
      },
      {
        "name": "davy walsh",
        "value": "davy walsh",
        "type": "string",
        "children_dict": [],
        "line_idx": 25
      },
      {
        "name": "tom aherne",
        "value": "tom aherne",
        "type": "string",
        "children_dict": [],
        "line_idx": 26
      },
      {
        "name": "peter farrell",
        "value": "peter farrell",
        "type": "string",
        "children_dict": [],
        "line_idx": 27
      },
      {
        "name": "tommy eglington",
        "value": "tommy eglington",
        "type": "string",
        "children_dict": [],
        "line_idx": 28
      },
      {
        "name": "con martin",
        "value": "con martin",
        "type": "string",
        "children_dict": [],
        "line_idx": 29
      },
      {
        "name": "jackie o'driscoll",
        "value": "jackie o'driscoll",
        "type": "string",
        "children_dict": [],
        "line_idx": 30
      },
      {
        "name": "rory keane",
        "value": "rory keane",
        "type": "string",
        "children_dict": [],
        "line_idx": 31
      },
      {
        "name": "reg ryan",
        "value": "reg ryan",
        "type": "string",
        "children_dict": [],
        "line_idx": 32
      }
    ]
  },
  "data": [
    [
      {
        "value": "1908-1913"
      },
      {
        "value": 6
      },
      {
        "value": 1
      },
      {
        "value": 1924.0
      },
      {
        "value": 2
      },
      {
        "value": 0
      }
    ],
    [
      {
        "value": "1909-1924"
      },
      {
        "value": 23
      },
      {
        "value": 3
      },
      {
        "value": "1927-1930"
      },
      {
        "value": 3
      },
      {
        "value": 1
      }
    ],
    [
      {
        "value": "1919-1927"
      },
      {
        "value": 11
      },
      {
        "value": 0
      },
      {
        "value": 1931.0
      },
      {
        "value": 1
      },
      {
        "value": 0
      }
    ],
    [
      {
        "value": 1920.0
      },
      {
        "value": 1
      },
      {
        "value": 0
      },
      {
        "value": 1924.0
      },
      {
        "value": 1
      },
      {
        "value": 3
      }
    ],
    [
      {
        "value": "1921-1927"
      },
      {
        "value": 10
      },
      {
        "value": 0
      },
      {
        "value": "1927-1932"
      },
      {
        "value": 4
      },
      {
        "value": 0
      }
    ],
    [
      {
        "value": 1922.0
      },
      {
        "value": 1
      },
      {
        "value": 0
      },
      {
        "value": "1924-1927"
      },
      {
        "value": 2
      },
      {
        "value": 0
      }
    ],
    [
      {
        "value": "1923-1925"
      },
      {
        "value": 7
      },
      {
        "value": 0
      },
      {
        "value": "1929-1931"
      },
      {
        "value": 4
      },
      {
        "value": 0
      }
    ],
    [
      {
        "value": 1925.0
      },
      {
        "value": 1
      },
      {
        "value": 0
      },
      {
        "value": 1927.0
      },
      {
        "value": 1
      },
      {
        "value": 0
      }
    ],
    [
      {
        "value": "1928-1932"
      },
      {
        "value": 7
      },
      {
        "value": 4
      },
      {
        "value": "1930-1939"
      },
      {
        "value": 15
      },
      {
        "value": 13
      }
    ],
    [
      {
        "value": "1929-1935"
      },
      {
        "value": 8
      },
      {
        "value": 0
      },
      {
        "value": "1927-1937"
      },
      {
        "value": 5
      },
      {
        "value": 1
      }
    ],
    [
      {
        "value": 1929.0
      },
      {
        "value": 1
      },
      {
        "value": 0
      },
      {
        "value": 1931.0
      },
      {
        "value": 2
      },
      {
        "value": 0
      }
    ],
    [
      {
        "value": "1931-1936"
      },
      {
        "value": 11
      },
      {
        "value": 4
      },
      {
        "value": "1932-1936"
      },
      {
        "value": 5
      },
      {
        "value": 2
      }
    ],
    [
      {
        "value": "1933-1947"
      },
      {
        "value": 19
      },
      {
        "value": 5
      },
      {
        "value": "1932-1948"
      },
      {
        "value": 7
      },
      {
        "value": 0
      }
    ],
    [
      {
        "value": 1932.0
      },
      {
        "value": 1
      },
      {
        "value": 0
      },
      {
        "value": "1931-1936"
      },
      {
        "value": 9
      },
      {
        "value": 7
      }
    ],
    [
      {
        "value": "1935-1946"
      },
      {
        "value": 13
      },
      {
        "value": 0
      },
      {
        "value": "1937-1947"
      },
      {
        "value": 5
      },
      {
        "value": 0
      }
    ],
    [
      {
        "value": 1936.0
      },
      {
        "value": 1
      },
      {
        "value": 1
      },
      {
        "value": "1936-1938"
      },
      {
        "value": 4
      },
      {
        "value": 4
      }
    ],
    [
      {
        "value": 1946.0
      },
      {
        "value": 2
      },
      {
        "value": 0
      },
      {
        "value": "1937-1947"
      },
      {
        "value": 10
      },
      {
        "value": 3
      }
    ],
    [
      {
        "value": "1946-1949"
      },
      {
        "value": 9
      },
      {
        "value": 0
      },
      {
        "value": "1937-1952"
      },
      {
        "value": 27
      },
      {
        "value": 3
      }
    ],
    [
      {
        "value": 1937.0
      },
      {
        "value": 1
      },
      {
        "value": 0
      },
      {
        "value": 1936.0
      },
      {
        "value": 1
      },
      {
        "value": 1
      }
    ],
    [
      {
        "value": "1937-1938"
      },
      {
        "value": 4
      },
      {
        "value": 0
      },
      {
        "value": "1946-1947"
      },
      {
        "value": 2
      },
      {
        "value": 0
      }
    ],
    [
      {
        "value": "1946-1948"
      },
      {
        "value": 4
      },
      {
        "value": 0
      },
      {
        "value": "1936-1947"
      },
      {
        "value": 13
      },
      {
        "value": 0
      }
    ],
    [
      {
        "value": 1938.0
      },
      {
        "value": 1
      },
      {
        "value": 0
      },
      {
        "value": 1937.0
      },
      {
        "value": 2
      },
      {
        "value": 0
      }
    ],
    [
      {
        "value": 1938.0
      },
      {
        "value": 1
      },
      {
        "value": 0
      },
      {
        "value": "1938-1939"
      },
      {
        "value": 6
      },
      {
        "value": 0
      }
    ],
    [
      {
        "value": 1939.0
      },
      {
        "value": 1
      },
      {
        "value": 0
      },
      {
        "value": 1939.0
      },
      {
        "value": 3
      },
      {
        "value": 0
      }
    ],
    [
      {
        "value": "1944-1948"
      },
      {
        "value": 6
      },
      {
        "value": 0
      },
      {
        "value": "1946-1950"
      },
      {
        "value": 9
      },
      {
        "value": 0
      }
    ],
    [
      {
        "value": "1946-1950"
      },
      {
        "value": 11
      },
      {
        "value": 7
      },
      {
        "value": "1946-1953"
      },
      {
        "value": 20
      },
      {
        "value": 5
      }
    ],
    [
      {
        "value": "1946-1950"
      },
      {
        "value": 6
      },
      {
        "value": 0
      },
      {
        "value": "1946-1953"
      },
      {
        "value": 16
      },
      {
        "value": 0
      }
    ],
    [
      {
        "value": "1946-1950"
      },
      {
        "value": 7
      },
      {
        "value": 0
      },
      {
        "value": "1946-1953"
      },
      {
        "value": 28
      },
      {
        "value": 3
      }
    ],
    [
      {
        "value": "1946-1948"
      },
      {
        "value": 6
      },
      {
        "value": 0
      },
      {
        "value": "1946-1953"
      },
      {
        "value": 24
      },
      {
        "value": 2
      }
    ],
    [
      {
        "value": "1946-1950"
      },
      {
        "value": 6
      },
      {
        "value": 0
      },
      {
        "value": "1946-1956"
      },
      {
        "value": 30
      },
      {
        "value": 6
      }
    ],
    [
      {
        "value": "1948-1949"
      },
      {
        "value": 3
      },
      {
        "value": 0
      },
      {
        "value": "1948-1949"
      },
      {
        "value": 3
      },
      {
        "value": 0
      }
    ],
    [
      {
        "value": 1948.0
      },
      {
        "value": 1
      },
      {
        "value": 0
      },
      {
        "value": "1948-1949"
      },
      {
        "value": 4
      },
      {
        "value": 0
      }
    ],
    [
      {
        "value": 1950.0
      },
      {
        "value": 1
      },
      {
        "value": 0
      },
      {
        "value": "1946-1953"
      },
      {
        "value": 16
      },
      {
        "value": 3
      }
    ]
  ]
}