{
  "title": "career statistics",
  "top_root": {
    "name": "<TOP>",
    "value": "<TOP>",
    "type": "string",
    "line_idx": null,
    "children_dict": [
      {
        "name": "receiving",
        "value": "receiving",
        "type": "string",
        "children_dict": [
          {
            "name": "rec",
            "value": "rec",
            "type": "string",
            "children_dict": [],
            "line_idx": 0
          },
          {
            "name": "yds",
            "value": "yds",
            "type": "string",
            "children_dict": [],
            "line_idx": 1
          },
          {
            "name": "avg",
            "value": "avg",
            "type": "string",
            "children_dict": [],
            "line_idx": 2
          },
          {
            "name": "lng",
            "value": "lng",
            "type": "string",
            "children_dict": [],
            "line_idx": 3
          },
          {
            "name": "td",
            "value": "td",
            "type": "string",
            "children_dict": [],
            "line_idx": 4
          }
        ],
        "line_idx": null
      },
      {
        "name": "fumbles",
        "value": "fumbles",
        "type": "string",
        "children_dict": [
          {
            "name": "fum",
            "value": "fum",
            "type": "string",
            "children_dict": [],
            "line_idx": 5
          },
          {
            "name": "lost",
            "value": "lost",
            "type": "string",
            "children_dict": [],
            "line_idx": 6
          }
        ],
        "line_idx": null
      }
    ]
  },
  "left_root": {
    "name": "<LEFT>",
    "value": "<LEFT>",
    "type": "string",
    "line_idx": null,
    "children_dict": [
      {
        "name": "2015",
        "value": "2015",
        "type": "string",
        "children_dict": [
          {
            "name": "oak",
            "value": "oak",
            "type": "string",
            "children_dict": [
              {
                "name": "16",
                "value": "16",
                "type": "string",
                "children_dict": [
                  {
                    "name": "2",
                    "value": "2",
                    "type": "string",
                    "children_dict": [],
                    "line_idx": 0
                  }
                ],
                "line_idx": null
              }
            ],
            "line_idx": null
          }
        ],
        "line_idx": null
      },
      {
        "name": "2016",
        "value": "2016",
        "type": "string",
        "children_dict": [
          {
            "name": "oak",
            "value": "oak",
            "type": "string",
            "children_dict": [
              {
                "name": "15",
                "value": "15",
                "type": "string",
                "children_dict": [
                  {
                    "name": "8",
                    "value": "8",
                    "type": "string",
                    "children_dict": [],
                    "line_idx": 1
                  }
                ],
                "line_idx": null
              }
            ],
            "line_idx": null
          }
        ],
        "line_idx": null
      },
      {
        "name": "2017",
        "value": "2017",
        "type": "string",
        "children_dict": [
          {
            "name": "oak",
            "value": "oak",
            "type": "string",
            "children_dict": [
              {
                "name": "13",
                "value": "13",
                "type": "string",
                "children_dict": [
                  {
                    "name": "0",
                    "value": "0",
                    "type": "string",
                    "children_dict": [],
                    "line_idx": 2
                  }
                ],
                "line_idx": null
              }
            ],
            "line_idx": null
          }
        ],
        "line_idx": null
      },
      {
        "name": "career",
        "value": "career",
        "type": "string",
        "children_dict": [],
        "line_idx": 3
      },
      {
        "name": "44",
        "value": "44",
        "type": "string",
        "children_dict": [
          {
            "name": "10",
            "value": "10",
            "type": "string",
            "children_dict": [],
            "line_idx": 3
          }
        ],
        "line_idx": null
      }
    ]
  },
  "data": [
    [
      {
        "value": 28
      },
      {
        "value": 283
      },
      {
        "value": 11.8
      },
      {
        "value": 33
      },
      {
        "value": 3
      },
      {
        "value": "-"
      },
      {
        "value": "-"
      }
    ],
    [
      {
        "value": 33
      },
      {
        "value": 359
      },
      {
        "value": 10.9
      },
      {
        "value": 31
      },
      {
        "value": 3
      },
      {
        "value": "-"
      },
      {
        "value": "-"
      }
    ],
    [
      {
        "value": 9
      },
      {
        "value": 80
      },
      {
        "value": 8.9
      },
      {
        "value": 26
      },
      {
        "value": 0
      },
      {
        "value": "-"
      },
      {
        "value": "-"
      }
    ],
    [
      {
        "value": 70
      },
      {
        "value": 768
      },
      {
        "value": 11.0
      },
      {
        "value": 33
      },
      {
        "value": 6
      },
      {
        "value": 0.0
      },
      {
        "value": 0.0
      }
    ]
  ]
}