{
  "title": "culture jobs, 2010 to 2014",
  "top_root": {
    "name": "<TOP>",
    "value": "<TOP>",
    "type": "string",
    "line_idx": null,
    "children_dict": [
      {
        "name": "2010",
        "value": "2010",
        "type": "string",
        "children_dict": [
          {
            "name": "number of jobs",
            "value": "number of jobs",
            "type": "string",
            "children_dict": [],
            "line_idx": 0
          }
        ],
        "line_idx": null
      },
      {
        "name": "2011",
        "value": "2011",
        "type": "string",
        "children_dict": [
          {
            "name": "number of jobs",
            "value": "number of jobs",
            "type": "string",
            "children_dict": [],
            "line_idx": 1
          }
        ],
        "line_idx": null
      },
      {
        "name": "2012",
        "value": "2012",
        "type": "string",
        "children_dict": [
          {
            "name": "number of jobs",
            "value": "number of jobs",
            "type": "string",
            "children_dict": [],
            "line_idx": 2
          }
        ],
        "line_idx": null
      },
      {
        "name": "2013",
        "value": "2013",
        "type": "string",
        "children_dict": [
          {
            "name": "number of jobs",
            "value": "number of jobs",
            "type": "string",
            "children_dict": [],
            "line_idx": 3
          }
        ],
        "line_idx": null
      },
      {
        "name": "2014",
        "value": "2014",
        "type": "string",
        "children_dict": [
          {
            "name": "number of jobs",
            "value": "number of jobs",
            "type": "string",
            "children_dict": [],
            "line_idx": 4
          }
        ],
        "line_idx": null
      },
      {
        "name": "2011",
        "value": "2011",
        "type": "string",
        "children_dict": [
          {
            "name": "percentage change",
            "value": "percentage change",
            "type": "string",
            "children_dict": [],
            "line_idx": 5
          }
        ],
        "line_idx": null
      },
      {
        "name": "2012",
        "value": "2012",
        "type": "string",
        "children_dict": [
          {
            "name": "percentage change",
            "value": "percentage change",
            "type": "string",
            "children_dict": [],
            "line_idx": 6
          }
        ],
        "line_idx": null
      },
      {
        "name": "2013",
        "value": "2013",
        "type": "string",
        "children_dict": [
          {
            "name": "percentage change",
            "value": "percentage change",
            "type": "string",
            "children_dict": [],
            "line_idx": 7
          }
        ],
        "line_idx": null
      },
      {
        "name": "2014",
        "value": "2014",
        "type": "string",
        "children_dict": [
          {
            "name": "percentage change",
            "value": "percentage change",
            "type": "string",
            "children_dict": [],
            "line_idx": 8
          }
        ],
        "line_idx": null
      }
    ]
  },
  "left_root": {
    "name": "<LEFT>",
    "value": "<LEFT>",
    "type": "string",
    "line_idx": null,
    "children_dict": [
      {
        "name": "canada",
        "value": "canada",
        "type": "string",
        "children_dict": [],
        "line_idx": 0
      },
      {
        "name": "newfoundland and labrador",
        "value": "newfoundland and labrador",
        "type": "string",
        "children_dict": [],
        "line_idx": 1
      },
      {
        "name": "prince edward island",
        "value": "prince edward island",
        "type": "string",
        "children_dict": [],
        "line_idx": 2
      },
      {
        "name": "nova scotia",
        "value": "nova scotia",
        "type": "string",
        "children_dict": [],
        "line_idx": 3
      },
      {
        "name": "new brunswick",
        "value": "new brunswick",
        "type": "string",
        "children_dict": [],
        "line_idx": 4
      },
      {
        "name": "quebec",
        "value": "quebec",
        "type": "string",
        "children_dict": [],
        "line_idx": 5
      },
      {
        "name": "ontario",
        "value": "ontario",
        "type": "string",
        "children_dict": [],
        "line_idx": 6
      },
      {
        "name": "manitoba",
        "value": "manitoba",
        "type": "string",
        "children_dict": [],
        "line_idx": 7
      },
      {
        "name": "saskatchewan",
        "value": "saskatchewan",
        "type": "string",
        "children_dict": [],
        "line_idx": 8
      },
      {
        "name": "alberta",
        "value": "alberta",
        "type": "string",
        "children_dict": [],
        "line_idx": 9
      },
      {
        "name": "british columbia",
        "value": "british columbia",
        "type": "string",
        "children_dict": [],
        "line_idx": 10
      },
      {
        "name": "yukon",
        "value": "yukon",
        "type": "string",
        "children_dict": [],
        "line_idx": 11
      },
      {
        "name": "northwest territories",
        "value": "northwest territories",
        "type": "string",
        "children_dict": [],
        "line_idx": 12
      },
      {
        "name": "nunavut",
        "value": "nunavut",
        "type": "string",
        "children_dict": [],
        "line_idx": 13
      }
    ]
  },
  "data": [
    [
      {
        "value": 625206.0
      },
      {
        "value": 632288.0
      },
      {
        "value": 628663.0
      },
      {
        "value": 635870.0
      },
      {
        "value": 630483.0
      },
      {
        "value": 1.1
      },
      {
        "value": -0.6
      },
      {
        "value": 1.1
      },
      {
        "value": -0.8
      }
    ],
    [
      {
        "value": 5348.0
      },
      {
        "value": 5282.0
      },
      {
        "value": 5360.0
      },
      {
        "value": 5042.0
      },
      {
        "value": 5042.0
      },
      {
        "value": -1.2
      },
      {
        "value": 1.5
      },
      {
        "value": -5.9
      },
      {
        "value": 0.0
      }
    ],
    [
      {
        "value": 1894.0
      },
      {
        "value": 1812.0
      },
      {
        "value": 1791.0
      },
      {
        "value": 1968.0
      },
      {
        "value": 1996.0
      },
      {
        "value": -4.3
      },
      {
        "value": -1.2
      },
      {
        "value": 9.9
      },
      {
        "value": 1.4
      }
    ],
    [
      {
        "value": 13247.0
      },
      {
        "value": 13535.0
      },
      {
        "value": 13902.0
      },
      {
        "value": 14134.0
      },
      {
        "value": 13874.0
      },
      {
        "value": 2.2
      },
      {
        "value": 2.7
      },
      {
        "value": 1.7
      },
      {
        "value": -1.8
      }
    ],
    [
      {
        "value": 9163.0
      },
      {
        "value": 8742.0
      },
      {
        "value": 9099.0
      },
      {
        "value": 9844.0
      },
      {
        "value": 9688.0
      },
      {
        "value": -4.6
      },
      {
        "value": 4.1
      },
      {
        "value": 8.2
      },
      {
        "value": -1.6
      }
    ],
    [
      {
        "value": 153711.0
      },
      {
        "value": 154548.0
      },
      {
        "value": 150517.0
      },
      {
        "value": 150995.0
      },
      {
        "value": 150749.0
      },
      {
        "value": 0.5
      },
      {
        "value": -2.6
      },
      {
        "value": 0.3
      },
      {
        "value": -0.2
      }
    ],
    [
      {
        "value": 266882.0
      },
      {
        "value": 271513.0
      },
      {
        "value": 270957.0
      },
      {
        "value": 277772.0
      },
      {
        "value": 276083.0
      },
      {
        "value": 1.7
      },
      {
        "value": -0.2
      },
      {
        "value": 2.5
      },
      {
        "value": -0.6
      }
    ],
    [
      {
        "value": 21328.0
      },
      {
        "value": 21434.0
      },
      {
        "value": 21941.0
      },
      {
        "value": 22625.0
      },
      {
        "value": 21565.0
      },
      {
        "value": 0.5
      },
      {
        "value": 2.4
      },
      {
        "value": 3.1
      },
      {
        "value": -4.7
      }
    ],
    [
      {
        "value": 11850.0
      },
      {
        "value": 11756.0
      },
      {
        "value": 12688.0
      },
      {
        "value": 12957.0
      },
      {
        "value": 12581.0
      },
      {
        "value": -0.8
      },
      {
        "value": 7.9
      },
      {
        "value": 2.1
      },
      {
        "value": -2.9
      }
    ],
    [
      {
        "value": 54685.0
      },
      {
        "value": 56528.0
      },
      {
        "value": 57758.0
      },
      {
        "value": 55785.0
      },
      {
        "value": 55518.0
      },
      {
        "value": 3.4
      },
      {
        "value": 2.2
      },
      {
        "value": -3.4
      },
      {
        "value": -0.5
      }
    ],
    [
      {
        "value": 85215.0
      },
      {
        "value": 85182.0
      },
      {
        "value": 82697.0
      },
      {
        "value": 82809.0
      },
      {
        "value": 81385.0
      },
      {
        "value": 0.0
      },
      {
        "value": -2.9
      },
      {
        "value": 0.1
      },
      {
        "value": -1.7
      }
    ],
    [
      {
        "value": 817.0
      },
      {
        "value": 809.0
      },
      {
        "value": 802.0
      },
      {
        "value": 787.0
      },
      {
        "value": 814.0
      },
      {
        "value": -1.0
      },
      {
        "value": -0.9
      },
      {
        "value": -1.9
      },
      {
        "value": 3.4
      }
    ],
    [
      {
        "value": 670.0
      },
      {
        "value": 718.0
      },
      {
        "value": 724.0
      },
      {
        "value": 733.0
      },
      {
        "value": 771.0
      },
      {
        "value": 7.2
      },
      {
        "value": 0.8
      },
      {
        "value": 1.2
      },
      {
        "value": 5.2
      }
    ],
    [
      {
        "value": 395.0
      },
      {
        "value": 428.0
      },
      {
        "value": 427.0
      },
      {
        "value": 418.0
      },
      {
        "value": 418.0
      },
      {
        "value": 8.4
      },
      {
        "value": -0.2
      },
      {
        "value": -2.1
      },
      {
        "value": 0.0
      }
    ]
  ]
}