{
  "title": "regular season",
  "top_root": {
    "name": "<TOP>",
    "value": "<TOP>",
    "type": "string",
    "line_idx": null,
    "children_dict": [
      {
        "name": "passing",
        "value": "passing",
        "type": "string",
        "children_dict": [
          {
            "name": "att",
            "value": "att",
            "type": "string",
            "children_dict": [],
            "line_idx": 0
          },
          {
            "name": "comp",
            "value": "comp",
            "type": "string",
            "children_dict": [],
            "line_idx": 1
          },
          {
            "name": "yds",
            "value": "yds",
            "type": "string",
            "children_dict": [],
            "line_idx": 2
          },
          {
            "name": "td",
            "value": "td",
            "type": "string",
            "children_dict": [],
            "line_idx": 3
          },
          {
            "name": "int",
            "value": "int",
            "type": "string",
            "children_dict": [],
            "line_idx": 4
          },
          {
            "name": "qb rating",
            "value": "qb rating",
            "type": "string",
            "children_dict": [],
            "line_idx": 5
          }
        ],
        "line_idx": null
      },
      {
        "name": "rushing",
        "value": "rushing",
        "type": "string",
        "children_dict": [
          {
            "name": "att",
            "value": "att",
            "type": "string",
            "children_dict": [],
            "line_idx": 6
          },
          {
            "name": "yds",
            "value": "yds",
            "type": "string",
            "children_dict": [],
            "line_idx": 7
          },
          {
            "name": "avg",
            "value": "avg",
            "type": "string",
            "children_dict": [],
            "line_idx": 8
          },
          {
            "name": "td",
            "value": "td",
            "type": "string",
            "children_dict": [],
            "line_idx": 9
          }
        ],
        "line_idx": null
      }
    ]
  },
  "left_root": {
    "name": "<LEFT>",
    "value": "<LEFT>",
    "type": "string",
    "line_idx": null,
    "children_dict": [
      {
        "name": "1965",
        "value": "1965",
        "type": "string",
        "children_dict": [
          {
            "name": "dal",
            "value": "dal",
            "type": "string",
            "children_dict": [],
            "line_idx": 0
          }
        ],
        "line_idx": null
      },
      {
        "name": "1966",
        "value": "1966",
        "type": "string",
        "children_dict": [
          {
            "name": "dal",
            "value": "dal",
            "type": "string",
            "children_dict": [],
            "line_idx": 1
          }
        ],
        "line_idx": null
      },
      {
        "name": "1967",
        "value": "1967",
        "type": "string",
        "children_dict": [
          {
            "name": "dal",
            "value": "dal",
            "type": "string",
            "children_dict": [],
            "line_idx": 2
          }
        ],
        "line_idx": null
      },
      {
        "name": "1968",
        "value": "1968",
        "type": "string",
        "children_dict": [
          {
            "name": "dal",
            "value": "dal",
            "type": "string",
            "children_dict": [],
            "line_idx": 3
          }
        ],
        "line_idx": null
      },
      {
        "name": "1969",
        "value": "1969",
        "type": "string",
        "children_dict": [
          {
            "name": "dal",
            "value": "dal",
            "type": "string",
            "children_dict": [],
            "line_idx": 4
          }
        ],
        "line_idx": null
      },
      {
        "name": "1970",
        "value": "1970",
        "type": "string",
        "children_dict": [
          {
            "name": "dal",
            "value": "dal",
            "type": "string",
            "children_dict": [],
            "line_idx": 5
          }
        ],
        "line_idx": null
      },
      {
        "name": "1971",
        "value": "1971",
        "type": "string",
        "children_dict": [
          {
            "name": "dal",
            "value": "dal",
            "type": "string",
            "children_dict": [],
            "line_idx": 6
          }
        ],
        "line_idx": null
      },
      {
        "name": "1972",
        "value": "1972",
        "type": "string",
        "children_dict": [
          {
            "name": "dal",
            "value": "dal",
            "type": "string",
            "children_dict": [],
            "line_idx": 7
          }
        ],
        "line_idx": null
      },
      {
        "name": "1973",
        "value": "1973",
        "type": "string",
        "children_dict": [
          {
            "name": "dal",
            "value": "dal",
            "type": "string",
            "children_dict": [],
            "line_idx": 8
          }
        ],
        "line_idx": null
      },
      {
        "name": "1974",
        "value": "1974",
        "type": "string",
        "children_dict": [
          {
            "name": "dal",
            "value": "dal",
            "type": "string",
            "children_dict": [],
            "line_idx": 9
          }
        ],
        "line_idx": null
      },
      {
        "name": "1974",
        "value": "1974",
        "type": "string",
        "children_dict": [
          {
            "name": "nyg",
            "value": "nyg",
            "type": "string",
            "children_dict": [],
            "line_idx": 10
          }
        ],
        "line_idx": null
      },
      {
        "name": "1975",
        "value": "1975",
        "type": "string",
        "children_dict": [
          {
            "name": "nyg",
            "value": "nyg",
            "type": "string",
            "children_dict": [],
            "line_idx": 11
          }
        ],
        "line_idx": null
      },
      {
        "name": "1976",
        "value": "1976",
        "type": "string",
        "children_dict": [
          {
            "name": "nyg",
            "value": "nyg",
            "type": "string",
            "children_dict": [],
            "line_idx": 12
          }
        ],
        "line_idx": null
      },
      {
        "name": "1977",
        "value": "1977",
        "type": "string",
        "children_dict": [
          {
            "name": "den",
            "value": "den",
            "type": "string",
            "children_dict": [],
            "line_idx": 13
          }
        ],
        "line_idx": null
      },
      {
        "name": "1978",
        "value": "1978",
        "type": "string",
        "children_dict": [
          {
            "name": "den",
            "value": "den",
            "type": "string",
            "children_dict": [],
            "line_idx": 14
          }
        ],
        "line_idx": null
      },
      {
        "name": "1979",
        "value": "1979",
        "type": "string",
        "children_dict": [
          {
            "name": "den",
            "value": "den",
            "type": "string",
            "children_dict": [],
            "line_idx": 15
          }
        ],
        "line_idx": null
      },
      {
        "name": "1980",
        "value": "1980",
        "type": "string",
        "children_dict": [
          {
            "name": "den",
            "value": "den",
            "type": "string",
            "children_dict": [],
            "line_idx": 16
          }
        ],
        "line_idx": null
      },
      {
        "name": "1981",
        "value": "1981",
        "type": "string",
        "children_dict": [
          {
            "name": "den",
            "value": "den",
            "type": "string",
            "children_dict": [],
            "line_idx": 17
          }
        ],
        "line_idx": null
      },
      {
        "name": "1982",
        "value": "1982",
        "type": "string",
        "children_dict": [
          {
            "name": "den",
            "value": "den",
            "type": "string",
            "children_dict": [],
            "line_idx": 18
          }
        ],
        "line_idx": null
      },
      {
        "name": "total",
        "value": "total",
        "type": "string",
        "children_dict": [
          {
            "name": "none",
            "value": "none",
            "type": "string",
            "children_dict": [],
            "line_idx": 19
          }
        ],
        "line_idx": null
      }
    ]
  },
  "data": [
    [
      {
        "value": 34.0
      },
      {
        "value": 17.0
      },
      {
        "value": 173.0
      },
      {
        "value": 2.0
      },
      {
        "value": 4.0
      },
      {
        "value": 45.0
      },
      {
        "value": 3.0
      },
      {
        "value": 8.0
      },
      {
        "value": 2.67
      },
      {
        "value": 0.0
      }
    ],
    [
      {
        "value": 27.0
      },
      {
        "value": 13.0
      },
      {
        "value": 225.0
      },
      {
        "value": 3.0
      },
      {
        "value": 1.0
      },
      {
        "value": 98.5
      },
      {
        "value": 7.0
      },
      {
        "value": 50.0
      },
      {
        "value": 7.14
      },
      {
        "value": 0.0
      }
    ],
    [
      {
        "value": 137.0
      },
      {
        "value": 69.0
      },
      {
        "value": 978.0
      },
      {
        "value": 10.0
      },
      {
        "value": 10.0
      },
      {
        "value": 67.7
      },
      {
        "value": 15.0
      },
      {
        "value": 42.0
      },
      {
        "value": 2.8
      },
      {
        "value": 0.0
      }
    ],
    [
      {
        "value": 85.0
      },
      {
        "value": 44.0
      },
      {
        "value": 752.0
      },
      {
        "value": 4.0
      },
      {
        "value": 6.0
      },
      {
        "value": 68.4
      },
      {
        "value": 4.0
      },
      {
        "value": 28.0
      },
      {
        "value": 7.0
      },
      {
        "value": 2.0
      }
    ],
    [
      {
        "value": 302.0
      },
      {
        "value": 162.0
      },
      {
        "value": 2619.0
      },
      {
        "value": 21.0
      },
      {
        "value": 15.0
      },
      {
        "value": 85.4
      },
      {
        "value": 16.0
      },
      {
        "value": 62.0
      },
      {
        "value": 3.88
      },
      {
        "value": 1.0
      }
    ],
    [
      {
        "value": 207.0
      },
      {
        "value": 102.0
      },
      {
        "value": 1819.0
      },
      {
        "value": 15.0
      },
      {
        "value": 7.0
      },
      {
        "value": 89.8
      },
      {
        "value": 16.0
      },
      {
        "value": 37.0
      },
      {
        "value": 2.31
      },
      {
        "value": 0.0
      }
    ],
    [
      {
        "value": 143.0
      },
      {
        "value": 78.0
      },
      {
        "value": 1131.0
      },
      {
        "value": 7.0
      },
      {
        "value": 8.0
      },
      {
        "value": 73.5
      },
      {
        "value": 4.0
      },
      {
        "value": 9.0
      },
      {
        "value": 2.25
      },
      {
        "value": 1.0
      }
    ],
    [
      {
        "value": 339.0
      },
      {
        "value": 185.0
      },
      {
        "value": 2396.0
      },
      {
        "value": 15.0
      },
      {
        "value": 21.0
      },
      {
        "value": 65.9
      },
      {
        "value": 8.0
      },
      {
        "value": 26.0
      },
      {
        "value": 3.25
      },
      {
        "value": 2.0
      }
    ],
    [
      {
        "value": 32.0
      },
      {
        "value": 13.0
      },
      {
        "value": 174.0
      },
      {
        "value": 3.0
      },
      {
        "value": 1.0
      },
      {
        "value": 76.8
      },
      {
        "value": 1.0
      },
      {
        "value": 0.0
      },
      {
        "value": 0.0
      },
      {
        "value": 0.0
      }
    ],
    [
      {
        "value": 2.0
      },
      {
        "value": 2.0
      },
      {
        "value": 12.0
      },
      {
        "value": 0.0
      },
      {
        "value": 0.0
      },
      {
        "value": 91.7
      },
      {
        "value": 1.0
      },
      {
        "value": 0.0
      },
      {
        "value": 0.0
      },
      {
        "value": 0.0
      }
    ],
    [
      {
        "value": 237.0
      },
      {
        "value": 122.0
      },
      {
        "value": 1510.0
      },
      {
        "value": 9.0
      },
      {
        "value": 13.0
      },
      {
        "value": 61.3
      },
      {
        "value": 4.0
      },
      {
        "value": 5.0
      },
      {
        "value": 1.25
      },
      {
        "value": 0.0
      }
    ],
    [
      {
        "value": 363.0
      },
      {
        "value": 186.0
      },
      {
        "value": 2359.0
      },
      {
        "value": 11.0
      },
      {
        "value": 16.0
      },
      {
        "value": 63.6
      },
      {
        "value": 22.0
      },
      {
        "value": 72.0
      },
      {
        "value": 3.27
      },
      {
        "value": 0.0
      }
    ],
    [
      {
        "value": 284.0
      },
      {
        "value": 153.0
      },
      {
        "value": 1865.0
      },
      {
        "value": 9.0
      },
      {
        "value": 20.0
      },
      {
        "value": 55.6
      },
      {
        "value": 15.0
      },
      {
        "value": 48.0
      },
      {
        "value": 3.2
      },
      {
        "value": 0.0
      }
    ],
    [
      {
        "value": 254.0
      },
      {
        "value": 131.0
      },
      {
        "value": 1929.0
      },
      {
        "value": 14.0
      },
      {
        "value": 8.0
      },
      {
        "value": 82.0
      },
      {
        "value": 31.0
      },
      {
        "value": 125.0
      },
      {
        "value": 4.03
      },
      {
        "value": 4.0
      }
    ],
    [
      {
        "value": 267.0
      },
      {
        "value": 146.0
      },
      {
        "value": 1802.0
      },
      {
        "value": 11.0
      },
      {
        "value": 8.0
      },
      {
        "value": 77.0
      },
      {
        "value": 17.0
      },
      {
        "value": 71.0
      },
      {
        "value": 4.18
      },
      {
        "value": 0.0
      }
    ],
    [
      {
        "value": 370.0
      },
      {
        "value": 204.0
      },
      {
        "value": 2626.0
      },
      {
        "value": 16.0
      },
      {
        "value": 19.0
      },
      {
        "value": 70.6
      },
      {
        "value": 23.0
      },
      {
        "value": 13.0
      },
      {
        "value": 0.57
      },
      {
        "value": 1.0
      }
    ],
    [
      {
        "value": 301.0
      },
      {
        "value": 183.0
      },
      {
        "value": 2150.0
      },
      {
        "value": 12.0
      },
      {
        "value": 13.0
      },
      {
        "value": 77.8
      },
      {
        "value": 21.0
      },
      {
        "value": 29.0
      },
      {
        "value": 1.38
      },
      {
        "value": 1.0
      }
    ],
    [
      {
        "value": 376.0
      },
      {
        "value": 225.0
      },
      {
        "value": 3195.0
      },
      {
        "value": 21.0
      },
      {
        "value": 14.0
      },
      {
        "value": 90.5
      },
      {
        "value": 8.0
      },
      {
        "value": 18.0
      },
      {
        "value": 2.25
      },
      {
        "value": 0.0
      }
    ],
    [
      {
        "value": 26.0
      },
      {
        "value": 18.0
      },
      {
        "value": 193.0
      },
      {
        "value": 0.0
      },
      {
        "value": 3.0
      },
      {
        "value": 51.1
      },
      {
        "value": 1.0
      },
      {
        "value": 0.0
      },
      {
        "value": 0.0
      },
      {
        "value": 0.0
      }
    ],
    [
      {
        "value": 3786.0
      },
      {
        "value": 2053.0
      },
      {
        "value": 27908.0
      },
      {
        "value": 183.0
      },
      {
        "value": 187.0
      },
      {
        "value": 73.5
      },
      {
        "value": 215.0
      },
      {
        "value": 627.0
      },
      {
        "value": 2.92
      },
      {
        "value": 12.0
      }
    ]
  ]
}