{
  "title": "percentage receiving employment income, by cohort",
  "top_root": {
    "name": "<TOP>",
    "value": "<TOP>",
    "type": "string",
    "line_idx": null,
    "children_dict": [
      {
        "name": "number of years since landing or filing a refugee claim",
        "value": "number of years since landing or filing a refugee claim",
        "type": "string",
        "children_dict": [
          {
            "name": "1",
            "value": "1",
            "type": "string",
            "children_dict": [],
            "line_idx": 0
          },
          {
            "name": "2",
            "value": "2",
            "type": "string",
            "children_dict": [],
            "line_idx": 1
          },
          {
            "name": "3",
            "value": "3",
            "type": "string",
            "children_dict": [],
            "line_idx": 2
          },
          {
            "name": "4",
            "value": "4",
            "type": "string",
            "children_dict": [],
            "line_idx": 3
          },
          {
            "name": "5",
            "value": "5",
            "type": "string",
            "children_dict": [],
            "line_idx": 4
          },
          {
            "name": "6",
            "value": "6",
            "type": "string",
            "children_dict": [],
            "line_idx": 5
          }
        ],
        "line_idx": null
      }
    ]
  },
  "left_root": {
    "name": "<LEFT>",
    "value": "<LEFT>",
    "type": "string",
    "line_idx": null,
    "children_dict": [
      {
        "name": "percent",
        "value": "percent",
        "type": "string",
        "children_dict": [
          {
            "name": "refugee claimants-permanent residents",
            "value": "refugee claimants-permanent residents",
            "type": "string",
            "children_dict": [
              {
                "name": "1999",
                "value": "1999",
                "type": "string",
                "children_dict": [],
                "line_idx": 1
              },
              {
                "name": "2000",
                "value": "2000",
                "type": "string",
                "children_dict": [],
                "line_idx": 2
              },
              {
                "name": "2001",
                "value": "2001",
                "type": "string",
                "children_dict": [],
                "line_idx": 3
              },
              {
                "name": "2002",
                "value": "2002",
                "type": "string",
                "children_dict": [],
                "line_idx": 4
              },
              {
                "name": "2003",
                "value": "2003",
                "type": "string",
                "children_dict": [],
                "line_idx": 5
              },
              {
                "name": "2004",
                "value": "2004",
                "type": "string",
                "children_dict": [],
                "line_idx": 6
              },
              {
                "name": "2005",
                "value": "2005",
                "type": "string",
                "children_dict": [],
                "line_idx": 7
              },
              {
                "name": "2006",
                "value": "2006",
                "type": "string",
                "children_dict": [],
                "line_idx": 8
              },
              {
                "name": "2007",
                "value": "2007",
                "type": "string",
                "children_dict": [],
                "line_idx": 9
              },
              {
                "name": "2008",
                "value": "2008",
                "type": "string",
                "children_dict": [],
                "line_idx": 10
              },
              {
                "name": "2009",
                "value": "2009",
                "type": "string",
                "children_dict": [],
                "line_idx": 11
              },
              {
                "name": "2010",
                "value": "2010",
                "type": "string",
                "children_dict": [],
                "line_idx": 12
              }
            ],
            "line_idx": 0
          },
          {
            "name": "government-assisted refugees",
            "value": "government-assisted refugees",
            "type": "string",
            "children_dict": [
              {
                "name": "1999",
                "value": "1999",
                "type": "string",
                "children_dict": [],
                "line_idx": 14
              },
              {
                "name": "2000",
                "value": "2000",
                "type": "string",
                "children_dict": [],
                "line_idx": 15
              },
              {
                "name": "2001",
                "value": "2001",
                "type": "string",
                "children_dict": [],
                "line_idx": 16
              },
              {
                "name": "2002",
                "value": "2002",
                "type": "string",
                "children_dict": [],
                "line_idx": 17
              },
              {
                "name": "2003",
                "value": "2003",
                "type": "string",
                "children_dict": [],
                "line_idx": 18
              },
              {
                "name": "2004",
                "value": "2004",
                "type": "string",
                "children_dict": [],
                "line_idx": 19
              },
              {
                "name": "2005",
                "value": "2005",
                "type": "string",
                "children_dict": [],
                "line_idx": 20
              },
              {
                "name": "2006",
                "value": "2006",
                "type": "string",
                "children_dict": [],
                "line_idx": 21
              },
              {
                "name": "2007",
                "value": "2007",
                "type": "string",
                "children_dict": [],
                "line_idx": 22
              },
              {
                "name": "2008",
                "value": "2008",
                "type": "string",
                "children_dict": [],
                "line_idx": 23
              },
              {
                "name": "2009",
                "value": "2009",
                "type": "string",
                "children_dict": [],
                "line_idx": 24
              },
              {
                "name": "2010",
                "value": "2010",
                "type": "string",
                "children_dict": [],
                "line_idx": 25
              }
            ],
            "line_idx": 13
          },
          {
            "name": "privately sponsored refugees",
            "value": "privately sponsored refugees",
            "type": "string",
            "children_dict": [
              {
                "name": "1999",
                "value": "1999",
                "type": "string",
                "children_dict": [],
                "line_idx": 27
              },
              {
                "name": "2000",
                "value": "2000",
                "type": "string",
                "children_dict": [],
                "line_idx": 28
              },
              {
                "name": "2001",
                "value": "2001",
                "type": "string",
                "children_dict": [],
                "line_idx": 29
              },
              {
                "name": "2002",
                "value": "2002",
                "type": "string",
                "children_dict": [],
                "line_idx": 30
              },
              {
                "name": "2003",
                "value": "2003",
                "type": "string",
                "children_dict": [],
                "line_idx": 31
              },
              {
                "name": "2004",
                "value": "2004",
                "type": "string",
                "children_dict": [],
                "line_idx": 32
              },
              {
                "name": "2005",
                "value": "2005",
                "type": "string",
                "children_dict": [],
                "line_idx": 33
              },
              {
                "name": "2006",
                "value": "2006",
                "type": "string",
                "children_dict": [],
                "line_idx": 34
              },
              {
                "name": "2007",
                "value": "2007",
                "type": "string",
                "children_dict": [],
                "line_idx": 35
              },
              {
                "name": "2008",
                "value": "2008",
                "type": "string",
                "children_dict": [],
                "line_idx": 36
              },
              {
                "name": "2009",
                "value": "2009",
                "type": "string",
                "children_dict": [],
                "line_idx": 37
              },
              {
                "name": "2010",
                "value": "2010",
                "type": "string",
                "children_dict": [],
                "line_idx": 38
              }
            ],
            "line_idx": 26
          },
          {
            "name": "refugee claimants-non-permanent residents",
            "value": "refugee claimants-non-permanent residents",
            "type": "string",
            "children_dict": [
              {
                "name": "1999",
                "value": "1999",
                "type": "string",
                "children_dict": [],
                "line_idx": 40
              },
              {
                "name": "2000",
                "value": "2000",
                "type": "string",
                "children_dict": [],
                "line_idx": 41
              },
              {
                "name": "2001",
                "value": "2001",
                "type": "string",
                "children_dict": [],
                "line_idx": 42
              },
              {
                "name": "2002",
                "value": "2002",
                "type": "string",
                "children_dict": [],
                "line_idx": 43
              },
              {
                "name": "2003",
                "value": "2003",
                "type": "string",
                "children_dict": [],
                "line_idx": 44
              },
              {
                "name": "2004",
                "value": "2004",
                "type": "string",
                "children_dict": [],
                "line_idx": 45
              },
              {
                "name": "2005",
                "value": "2005",
                "type": "string",
                "children_dict": [],
                "line_idx": 46
              },
              {
                "name": "2006",
                "value": "2006",
                "type": "string",
                "children_dict": [],
                "line_idx": 47
              },
              {
                "name": "2007",
                "value": "2007",
                "type": "string",
                "children_dict": [],
                "line_idx": 48
              },
              {
                "name": "2008",
                "value": "2008",
                "type": "string",
                "children_dict": [],
                "line_idx": 49
              },
              {
                "name": "2009",
                "value": "2009",
                "type": "string",
                "children_dict": [],
                "line_idx": 50
              },
              {
                "name": "2010",
                "value": "2010",
                "type": "string",
                "children_dict": [],
                "line_idx": 51
              }
            ],
            "line_idx": 39
          }
        ],
        "line_idx": null
      }
    ]
  },
  "data": [
    [
      {
        "value": ""
      },
      {
        "value": ""
      },
      {
        "value": ""
      },
      {
        "value": ""
      },
      {
        "value": ""
      },
      {
        "value": ""
      }
    ],
    [
      {
        "value": 58.1
      },
      {
        "value": 68.9
      },
      {
        "value": 73.7
      },
      {
        "value": 76.0
      },
      {
        "value": 78.3
      },
      {
        "value": 79.6
      }
    ],
    [
      {
        "value": 55.6
      },
      {
        "value": 67.2
      },
      {
        "value": 72.9
      },
      {
        "value": 76.5
      },
      {
        "value": 78.1
      },
      {
        "value": 79.2
      }
    ],
    [
      {
        "value": 56.2
      },
      {
        "value": 69.8
      },
      {
        "value": 76.1
      },
      {
        "value": 78.1
      },
      {
        "value": 79.8
      },
      {
        "value": 81.0
      }
    ],
    [
      {
        "value": 57.2
      },
      {
        "value": 70.5
      },
      {
        "value": 75.8
      },
      {
        "value": 79.3
      },
      {
        "value": 80.9
      },
      {
        "value": 81.3
      }
    ],
    [
      {
        "value": 61.9
      },
      {
        "value": 72.5
      },
      {
        "value": 77.2
      },
      {
        "value": 80.0
      },
      {
        "value": 81.3
      },
      {
        "value": 80.3
      }
    ],
    [
      {
        "value": 56.4
      },
      {
        "value": 69.3
      },
      {
        "value": 75.3
      },
      {
        "value": 79.2
      },
      {
        "value": 79.2
      },
      {
        "value": 79.4
      }
    ],
    [
      {
        "value": 57.1
      },
      {
        "value": 70.4
      },
      {
        "value": 76.9
      },
      {
        "value": 78.3
      },
      {
        "value": 79.6
      },
      {
        "value": 80.8
      }
    ],
    [
      {
        "value": 57.8
      },
      {
        "value": 70.5
      },
      {
        "value": 72.7
      },
      {
        "value": 76.3
      },
      {
        "value": 79.6
      },
      {
        "value": 81.2
      }
    ],
    [
      {
        "value": 61.0
      },
      {
        "value": 68.7
      },
      {
        "value": 73.2
      },
      {
        "value": 77.1
      },
      {
        "value": 80.0
      },
      {
        "value": 81.7
      }
    ],
    [
      {
        "value": 56.9
      },
      {
        "value": 68.4
      },
      {
        "value": 73.1
      },
      {
        "value": 77.3
      },
      {
        "value": 79.3
      },
      {
        "value": 81.8
      }
    ],
    [
      {
        "value": 58.8
      },
      {
        "value": 67.8
      },
      {
        "value": 74.4
      },
      {
        "value": 76.9
      },
      {
        "value": 80.1
      },
      {
        "value": 81.3
      }
    ],
    [
      {
        "value": 59.7
      },
      {
        "value": 69.6
      },
      {
        "value": 73.7
      },
      {
        "value": 77.1
      },
      {
        "value": 79.0
      },
      {
        "value": 80.9
      }
    ],
    [
      {
        "value": ""
      },
      {
        "value": ""
      },
      {
        "value": ""
      },
      {
        "value": ""
      },
      {
        "value": ""
      },
      {
        "value": ""
      }
    ],
    [
      {
        "value": 53.1
      },
      {
        "value": 66.5
      },
      {
        "value": 71.9
      },
      {
        "value": 76.2
      },
      {
        "value": 77.3
      },
      {
        "value": 78.9
      }
    ],
    [
      {
        "value": 47.2
      },
      {
        "value": 57.6
      },
      {
        "value": 64.5
      },
      {
        "value": 69.1
      },
      {
        "value": 70.5
      },
      {
        "value": 72.2
      }
    ],
    [
      {
        "value": 48.0
      },
      {
        "value": 56.5
      },
      {
        "value": 62.4
      },
      {
        "value": 66.3
      },
      {
        "value": 68.2
      },
      {
        "value": 69.8
      }
    ],
    [
      {
        "value": 46.3
      },
      {
        "value": 58.9
      },
      {
        "value": 64.8
      },
      {
        "value": 69.3
      },
      {
        "value": 71.2
      },
      {
        "value": 71.0
      }
    ],
    [
      {
        "value": 48.0
      },
      {
        "value": 57.7
      },
      {
        "value": 64.0
      },
      {
        "value": 67.5
      },
      {
        "value": 69.8
      },
      {
        "value": 67.9
      }
    ],
    [
      {
        "value": 49.1
      },
      {
        "value": 59.3
      },
      {
        "value": 64.4
      },
      {
        "value": 68.6
      },
      {
        "value": 66.8
      },
      {
        "value": 66.6
      }
    ],
    [
      {
        "value": 43.4
      },
      {
        "value": 53.9
      },
      {
        "value": 60.6
      },
      {
        "value": 59.9
      },
      {
        "value": 60.7
      },
      {
        "value": 63.6
      }
    ],
    [
      {
        "value": 49.3
      },
      {
        "value": 56.5
      },
      {
        "value": 58.2
      },
      {
        "value": 61.0
      },
      {
        "value": 64.2
      },
      {
        "value": 66.7
      }
    ],
    [
      {
        "value": 44.0
      },
      {
        "value": 48.8
      },
      {
        "value": 54.6
      },
      {
        "value": 59.3
      },
      {
        "value": 62.7
      },
      {
        "value": 65.4
      }
    ],
    [
      {
        "value": 42.1
      },
      {
        "value": 49.7
      },
      {
        "value": 54.8
      },
      {
        "value": 59.4
      },
      {
        "value": 62.8
      },
      {
        "value": 65.4
      }
    ],
    [
      {
        "value": 35.3
      },
      {
        "value": 43.9
      },
      {
        "value": 51.2
      },
      {
        "value": 55.9
      },
      {
        "value": 60.1
      },
      {
        "value": 62.3
      }
    ],
    [
      {
        "value": 32.9
      },
      {
        "value": 41.6
      },
      {
        "value": 48.2
      },
      {
        "value": 54.0
      },
      {
        "value": 57.1
      },
      {
        "value": 59.0
      }
    ],
    [
      {
        "value": ""
      },
      {
        "value": ""
      },
      {
        "value": ""
      },
      {
        "value": ""
      },
      {
        "value": ""
      },
      {
        "value": ""
      }
    ],
    [
      {
        "value": 76.4
      },
      {
        "value": 73.9
      },
      {
        "value": 75.7
      },
      {
        "value": 77.9
      },
      {
        "value": 77.5
      },
      {
        "value": 78.7
      }
    ],
    [
      {
        "value": 78.0
      },
      {
        "value": 77.2
      },
      {
        "value": 76.6
      },
      {
        "value": 77.0
      },
      {
        "value": 78.4
      },
      {
        "value": 80.4
      }
    ],
    [
      {
        "value": 77.6
      },
      {
        "value": 74.3
      },
      {
        "value": 75.5
      },
      {
        "value": 77.4
      },
      {
        "value": 77.4
      },
      {
        "value": 78.8
      }
    ],
    [
      {
        "value": 77.5
      },
      {
        "value": 77.7
      },
      {
        "value": 77.9
      },
      {
        "value": 78.6
      },
      {
        "value": 77.4
      },
      {
        "value": 77.4
      }
    ],
    [
      {
        "value": 82.3
      },
      {
        "value": 82.6
      },
      {
        "value": 81.3
      },
      {
        "value": 82.2
      },
      {
        "value": 83.1
      },
      {
        "value": 80.4
      }
    ],
    [
      {
        "value": 81.1
      },
      {
        "value": 79.5
      },
      {
        "value": 81.2
      },
      {
        "value": 81.7
      },
      {
        "value": 78.5
      },
      {
        "value": 78.3
      }
    ],
    [
      {
        "value": 81.5
      },
      {
        "value": 81.1
      },
      {
        "value": 82.1
      },
      {
        "value": 79.1
      },
      {
        "value": 78.3
      },
      {
        "value": 80.9
      }
    ],
    [
      {
        "value": 83.8
      },
      {
        "value": 83.1
      },
      {
        "value": 79.1
      },
      {
        "value": 79.3
      },
      {
        "value": 80.6
      },
      {
        "value": 80.9
      }
    ],
    [
      {
        "value": 81.4
      },
      {
        "value": 77.1
      },
      {
        "value": 75.6
      },
      {
        "value": 77.7
      },
      {
        "value": 77.9
      },
      {
        "value": 77.5
      }
    ],
    [
      {
        "value": 79.5
      },
      {
        "value": 77.7
      },
      {
        "value": 77.9
      },
      {
        "value": 78.8
      },
      {
        "value": 79.3
      },
      {
        "value": 80.0
      }
    ],
    [
      {
        "value": 71.6
      },
      {
        "value": 72.3
      },
      {
        "value": 74.4
      },
      {
        "value": 74.9
      },
      {
        "value": 76.0
      },
      {
        "value": 76.2
      }
    ],
    [
      {
        "value": 69.9
      },
      {
        "value": 70.2
      },
      {
        "value": 71.4
      },
      {
        "value": 72.1
      },
      {
        "value": 73.8
      },
      {
        "value": 73.5
      }
    ],
    [
      {
        "value": ""
      },
      {
        "value": ""
      },
      {
        "value": ""
      },
      {
        "value": ""
      },
      {
        "value": ""
      },
      {
        "value": ""
      }
    ],
    [
      {
        "value": 59.7
      },
      {
        "value": 71.7
      },
      {
        "value": 72.9
      },
      {
        "value": 74.1
      },
      {
        "value": 75.0
      },
      {
        "value": 75.2
      }
    ],
    [
      {
        "value": 54.9
      },
      {
        "value": 69.9
      },
      {
        "value": 75.7
      },
      {
        "value": 77.1
      },
      {
        "value": 77.3
      },
      {
        "value": 78.5
      }
    ],
    [
      {
        "value": 59.6
      },
      {
        "value": 76.0
      },
      {
        "value": 80.7
      },
      {
        "value": 81.8
      },
      {
        "value": 81.3
      },
      {
        "value": 81.3
      }
    ],
    [
      {
        "value": 67.2
      },
      {
        "value": 79.9
      },
      {
        "value": 82.0
      },
      {
        "value": 80.9
      },
      {
        "value": 81.6
      },
      {
        "value": 80.4
      }
    ],
    [
      {
        "value": 66.3
      },
      {
        "value": 77.3
      },
      {
        "value": 79.5
      },
      {
        "value": 81.4
      },
      {
        "value": 80.8
      },
      {
        "value": 77.6
      }
    ],
    [
      {
        "value": 62.4
      },
      {
        "value": 78.3
      },
      {
        "value": 81.3
      },
      {
        "value": 83.1
      },
      {
        "value": 78.9
      },
      {
        "value": 79.2
      }
    ],
    [
      {
        "value": 65.8
      },
      {
        "value": 77.8
      },
      {
        "value": 79.7
      },
      {
        "value": 79.7
      },
      {
        "value": 77.1
      },
      {
        "value": 75.0
      }
    ],
    [
      {
        "value": 63.4
      },
      {
        "value": 73.8
      },
      {
        "value": 75.8
      },
      {
        "value": 77.5
      },
      {
        "value": 77.7
      },
      {
        "value": 78.7
      }
    ],
    [
      {
        "value": 66.1
      },
      {
        "value": 73.1
      },
      {
        "value": 77.8
      },
      {
        "value": 80.4
      },
      {
        "value": 80.7
      },
      {
        "value": 80.7
      }
    ],
    [
      {
        "value": 61.4
      },
      {
        "value": 72.2
      },
      {
        "value": 75.8
      },
      {
        "value": 78.1
      },
      {
        "value": 79.2
      },
      {
        "value": 78.8
      }
    ],
    [
      {
        "value": 56.0
      },
      {
        "value": 64.4
      },
      {
        "value": 70.4
      },
      {
        "value": 71.6
      },
      {
        "value": 70.7
      },
      {
        "value": 70.3
      }
    ],
    [
      {
        "value": 54.9
      },
      {
        "value": 68.8
      },
      {
        "value": 71.3
      },
      {
        "value": 73.5
      },
      {
        "value": 74.0
      },
      {
        "value": 72.8
      }
    ]
  ]
}