{
  "title": "statistics",
  "top_root": {
    "name": "<TOP>",
    "value": "<TOP>",
    "type": "string",
    "line_idx": null,
    "children_dict": [
      {
        "name": "league",
        "value": "league",
        "type": "string",
        "children_dict": [
          {
            "name": "apps",
            "value": "apps",
            "type": "string",
            "children_dict": [],
            "line_idx": 0
          },
          {
            "name": "goals",
            "value": "goals",
            "type": "string",
            "children_dict": [],
            "line_idx": 1
          }
        ],
        "line_idx": null
      },
      {
        "name": "fa cup",
        "value": "fa cup",
        "type": "string",
        "children_dict": [
          {
            "name": "apps",
            "value": "apps",
            "type": "string",
            "children_dict": [],
            "line_idx": 2
          },
          {
            "name": "goals",
            "value": "goals",
            "type": "string",
            "children_dict": [],
            "line_idx": 3
          }
        ],
        "line_idx": null
      },
      {
        "name": "other",
        "value": "other",
        "type": "string",
        "children_dict": [
          {
            "name": "apps",
            "value": "apps",
            "type": "string",
            "children_dict": [],
            "line_idx": 4
          },
          {
            "name": "goals",
            "value": "goals",
            "type": "string",
            "children_dict": [],
            "line_idx": 5
          }
        ],
        "line_idx": null
      },
      {
        "name": "total",
        "value": "total",
        "type": "string",
        "children_dict": [
          {
            "name": "apps",
            "value": "apps",
            "type": "string",
            "children_dict": [],
            "line_idx": 6
          },
          {
            "name": "goals",
            "value": "goals",
            "type": "string",
            "children_dict": [],
            "line_idx": 7
          }
        ],
        "line_idx": null
      }
    ]
  },
  "left_root": {
    "name": "<LEFT>",
    "value": "<LEFT>",
    "type": "string",
    "line_idx": null,
    "children_dict": [
      {
        "name": "everton",
        "value": "everton",
        "type": "string",
        "children_dict": [
          {
            "name": "1956-57",
            "value": "1956-57",
            "type": "string",
            "children_dict": [
              {
                "name": "first division",
                "value": "first division",
                "type": "string",
                "children_dict": [],
                "line_idx": 0
              }
            ],
            "line_idx": null
          },
          {
            "name": "1957-58",
            "value": "1957-58",
            "type": "string",
            "children_dict": [
              {
                "name": "first division",
                "value": "first division",
                "type": "string",
                "children_dict": [],
                "line_idx": 1
              }
            ],
            "line_idx": null
          },
          {
            "name": "total",
            "value": "total",
            "type": "string",
            "children_dict": [],
            "line_idx": 2
          }
        ],
        "line_idx": null
      },
      {
        "name": "crewe alexandra",
        "value": "crewe alexandra",
        "type": "string",
        "children_dict": [
          {
            "name": "1958-59",
            "value": "1958-59",
            "type": "string",
            "children_dict": [
              {
                "name": "fourth division",
                "value": "fourth division",
                "type": "string",
                "children_dict": [],
                "line_idx": 3
              }
            ],
            "line_idx": null
          },
          {
            "name": "1959-60",
            "value": "1959-60",
            "type": "string",
            "children_dict": [
              {
                "name": "fourth division",
                "value": "fourth division",
                "type": "string",
                "children_dict": [],
                "line_idx": 4
              }
            ],
            "line_idx": null
          },
          {
            "name": "1960-61",
            "value": "1960-61",
            "type": "string",
            "children_dict": [
              {
                "name": "fourth division",
                "value": "fourth division",
                "type": "string",
                "children_dict": [],
                "line_idx": 5
              }
            ],
            "line_idx": null
          },
          {
            "name": "total",
            "value": "total",
            "type": "string",
            "children_dict": [],
            "line_idx": 6
          }
        ],
        "line_idx": null
      },
      {
        "name": "port vale",
        "value": "port vale",
        "type": "string",
        "children_dict": [
          {
            "name": "1960-61",
            "value": "1960-61",
            "type": "string",
            "children_dict": [
              {
                "name": "third division",
                "value": "third division",
                "type": "string",
                "children_dict": [],
                "line_idx": 7
              }
            ],
            "line_idx": null
          },
          {
            "name": "1961-62",
            "value": "1961-62",
            "type": "string",
            "children_dict": [
              {
                "name": "third division",
                "value": "third division",
                "type": "string",
                "children_dict": [],
                "line_idx": 8
              }
            ],
            "line_idx": null
          },
          {
            "name": "1962-63",
            "value": "1962-63",
            "type": "string",
            "children_dict": [
              {
                "name": "third division",
                "value": "third division",
                "type": "string",
                "children_dict": [],
                "line_idx": 9
              }
            ],
            "line_idx": null
          },
          {
            "name": "total",
            "value": "total",
            "type": "string",
            "children_dict": [],
            "line_idx": 10
          }
        ],
        "line_idx": null
      },
      {
        "name": "northampton town",
        "value": "northampton town",
        "type": "string",
        "children_dict": [
          {
            "name": "1962-63",
            "value": "1962-63",
            "type": "string",
            "children_dict": [
              {
                "name": "third division",
                "value": "third division",
                "type": "string",
                "children_dict": [],
                "line_idx": 11
              }
            ],
            "line_idx": null
          },
          {
            "name": "1963-64",
            "value": "1963-64",
            "type": "string",
            "children_dict": [
              {
                "name": "second division",
                "value": "second division",
                "type": "string",
                "children_dict": [],
                "line_idx": 12
              }
            ],
            "line_idx": null
          },
          {
            "name": "total",
            "value": "total",
            "type": "string",
            "children_dict": [],
            "line_idx": 13
          }
        ],
        "line_idx": null
      },
      {
        "name": "walsall",
        "value": "walsall",
        "type": "string",
        "children_dict": [
          {
            "name": "1963-64",
            "value": "1963-64",
            "type": "string",
            "children_dict": [
              {
                "name": "third division",
                "value": "third division",
                "type": "string",
                "children_dict": [],
                "line_idx": 14
              }
            ],
            "line_idx": null
          },
          {
            "name": "1964-65",
            "value": "1964-65",
            "type": "string",
            "children_dict": [
              {
                "name": "third division",
                "value": "third division",
                "type": "string",
                "children_dict": [],
                "line_idx": 15
              }
            ],
            "line_idx": null
          },
          {
            "name": "total",
            "value": "total",
            "type": "string",
            "children_dict": [],
            "line_idx": 16
          }
        ],
        "line_idx": null
      },
      {
        "name": "wigan athletic total",
        "value": "wigan athletic total",
        "type": "string",
        "children_dict": [],
        "line_idx": 17
      },
      {
        "name": "career total",
        "value": "career total",
        "type": "string",
        "children_dict": [],
        "line_idx": 18
      }
    ]
  },
  "data": [
    [
      {
        "value": 10
      },
      {
        "value": 2
      },
      {
        "value": 0
      },
      {
        "value": 0
      },
      {
        "value": 0
      },
      {
        "value": 0
      },
      {
        "value": 10
      },
      {
        "value": 2
      }
    ],
    [
      {
        "value": 1
      },
      {
        "value": 0
      },
      {
        "value": 0
      },
      {
        "value": 0
      },
      {
        "value": 0
      },
      {
        "value": 0
      },
      {
        "value": 1
      },
      {
        "value": 0
      }
    ],
    [
      {
        "value": 11
      },
      {
        "value": 2
      },
      {
        "value": 0
      },
      {
        "value": 0
      },
      {
        "value": 0
      },
      {
        "value": 0
      },
      {
        "value": 11
      },
      {
        "value": 2
      }
    ],
    [
      {
        "value": 41
      },
      {
        "value": 15
      },
      {
        "value": 2
      },
      {
        "value": 1
      },
      {
        "value": 0
      },
      {
        "value": 0
      },
      {
        "value": 43
      },
      {
        "value": 16
      }
    ],
    [
      {
        "value": 40
      },
      {
        "value": 25
      },
      {
        "value": 6
      },
      {
        "value": 5
      },
      {
        "value": 0
      },
      {
        "value": 0
      },
      {
        "value": 46
      },
      {
        "value": 30
      }
    ],
    [
      {
        "value": 15
      },
      {
        "value": 7
      },
      {
        "value": 0
      },
      {
        "value": 0
      },
      {
        "value": 2
      },
      {
        "value": 2
      },
      {
        "value": 17
      },
      {
        "value": 9
      }
    ],
    [
      {
        "value": 96
      },
      {
        "value": 47
      },
      {
        "value": 8
      },
      {
        "value": 6
      },
      {
        "value": 2
      },
      {
        "value": 2
      },
      {
        "value": 106
      },
      {
        "value": 55
      }
    ],
    [
      {
        "value": 28
      },
      {
        "value": 20
      },
      {
        "value": 2
      },
      {
        "value": 0
      },
      {
        "value": 0
      },
      {
        "value": 0
      },
      {
        "value": 30
      },
      {
        "value": 20
      }
    ],
    [
      {
        "value": 42
      },
      {
        "value": 15
      },
      {
        "value": 7
      },
      {
        "value": 4
      },
      {
        "value": 1
      },
      {
        "value": 1
      },
      {
        "value": 50
      },
      {
        "value": 20
      }
    ],
    [
      {
        "value": 18
      },
      {
        "value": 7
      },
      {
        "value": 2
      },
      {
        "value": 3
      },
      {
        "value": 1
      },
      {
        "value": 0
      },
      {
        "value": 21
      },
      {
        "value": 10
      }
    ],
    [
      {
        "value": 88
      },
      {
        "value": 42
      },
      {
        "value": 11
      },
      {
        "value": 7
      },
      {
        "value": 2
      },
      {
        "value": 1
      },
      {
        "value": 101
      },
      {
        "value": 50
      }
    ],
    [
      {
        "value": 1
      },
      {
        "value": 0
      },
      {
        "value": 0
      },
      {
        "value": 0
      },
      {
        "value": 0
      },
      {
        "value": 0
      },
      {
        "value": 1
      },
      {
        "value": 0
      }
    ],
    [
      {
        "value": 0
      },
      {
        "value": 0
      },
      {
        "value": 0
      },
      {
        "value": 0
      },
      {
        "value": 1
      },
      {
        "value": 0
      },
      {
        "value": 1
      },
      {
        "value": 0
      }
    ],
    [
      {
        "value": 1
      },
      {
        "value": 0
      },
      {
        "value": 0
      },
      {
        "value": 0
      },
      {
        "value": 1
      },
      {
        "value": 0
      },
      {
        "value": 2
      },
      {
        "value": 0
      }
    ],
    [
      {
        "value": 10
      },
      {
        "value": 4
      },
      {
        "value": 0
      },
      {
        "value": 0
      },
      {
        "value": 0
      },
      {
        "value": 0
      },
      {
        "value": 10
      },
      {
        "value": 4
      }
    ],
    [
      {
        "value": 7
      },
      {
        "value": 2
      },
      {
        "value": 0
      },
      {
        "value": 0
      },
      {
        "value": 2
      },
      {
        "value": 1
      },
      {
        "value": 9
      },
      {
        "value": 3
      }
    ],
    [
      {
        "value": 17
      },
      {
        "value": 6
      },
      {
        "value": 0
      },
      {
        "value": 0
      },
      {
        "value": 2
      },
      {
        "value": 1
      },
      {
        "value": 19
      },
      {
        "value": 7
      }
    ],
    [
      {
        "value": 115
      },
      {
        "value": 96
      },
      {
        "value": 0
      },
      {
        "value": 0
      },
      {
        "value": 70
      },
      {
        "value": 44
      },
      {
        "value": 185
      },
      {
        "value": 140
      }
    ],
    [
      {
        "value": 328
      },
      {
        "value": 193
      },
      {
        "value": 19
      },
      {
        "value": 13
      },
      {
        "value": 77
      },
      {
        "value": 48
      },
      {
        "value": 424
      },
      {
        "value": 254
      }
    ]
  ]
}