{
  "title": "police-reported crime for selected offences, by census metropolitan area, 2016",
  "top_root": {
    "name": "<TOP>",
    "value": "<TOP>",
    "type": "string",
    "line_idx": null,
    "children_dict": [
      {
        "name": "homicide",
        "value": "homicide",
        "type": "string",
        "children_dict": [
          {
            "name": "number",
            "value": "number",
            "type": "string",
            "children_dict": [],
            "line_idx": 0
          },
          {
            "name": "rate",
            "value": "rate",
            "type": "string",
            "children_dict": [],
            "line_idx": 1
          }
        ],
        "line_idx": null
      },
      {
        "name": "sexual assault",
        "value": "sexual assault",
        "type": "string",
        "children_dict": [
          {
            "name": "rate",
            "value": "rate",
            "type": "string",
            "children_dict": [],
            "line_idx": 2
          },
          {
            "name": "percent change in rate 2015 to 2016",
            "value": "percent change in rate 2015 to 2016",
            "type": "string",
            "children_dict": [],
            "line_idx": 3
          }
        ],
        "line_idx": null
      },
      {
        "name": "robbery",
        "value": "robbery",
        "type": "string",
        "children_dict": [
          {
            "name": "rate",
            "value": "rate",
            "type": "string",
            "children_dict": [],
            "line_idx": 4
          },
          {
            "name": "percent change in rate 2015 to 2016",
            "value": "percent change in rate 2015 to 2016",
            "type": "string",
            "children_dict": [],
            "line_idx": 5
          }
        ],
        "line_idx": null
      },
      {
        "name": "breaking and entering",
        "value": "breaking and entering",
        "type": "string",
        "children_dict": [
          {
            "name": "rate",
            "value": "rate",
            "type": "string",
            "children_dict": [],
            "line_idx": 6
          },
          {
            "name": "percent change in rate 2015 to 2016",
            "value": "percent change in rate 2015 to 2016",
            "type": "string",
            "children_dict": [],
            "line_idx": 7
          }
        ],
        "line_idx": null
      },
      {
        "name": "motor vehicle theft",
        "value": "motor vehicle theft",
        "type": "string",
        "children_dict": [
          {
            "name": "rate",
            "value": "rate",
            "type": "string",
            "children_dict": [],
            "line_idx": 8
          },
          {
            "name": "percent change in rate 2015 to 2016",
            "value": "percent change in rate 2015 to 2016",
            "type": "string",
            "children_dict": [],
            "line_idx": 9
          }
        ],
        "line_idx": null
      }
    ]
  },
  "left_root": {
    "name": "<LEFT>",
    "value": "<LEFT>",
    "type": "string",
    "line_idx": null,
    "children_dict": [
      {
        "name": "st. john's",
        "value": "st. john's",
        "type": "string",
        "children_dict": [],
        "line_idx": 0
      },
      {
        "name": "halifax",
        "value": "halifax",
        "type": "string",
        "children_dict": [],
        "line_idx": 1
      },
      {
        "name": "moncton",
        "value": "moncton",
        "type": "string",
        "children_dict": [],
        "line_idx": 2
      },
      {
        "name": "saint john",
        "value": "saint john",
        "type": "string",
        "children_dict": [],
        "line_idx": 3
      },
      {
        "name": "saguenay",
        "value": "saguenay",
        "type": "string",
        "children_dict": [],
        "line_idx": 4
      },
      {
        "name": "quebec",
        "value": "quebec",
        "type": "string",
        "children_dict": [],
        "line_idx": 5
      },
      {
        "name": "sherbrooke",
        "value": "sherbrooke",
        "type": "string",
        "children_dict": [],
        "line_idx": 6
      },
      {
        "name": "trois-rivieres",
        "value": "trois-rivieres",
        "type": "string",
        "children_dict": [],
        "line_idx": 7
      },
      {
        "name": "montreal",
        "value": "montreal",
        "type": "string",
        "children_dict": [],
        "line_idx": 8
      },
      {
        "name": "gatineau",
        "value": "gatineau",
        "type": "string",
        "children_dict": [],
        "line_idx": 9
      },
      {
        "name": "ottawa",
        "value": "ottawa",
        "type": "string",
        "children_dict": [],
        "line_idx": 10
      },
      {
        "name": "kingston",
        "value": "kingston",
        "type": "string",
        "children_dict": [],
        "line_idx": 11
      },
      {
        "name": "peterborough",
        "value": "peterborough",
        "type": "string",
        "children_dict": [],
        "line_idx": 12
      },
      {
        "name": "toronto",
        "value": "toronto",
        "type": "string",
        "children_dict": [],
        "line_idx": 13
      },
      {
        "name": "hamilton",
        "value": "hamilton",
        "type": "string",
        "children_dict": [],
        "line_idx": 14
      },
      {
        "name": "st. catharines-niagara",
        "value": "st. catharines-niagara",
        "type": "string",
        "children_dict": [],
        "line_idx": 15
      },
      {
        "name": "kitchener-cambridge-waterloo",
        "value": "kitchener-cambridge-waterloo",
        "type": "string",
        "children_dict": [],
        "line_idx": 16
      },
      {
        "name": "brantford",
        "value": "brantford",
        "type": "string",
        "children_dict": [],
        "line_idx": 17
      },
      {
        "name": "guelph",
        "value": "guelph",
        "type": "string",
        "children_dict": [],
        "line_idx": 18
      },
      {
        "name": "london",
        "value": "london",
        "type": "string",
        "children_dict": [],
        "line_idx": 19
      },
      {
        "name": "windsor",
        "value": "windsor",
        "type": "string",
        "children_dict": [],
        "line_idx": 20
      },
      {
        "name": "barrie",
        "value": "barrie",
        "type": "string",
        "children_dict": [],
        "line_idx": 21
      },
      {
        "name": "greater sudbury",
        "value": "greater sudbury",
        "type": "string",
        "children_dict": [],
        "line_idx": 22
      },
      {
        "name": "thunder bay",
        "value": "thunder bay",
        "type": "string",
        "children_dict": [],
        "line_idx": 23
      },
      {
        "name": "winnipeg",
        "value": "winnipeg",
        "type": "string",
        "children_dict": [],
        "line_idx": 24
      },
      {
        "name": "regina",
        "value": "regina",
        "type": "string",
        "children_dict": [],
        "line_idx": 25
      },
      {
        "name": "saskatoon",
        "value": "saskatoon",
        "type": "string",
        "children_dict": [],
        "line_idx": 26
      },
      {
        "name": "calgary",
        "value": "calgary",
        "type": "string",
        "children_dict": [],
        "line_idx": 27
      },
      {
        "name": "edmonton",
        "value": "edmonton",
        "type": "string",
        "children_dict": [],
        "line_idx": 28
      },
      {
        "name": "kelowna",
        "value": "kelowna",
        "type": "string",
        "children_dict": [],
        "line_idx": 29
      },
      {
        "name": "abbotsford-mission",
        "value": "abbotsford-mission",
        "type": "string",
        "children_dict": [],
        "line_idx": 30
      },
      {
        "name": "vancouver",
        "value": "vancouver",
        "type": "string",
        "children_dict": [],
        "line_idx": 31
      },
      {
        "name": "victoria",
        "value": "victoria",
        "type": "string",
        "children_dict": [],
        "line_idx": 32
      },
      {
        "name": "canada",
        "value": "canada",
        "type": "string",
        "children_dict": [],
        "line_idx": 33
      }
    ]
  },
  "data": [
    [
      {
        "value": 4.0
      },
      {
        "value": 1.93
      },
      {
        "value": 69.0
      },
      {
        "value": -7.0
      },
      {
        "value": 87.0
      },
      {
        "value": 20.0
      },
      {
        "value": 602.0
      },
      {
        "value": 18.0
      },
      {
        "value": 118.0
      },
      {
        "value": 12.0
      }
    ],
    [
      {
        "value": 12.0
      },
      {
        "value": 2.82
      },
      {
        "value": 75.0
      },
      {
        "value": -9.0
      },
      {
        "value": 45.0
      },
      {
        "value": -23.0
      },
      {
        "value": 239.0
      },
      {
        "value": -16.0
      },
      {
        "value": 90.0
      },
      {
        "value": -5.0
      }
    ],
    [
      {
        "value": 1.0
      },
      {
        "value": 0.64
      },
      {
        "value": 43.0
      },
      {
        "value": -2.0
      },
      {
        "value": 64.0
      },
      {
        "value": 62.0
      },
      {
        "value": 561.0
      },
      {
        "value": -3.0
      },
      {
        "value": 147.0
      },
      {
        "value": 13.0
      }
    ],
    [
      {
        "value": 3.0
      },
      {
        "value": 2.35
      },
      {
        "value": 41.0
      },
      {
        "value": -46.0
      },
      {
        "value": 48.0
      },
      {
        "value": 48.0
      },
      {
        "value": 231.0
      },
      {
        "value": -8.0
      },
      {
        "value": 58.0
      },
      {
        "value": -15.0
      }
    ],
    [
      {
        "value": 2.0
      },
      {
        "value": 1.2
      },
      {
        "value": 53.0
      },
      {
        "value": -10.0
      },
      {
        "value": 16.0
      },
      {
        "value": -15.0
      },
      {
        "value": 338.0
      },
      {
        "value": 0.0
      },
      {
        "value": 117.0
      },
      {
        "value": -9.0
      }
    ],
    [
      {
        "value": 1.0
      },
      {
        "value": 0.12
      },
      {
        "value": 47.0
      },
      {
        "value": 3.0
      },
      {
        "value": 19.0
      },
      {
        "value": 13.0
      },
      {
        "value": 319.0
      },
      {
        "value": -1.0
      },
      {
        "value": 71.0
      },
      {
        "value": -2.0
      }
    ],
    [
      {
        "value": 2.0
      },
      {
        "value": 1.0
      },
      {
        "value": 58.0
      },
      {
        "value": 15.0
      },
      {
        "value": 19.0
      },
      {
        "value": -23.0
      },
      {
        "value": 286.0
      },
      {
        "value": -12.0
      },
      {
        "value": 54.0
      },
      {
        "value": -2.0
      }
    ],
    [
      {
        "value": 0.0
      },
      {
        "value": 0.0
      },
      {
        "value": 54.0
      },
      {
        "value": 1.0
      },
      {
        "value": 12.0
      },
      {
        "value": -66.0
      },
      {
        "value": 336.0
      },
      {
        "value": -11.0
      },
      {
        "value": 85.0
      },
      {
        "value": -25.0
      }
    ],
    [
      {
        "value": 42.0
      },
      {
        "value": 1.02
      },
      {
        "value": 46.0
      },
      {
        "value": 11.0
      },
      {
        "value": 74.0
      },
      {
        "value": -10.0
      },
      {
        "value": 386.0
      },
      {
        "value": -5.0
      },
      {
        "value": 168.0
      },
      {
        "value": -11.0
      }
    ],
    [
      {
        "value": 3.0
      },
      {
        "value": 0.91
      },
      {
        "value": 48.0
      },
      {
        "value": 9.0
      },
      {
        "value": 32.0
      },
      {
        "value": 44.0
      },
      {
        "value": 320.0
      },
      {
        "value": 5.0
      },
      {
        "value": 71.0
      },
      {
        "value": -28.0
      }
    ],
    [
      {
        "value": 24.0
      },
      {
        "value": 2.37
      },
      {
        "value": 59.0
      },
      {
        "value": 14.0
      },
      {
        "value": 50.0
      },
      {
        "value": -13.0
      },
      {
        "value": 270.0
      },
      {
        "value": 16.0
      },
      {
        "value": 88.0
      },
      {
        "value": -1.0
      }
    ],
    [
      {
        "value": 0.0
      },
      {
        "value": 0.0
      },
      {
        "value": 60.0
      },
      {
        "value": -7.0
      },
      {
        "value": 18.0
      },
      {
        "value": -17.0
      },
      {
        "value": 395.0
      },
      {
        "value": 19.0
      },
      {
        "value": 72.0
      },
      {
        "value": -9.0
      }
    ],
    [
      {
        "value": 2.0
      },
      {
        "value": 1.62
      },
      {
        "value": 97.0
      },
      {
        "value": 10.0
      },
      {
        "value": 41.0
      },
      {
        "value": -15.0
      },
      {
        "value": 304.0
      },
      {
        "value": -25.0
      },
      {
        "value": 57.0
      },
      {
        "value": -1.0
      }
    ],
    [
      {
        "value": 96.0
      },
      {
        "value": 1.55
      },
      {
        "value": 44.0
      },
      {
        "value": -2.0
      },
      {
        "value": 83.0
      },
      {
        "value": 10.0
      },
      {
        "value": 205.0
      },
      {
        "value": -9.0
      },
      {
        "value": 113.0
      },
      {
        "value": 4.0
      }
    ],
    [
      {
        "value": 12.0
      },
      {
        "value": 1.58
      },
      {
        "value": 64.0
      },
      {
        "value": 6.0
      },
      {
        "value": 70.0
      },
      {
        "value": 21.0
      },
      {
        "value": 308.0
      },
      {
        "value": 5.0
      },
      {
        "value": 217.0
      },
      {
        "value": -1.0
      }
    ],
    [
      {
        "value": 1.0
      },
      {
        "value": 0.22
      },
      {
        "value": 53.0
      },
      {
        "value": -7.0
      },
      {
        "value": 31.0
      },
      {
        "value": -11.0
      },
      {
        "value": 373.0
      },
      {
        "value": -11.0
      },
      {
        "value": 160.0
      },
      {
        "value": 5.0
      }
    ],
    [
      {
        "value": 6.0
      },
      {
        "value": 1.09
      },
      {
        "value": 51.0
      },
      {
        "value": -12.0
      },
      {
        "value": 51.0
      },
      {
        "value": 6.0
      },
      {
        "value": 358.0
      },
      {
        "value": -11.0
      },
      {
        "value": 137.0
      },
      {
        "value": -3.0
      }
    ],
    [
      {
        "value": 4.0
      },
      {
        "value": 2.73
      },
      {
        "value": 68.0
      },
      {
        "value": -12.0
      },
      {
        "value": 68.0
      },
      {
        "value": 14.0
      },
      {
        "value": 588.0
      },
      {
        "value": 12.0
      },
      {
        "value": 454.0
      },
      {
        "value": -2.0
      }
    ],
    [
      {
        "value": 1.0
      },
      {
        "value": 0.76
      },
      {
        "value": 64.0
      },
      {
        "value": 33.0
      },
      {
        "value": 22.0
      },
      {
        "value": -8.0
      },
      {
        "value": 347.0
      },
      {
        "value": 16.0
      },
      {
        "value": 119.0
      },
      {
        "value": 49.0
      }
    ],
    [
      {
        "value": 8.0
      },
      {
        "value": 1.55
      },
      {
        "value": 46.0
      },
      {
        "value": 10.0
      },
      {
        "value": 55.0
      },
      {
        "value": 4.0
      },
      {
        "value": 389.0
      },
      {
        "value": 9.0
      },
      {
        "value": 195.0
      },
      {
        "value": -12.0
      }
    ],
    [
      {
        "value": 3.0
      },
      {
        "value": 0.9
      },
      {
        "value": 52.0
      },
      {
        "value": 15.0
      },
      {
        "value": 61.0
      },
      {
        "value": 10.0
      },
      {
        "value": 506.0
      },
      {
        "value": 23.0
      },
      {
        "value": 199.0
      },
      {
        "value": 14.0
      }
    ],
    [
      {
        "value": 2.0
      },
      {
        "value": 0.92
      },
      {
        "value": 54.0
      },
      {
        "value": 14.0
      },
      {
        "value": 32.0
      },
      {
        "value": 28.0
      },
      {
        "value": 200.0
      },
      {
        "value": -8.0
      },
      {
        "value": 68.0
      },
      {
        "value": -12.0
      }
    ],
    [
      {
        "value": 0.0
      },
      {
        "value": 0.0
      },
      {
        "value": 61.0
      },
      {
        "value": 1.0
      },
      {
        "value": 48.0
      },
      {
        "value": 10.0
      },
      {
        "value": 454.0
      },
      {
        "value": 20.0
      },
      {
        "value": 101.0
      },
      {
        "value": -17.0
      }
    ],
    [
      {
        "value": 8.0
      },
      {
        "value": 6.64
      },
      {
        "value": 85.0
      },
      {
        "value": 7.0
      },
      {
        "value": 118.0
      },
      {
        "value": -21.0
      },
      {
        "value": 492.0
      },
      {
        "value": 18.0
      },
      {
        "value": 158.0
      },
      {
        "value": 1.0
      }
    ],
    [
      {
        "value": 25.0
      },
      {
        "value": 3.14
      },
      {
        "value": 98.0
      },
      {
        "value": 14.0
      },
      {
        "value": 229.0
      },
      {
        "value": 27.0
      },
      {
        "value": 682.0
      },
      {
        "value": 14.0
      },
      {
        "value": 315.0
      },
      {
        "value": 3.0
      }
    ],
    [
      {
        "value": 8.0
      },
      {
        "value": 3.23
      },
      {
        "value": 59.0
      },
      {
        "value": -4.0
      },
      {
        "value": 118.0
      },
      {
        "value": 18.0
      },
      {
        "value": 760.0
      },
      {
        "value": 7.0
      },
      {
        "value": 523.0
      },
      {
        "value": 17.0
      }
    ],
    [
      {
        "value": 10.0
      },
      {
        "value": 3.12
      },
      {
        "value": 95.0
      },
      {
        "value": 44.0
      },
      {
        "value": 116.0
      },
      {
        "value": -11.0
      },
      {
        "value": 791.0
      },
      {
        "value": -3.0
      },
      {
        "value": 453.0
      },
      {
        "value": 16.0
      }
    ],
    [
      {
        "value": 33.0
      },
      {
        "value": 2.24
      },
      {
        "value": 44.0
      },
      {
        "value": -14.0
      },
      {
        "value": 62.0
      },
      {
        "value": -24.0
      },
      {
        "value": 576.0
      },
      {
        "value": -10.0
      },
      {
        "value": 535.0
      },
      {
        "value": 0.0
      }
    ],
    [
      {
        "value": 47.0
      },
      {
        "value": 3.39
      },
      {
        "value": 72.0
      },
      {
        "value": -8.0
      },
      {
        "value": 103.0
      },
      {
        "value": -8.0
      },
      {
        "value": 582.0
      },
      {
        "value": -4.0
      },
      {
        "value": 483.0
      },
      {
        "value": 10.0
      }
    ],
    [
      {
        "value": 5.0
      },
      {
        "value": 2.54
      },
      {
        "value": 34.0
      },
      {
        "value": -18.0
      },
      {
        "value": 41.0
      },
      {
        "value": -28.0
      },
      {
        "value": 620.0
      },
      {
        "value": -3.0
      },
      {
        "value": 316.0
      },
      {
        "value": -11.0
      }
    ],
    [
      {
        "value": 6.0
      },
      {
        "value": 3.22
      },
      {
        "value": 42.0
      },
      {
        "value": 0.0
      },
      {
        "value": 64.0
      },
      {
        "value": -36.0
      },
      {
        "value": 577.0
      },
      {
        "value": -19.0
      },
      {
        "value": 493.0
      },
      {
        "value": -1.0
      }
    ],
    [
      {
        "value": 41.0
      },
      {
        "value": 1.61
      },
      {
        "value": 44.0
      },
      {
        "value": 2.0
      },
      {
        "value": 78.0
      },
      {
        "value": -24.0
      },
      {
        "value": 678.0
      },
      {
        "value": -1.0
      },
      {
        "value": 312.0
      },
      {
        "value": -7.0
      }
    ],
    [
      {
        "value": 1.0
      },
      {
        "value": 0.27
      },
      {
        "value": 64.0
      },
      {
        "value": 7.0
      },
      {
        "value": 37.0
      },
      {
        "value": -15.0
      },
      {
        "value": 326.0
      },
      {
        "value": -20.0
      },
      {
        "value": 108.0
      },
      {
        "value": 0.0
      }
    ],
    [
      {
        "value": 611.0
      },
      {
        "value": 1.68
      },
      {
        "value": 58.0
      },
      {
        "value": -1.0
      },
      {
        "value": 60.0
      },
      {
        "value": -3.0
      },
      {
        "value": 439.0
      },
      {
        "value": -2.0
      },
      {
        "value": 217.0
      },
      {
        "value": -1.0
      }
    ]
  ]
}