{
  "title": "receipt of any inpatient palliative care and pre-terminal (prior to last 30 days of life) inpatient palliative care among decedents in canadian provinces (excluding quebec), overall and among decendents who were hospitalized in the last year of life, 2010 to 2014",
  "top_root": {
    "name": "<TOP>",
    "value": "<TOP>",
    "type": "string",
    "line_idx": null,
    "children_dict": [
      {
        "name": "last year of life",
        "value": "last year of life",
        "type": "string",
        "children_dict": [
          {
            "name": "hospitalized",
            "value": "hospitalized",
            "type": "string",
            "children_dict": [
              {
                "name": "number",
                "value": "number",
                "type": "string",
                "children_dict": [],
                "line_idx": 0
              },
              {
                "name": "percent cohort",
                "value": "percent cohort",
                "type": "string",
                "children_dict": [],
                "line_idx": 1
              }
            ],
            "line_idx": null
          },
          {
            "name": "any inpatient palliative care",
            "value": "any inpatient palliative care",
            "type": "string",
            "children_dict": [
              {
                "name": "number",
                "value": "number",
                "type": "string",
                "children_dict": [],
                "line_idx": 2
              },
              {
                "name": "percent hospitalized cohort",
                "value": "percent hospitalized cohort",
                "type": "string",
                "children_dict": [],
                "line_idx": 3
              }
            ],
            "line_idx": null
          }
        ],
        "line_idx": null
      },
      {
        "name": "prior to last 30 days of life",
        "value": "prior to last 30 days of life",
        "type": "string",
        "children_dict": [
          {
            "name": "hospitalized",
            "value": "hospitalized",
            "type": "string",
            "children_dict": [
              {
                "name": "number",
                "value": "number",
                "type": "string",
                "children_dict": [],
                "line_idx": 4
              },
              {
                "name": "percent cohort",
                "value": "percent cohort",
                "type": "string",
                "children_dict": [],
                "line_idx": 5
              }
            ],
            "line_idx": null
          },
          {
            "name": "pre-terminal palliative care",
            "value": "pre-terminal palliative care",
            "type": "string",
            "children_dict": [
              {
                "name": "number",
                "value": "number",
                "type": "string",
                "children_dict": [],
                "line_idx": 6
              },
              {
                "name": "percent hospitalized cohort",
                "value": "percent hospitalized cohort",
                "type": "string",
                "children_dict": [],
                "line_idx": 7
              },
              {
                "name": "percent any inpatient palliative care cohort hospitalized pre-terminally",
                "value": "percent any inpatient palliative care cohort hospitalized pre-terminally",
                "type": "string",
                "children_dict": [],
                "line_idx": 8
              }
            ],
            "line_idx": null
          }
        ],
        "line_idx": null
      }
    ]
  },
  "left_root": {
    "name": "<LEFT>",
    "value": "<LEFT>",
    "type": "string",
    "line_idx": null,
    "children_dict": [
      {
        "name": "overall",
        "value": "overall",
        "type": "string",
        "children_dict": [],
        "line_idx": 0
      },
      {
        "name": "year of death",
        "value": "year of death",
        "type": "string",
        "children_dict": [
          {
            "name": "2010",
            "value": "2010",
            "type": "string",
            "children_dict": [],
            "line_idx": 2
          },
          {
            "name": "2011",
            "value": "2011",
            "type": "string",
            "children_dict": [],
            "line_idx": 3
          },
          {
            "name": "2012",
            "value": "2012",
            "type": "string",
            "children_dict": [],
            "line_idx": 4
          },
          {
            "name": "2013",
            "value": "2013",
            "type": "string",
            "children_dict": [],
            "line_idx": 5
          },
          {
            "name": "2014",
            "value": "2014",
            "type": "string",
            "children_dict": [],
            "line_idx": 6
          }
        ],
        "line_idx": 1
      },
      {
        "name": "province",
        "value": "province",
        "type": "string",
        "children_dict": [
          {
            "name": "newfoundland and labrador",
            "value": "newfoundland and labrador",
            "type": "string",
            "children_dict": [],
            "line_idx": 8
          },
          {
            "name": "prince edward island",
            "value": "prince edward island",
            "type": "string",
            "children_dict": [],
            "line_idx": 9
          },
          {
            "name": "nova scotia",
            "value": "nova scotia",
            "type": "string",
            "children_dict": [],
            "line_idx": 10
          },
          {
            "name": "new brunswick",
            "value": "new brunswick",
            "type": "string",
            "children_dict": [],
            "line_idx": 11
          },
          {
            "name": "ontario",
            "value": "ontario",
            "type": "string",
            "children_dict": [],
            "line_idx": 12
          },
          {
            "name": "manitoba",
            "value": "manitoba",
            "type": "string",
            "children_dict": [],
            "line_idx": 13
          },
          {
            "name": "saskatchewan",
            "value": "saskatchewan",
            "type": "string",
            "children_dict": [],
            "line_idx": 14
          },
          {
            "name": "alberta",
            "value": "alberta",
            "type": "string",
            "children_dict": [],
            "line_idx": 15
          },
          {
            "name": "british columbia",
            "value": "british columbia",
            "type": "string",
            "children_dict": [],
            "line_idx": 16
          }
        ],
        "line_idx": 7
      },
      {
        "name": "age group",
        "value": "age group",
        "type": "string",
        "children_dict": [
          {
            "name": "19 to 29 years",
            "value": "19 to 29 years",
            "type": "string",
            "children_dict": [],
            "line_idx": 18
          },
          {
            "name": "30 to 39 years",
            "value": "30 to 39 years",
            "type": "string",
            "children_dict": [],
            "line_idx": 19
          },
          {
            "name": "40 to 49 years",
            "value": "40 to 49 years",
            "type": "string",
            "children_dict": [],
            "line_idx": 20
          },
          {
            "name": "50 to 59 years",
            "value": "50 to 59 years",
            "type": "string",
            "children_dict": [],
            "line_idx": 21
          },
          {
            "name": "60 to 69 years",
            "value": "60 to 69 years",
            "type": "string",
            "children_dict": [],
            "line_idx": 22
          },
          {
            "name": "70 to 79 years",
            "value": "70 to 79 years",
            "type": "string",
            "children_dict": [],
            "line_idx": 23
          },
          {
            "name": "80 to 89 years",
            "value": "80 to 89 years",
            "type": "string",
            "children_dict": [],
            "line_idx": 24
          },
          {
            "name": "90 years and older",
            "value": "90 years and older",
            "type": "string",
            "children_dict": [],
            "line_idx": 25
          }
        ],
        "line_idx": 17
      },
      {
        "name": "sex",
        "value": "sex",
        "type": "string",
        "children_dict": [
          {
            "name": "male",
            "value": "male",
            "type": "string",
            "children_dict": [],
            "line_idx": 27
          },
          {
            "name": "female",
            "value": "female",
            "type": "string",
            "children_dict": [],
            "line_idx": 28
          }
        ],
        "line_idx": 26
      },
      {
        "name": "marital status",
        "value": "marital status",
        "type": "string",
        "children_dict": [
          {
            "name": "single",
            "value": "single",
            "type": "string",
            "children_dict": [],
            "line_idx": 30
          },
          {
            "name": "married",
            "value": "married",
            "type": "string",
            "children_dict": [],
            "line_idx": 31
          },
          {
            "name": "widowed",
            "value": "widowed",
            "type": "string",
            "children_dict": [],
            "line_idx": 32
          },
          {
            "name": "divorced",
            "value": "divorced",
            "type": "string",
            "children_dict": [],
            "line_idx": 33
          },
          {
            "name": "separated",
            "value": "separated",
            "type": "string",
            "children_dict": [],
            "line_idx": 34
          },
          {
            "name": "unknown",
            "value": "unknown",
            "type": "string",
            "children_dict": [],
            "line_idx": 35
          }
        ],
        "line_idx": 29
      },
      {
        "name": "neighbourhood income quintile",
        "value": "neighbourhood income quintile",
        "type": "string",
        "children_dict": [
          {
            "name": "lowest quintile",
            "value": "lowest quintile",
            "type": "string",
            "children_dict": [],
            "line_idx": 37
          },
          {
            "name": "medium-low quintile",
            "value": "medium-low quintile",
            "type": "string",
            "children_dict": [],
            "line_idx": 38
          },
          {
            "name": "middle quintile",
            "value": "middle quintile",
            "type": "string",
            "children_dict": [],
            "line_idx": 39
          },
          {
            "name": "medium-high quintile",
            "value": "medium-high quintile",
            "type": "string",
            "children_dict": [],
            "line_idx": 40
          },
          {
            "name": "highest quintile",
            "value": "highest quintile",
            "type": "string",
            "children_dict": [],
            "line_idx": 41
          },
          {
            "name": "missing",
            "value": "missing",
            "type": "string",
            "children_dict": [],
            "line_idx": 42
          }
        ],
        "line_idx": 36
      },
      {
        "name": "rurality",
        "value": "rurality",
        "type": "string",
        "children_dict": [
          {
            "name": "rural",
            "value": "rural",
            "type": "string",
            "children_dict": [],
            "line_idx": 44
          },
          {
            "name": "urban",
            "value": "urban",
            "type": "string",
            "children_dict": [],
            "line_idx": 45
          },
          {
            "name": "missing",
            "value": "missing",
            "type": "string",
            "children_dict": [],
            "line_idx": 46
          }
        ],
        "line_idx": 43
      },
      {
        "name": "underlying cause of death",
        "value": "underlying cause of death",
        "type": "string",
        "children_dict": [
          {
            "name": "terminal illness",
            "value": "terminal illness",
            "type": "string",
            "children_dict": [],
            "line_idx": 48
          },
          {
            "name": "frailty",
            "value": "frailty",
            "type": "string",
            "children_dict": [],
            "line_idx": 49
          },
          {
            "name": "organ failure",
            "value": "organ failure",
            "type": "string",
            "children_dict": [],
            "line_idx": 50
          },
          {
            "name": "other",
            "value": "other",
            "type": "string",
            "children_dict": [],
            "line_idx": 51
          },
          {
            "name": "sudden death",
            "value": "sudden death",
            "type": "string",
            "children_dict": [],
            "line_idx": 52
          }
        ],
        "line_idx": 47
      }
    ]
  },
  "data": [
    [
      {
        "value": 592800.0
      },
      {
        "value": 67.3
      },
      {
        "value": 111145.0
      },
      {
        "value": 18.7
      },
      {
        "value": 364350.0
      },
      {
        "value": 41.4
      },
      {
        "value": 14865.0
      },
      {
        "value": 4.1
      },
      {
        "value": 21.7
      }
    ],
    [
      {
        "value": ""
      },
      {
        "value": ""
      },
      {
        "value": ""
      },
      {
        "value": ""
      },
      {
        "value": ""
      },
      {
        "value": ""
      },
      {
        "value": ""
      },
      {
        "value": ""
      },
      {
        "value": ""
      }
    ],
    [
      {
        "value": 89040.0
      },
      {
        "value": 66.8
      },
      {
        "value": 17100.0
      },
      {
        "value": 19.2
      },
      {
        "value": 53670.0
      },
      {
        "value": 40.3
      },
      {
        "value": 2455.0
      },
      {
        "value": 4.6
      },
      {
        "value": 23.3
      }
    ],
    [
      {
        "value": 122400.0
      },
      {
        "value": 67.4
      },
      {
        "value": 23290.0
      },
      {
        "value": 19.0
      },
      {
        "value": 74425.0
      },
      {
        "value": 41.0
      },
      {
        "value": 3245.0
      },
      {
        "value": 4.4
      },
      {
        "value": 22.5
      }
    ],
    [
      {
        "value": 123705.0
      },
      {
        "value": 67.4
      },
      {
        "value": 22995.0
      },
      {
        "value": 18.6
      },
      {
        "value": 76090.0
      },
      {
        "value": 41.5
      },
      {
        "value": 2985.0
      },
      {
        "value": 3.9
      },
      {
        "value": 21.2
      }
    ],
    [
      {
        "value": 127780.0
      },
      {
        "value": 67.7
      },
      {
        "value": 23785.0
      },
      {
        "value": 18.6
      },
      {
        "value": 79330.0
      },
      {
        "value": 42.0
      },
      {
        "value": 3100.0
      },
      {
        "value": 3.9
      },
      {
        "value": 21.2
      }
    ],
    [
      {
        "value": 129880.0
      },
      {
        "value": 67.2
      },
      {
        "value": 23970.0
      },
      {
        "value": 18.5
      },
      {
        "value": 80825.0
      },
      {
        "value": 41.8
      },
      {
        "value": 3085.0
      },
      {
        "value": 3.8
      },
      {
        "value": 20.9
      }
    ],
    [
      {
        "value": ""
      },
      {
        "value": ""
      },
      {
        "value": ""
      },
      {
        "value": ""
      },
      {
        "value": ""
      },
      {
        "value": ""
      },
      {
        "value": ""
      },
      {
        "value": ""
      },
      {
        "value": ""
      }
    ],
    [
      {
        "value": 14120.0
      },
      {
        "value": 63.9
      },
      {
        "value": 3320.0
      },
      {
        "value": 23.5
      },
      {
        "value": 8320.0
      },
      {
        "value": 37.6
      },
      {
        "value": 385.0
      },
      {
        "value": 4.6
      },
      {
        "value": 19.2
      }
    ],
    [
      {
        "value": 3580.0
      },
      {
        "value": 62.5
      },
      {
        "value": 860.0
      },
      {
        "value": 24.0
      },
      {
        "value": 2310.0
      },
      {
        "value": 40.3
      },
      {
        "value": 140.0
      },
      {
        "value": 6.1
      },
      {
        "value": 24.8
      }
    ],
    [
      {
        "value": 26945.0
      },
      {
        "value": 66.4
      },
      {
        "value": 8255.0
      },
      {
        "value": 30.6
      },
      {
        "value": 15355.0
      },
      {
        "value": 37.9
      },
      {
        "value": 1055.0
      },
      {
        "value": 6.9
      },
      {
        "value": 22.4
      }
    ],
    [
      {
        "value": 21965.0
      },
      {
        "value": 71.0
      },
      {
        "value": 6050.0
      },
      {
        "value": 27.5
      },
      {
        "value": 13495.0
      },
      {
        "value": 43.7
      },
      {
        "value": 625.0
      },
      {
        "value": 4.6
      },
      {
        "value": 16.1
      }
    ],
    [
      {
        "value": 294795.0
      },
      {
        "value": 68.1
      },
      {
        "value": 49695.0
      },
      {
        "value": 16.9
      },
      {
        "value": 178910.0
      },
      {
        "value": 41.4
      },
      {
        "value": 5970.0
      },
      {
        "value": 3.3
      },
      {
        "value": 20.3
      }
    ],
    [
      {
        "value": 29125.0
      },
      {
        "value": 60.8
      },
      {
        "value": 7190.0
      },
      {
        "value": 24.7
      },
      {
        "value": 17265.0
      },
      {
        "value": 36.1
      },
      {
        "value": 720.0
      },
      {
        "value": 4.2
      },
      {
        "value": 17.1
      }
    ],
    [
      {
        "value": 28655.0
      },
      {
        "value": 66.0
      },
      {
        "value": 6035.0
      },
      {
        "value": 21.1
      },
      {
        "value": 18830.0
      },
      {
        "value": 43.4
      },
      {
        "value": 980.0
      },
      {
        "value": 5.2
      },
      {
        "value": 23.4
      }
    ],
    [
      {
        "value": 69175.0
      },
      {
        "value": 67.0
      },
      {
        "value": 10570.0
      },
      {
        "value": 15.3
      },
      {
        "value": 44595.0
      },
      {
        "value": 43.2
      },
      {
        "value": 1515.0
      },
      {
        "value": 3.4
      },
      {
        "value": 21.5
      }
    ],
    [
      {
        "value": 104440.0
      },
      {
        "value": 67.8
      },
      {
        "value": 19170.0
      },
      {
        "value": 18.4
      },
      {
        "value": 65265.0
      },
      {
        "value": 42.4
      },
      {
        "value": 3480.0
      },
      {
        "value": 5.3
      },
      {
        "value": 28.1
      }
    ],
    [
      {
        "value": ""
      },
      {
        "value": ""
      },
      {
        "value": ""
      },
      {
        "value": ""
      },
      {
        "value": ""
      },
      {
        "value": ""
      },
      {
        "value": ""
      },
      {
        "value": ""
      },
      {
        "value": ""
      }
    ],
    [
      {
        "value": 3155.0
      },
      {
        "value": 29.2
      },
      {
        "value": 340.0
      },
      {
        "value": 10.8
      },
      {
        "value": 1995.0
      },
      {
        "value": 18.5
      },
      {
        "value": 65.0
      },
      {
        "value": 3.3
      },
      {
        "value": 24.1
      }
    ],
    [
      {
        "value": 5400.0
      },
      {
        "value": 42.4
      },
      {
        "value": 895.0
      },
      {
        "value": 16.6
      },
      {
        "value": 3680.0
      },
      {
        "value": 28.9
      },
      {
        "value": 195.0
      },
      {
        "value": 5.3
      },
      {
        "value": 27.1
      }
    ],
    [
      {
        "value": 16030.0
      },
      {
        "value": 54.1
      },
      {
        "value": 3555.0
      },
      {
        "value": 22.2
      },
      {
        "value": 10815.0
      },
      {
        "value": 36.5
      },
      {
        "value": 665.0
      },
      {
        "value": 6.1
      },
      {
        "value": 25.0
      }
    ],
    [
      {
        "value": 46465.0
      },
      {
        "value": 63.7
      },
      {
        "value": 11585.0
      },
      {
        "value": 24.9
      },
      {
        "value": 30710.0
      },
      {
        "value": 42.1
      },
      {
        "value": 2120.0
      },
      {
        "value": 6.9
      },
      {
        "value": 26.1
      }
    ],
    [
      {
        "value": 88400.0
      },
      {
        "value": 72.1
      },
      {
        "value": 21510.0
      },
      {
        "value": 24.3
      },
      {
        "value": 57345.0
      },
      {
        "value": 46.8
      },
      {
        "value": 3370.0
      },
      {
        "value": 5.9
      },
      {
        "value": 23.1
      }
    ],
    [
      {
        "value": 136455.0
      },
      {
        "value": 75.6
      },
      {
        "value": 28215.0
      },
      {
        "value": 20.7
      },
      {
        "value": 85140.0
      },
      {
        "value": 47.1
      },
      {
        "value": 3880.0
      },
      {
        "value": 4.6
      },
      {
        "value": 21.7
      }
    ],
    [
      {
        "value": 200305.0
      },
      {
        "value": 70.8
      },
      {
        "value": 31935.0
      },
      {
        "value": 15.9
      },
      {
        "value": 119485.0
      },
      {
        "value": 42.2
      },
      {
        "value": 3455.0
      },
      {
        "value": 2.9
      },
      {
        "value": 19.2
      }
    ],
    [
      {
        "value": 96595.0
      },
      {
        "value": 57.5
      },
      {
        "value": 13110.0
      },
      {
        "value": 13.6
      },
      {
        "value": 55180.0
      },
      {
        "value": 32.8
      },
      {
        "value": 1110.0
      },
      {
        "value": 2.0
      },
      {
        "value": 18.2
      }
    ],
    [
      {
        "value": ""
      },
      {
        "value": ""
      },
      {
        "value": ""
      },
      {
        "value": ""
      },
      {
        "value": ""
      },
      {
        "value": ""
      },
      {
        "value": ""
      },
      {
        "value": ""
      },
      {
        "value": ""
      }
    ],
    [
      {
        "value": 305220.0
      },
      {
        "value": 68.5
      },
      {
        "value": 55545.0
      },
      {
        "value": 18.2
      },
      {
        "value": 188075.0
      },
      {
        "value": 42.2
      },
      {
        "value": 6995.0
      },
      {
        "value": 3.7
      },
      {
        "value": 20.0
      }
    ],
    [
      {
        "value": 287580.0
      },
      {
        "value": 66.2
      },
      {
        "value": 55595.0
      },
      {
        "value": 19.3
      },
      {
        "value": 176275.0
      },
      {
        "value": 40.6
      },
      {
        "value": 7870.0
      },
      {
        "value": 4.5
      },
      {
        "value": 23.5
      }
    ],
    [
      {
        "value": ""
      },
      {
        "value": ""
      },
      {
        "value": ""
      },
      {
        "value": ""
      },
      {
        "value": ""
      },
      {
        "value": ""
      },
      {
        "value": ""
      },
      {
        "value": ""
      },
      {
        "value": ""
      }
    ],
    [
      {
        "value": 50780.0
      },
      {
        "value": 53.4
      },
      {
        "value": 8575.0
      },
      {
        "value": 16.9
      },
      {
        "value": 31225.0
      },
      {
        "value": 32.8
      },
      {
        "value": 1360.0
      },
      {
        "value": 4.4
      },
      {
        "value": 25.0
      }
    ],
    [
      {
        "value": 266945.0
      },
      {
        "value": 74.4
      },
      {
        "value": 56250.0
      },
      {
        "value": 21.1
      },
      {
        "value": 166010.0
      },
      {
        "value": 46.3
      },
      {
        "value": 7570.0
      },
      {
        "value": 4.6
      },
      {
        "value": 21.0
      }
    ],
    [
      {
        "value": 206960.0
      },
      {
        "value": 64.2
      },
      {
        "value": 33005.0
      },
      {
        "value": 15.9
      },
      {
        "value": 123470.0
      },
      {
        "value": 38.3
      },
      {
        "value": 3750.0
      },
      {
        "value": 3.0
      },
      {
        "value": 20.6
      }
    ],
    [
      {
        "value": 48740.0
      },
      {
        "value": 65.6
      },
      {
        "value": 9355.0
      },
      {
        "value": 19.2
      },
      {
        "value": 31195.0
      },
      {
        "value": 42.0
      },
      {
        "value": 1550.0
      },
      {
        "value": 5.0
      },
      {
        "value": 25.4
      }
    ],
    [
      {
        "value": 3255.0
      },
      {
        "value": 64.2
      },
      {
        "value": 725.0
      },
      {
        "value": 22.3
      },
      {
        "value": 2115.0
      },
      {
        "value": 41.7
      },
      {
        "value": 120.0
      },
      {
        "value": 5.7
      },
      {
        "value": 24.5
      }
    ],
    [
      {
        "value": 16125.0
      },
      {
        "value": 64.7
      },
      {
        "value": 3235.0
      },
      {
        "value": 20.1
      },
      {
        "value": 10340.0
      },
      {
        "value": 41.5
      },
      {
        "value": 520.0
      },
      {
        "value": 5.0
      },
      {
        "value": 23.7
      }
    ],
    [
      {
        "value": ""
      },
      {
        "value": ""
      },
      {
        "value": ""
      },
      {
        "value": ""
      },
      {
        "value": ""
      },
      {
        "value": ""
      },
      {
        "value": ""
      },
      {
        "value": ""
      },
      {
        "value": ""
      }
    ],
    [
      {
        "value": 133500.0
      },
      {
        "value": 66.4
      },
      {
        "value": 24430.0
      },
      {
        "value": 18.3
      },
      {
        "value": 82340.0
      },
      {
        "value": 40.9
      },
      {
        "value": 3280.0
      },
      {
        "value": 4.0
      },
      {
        "value": 21.8
      }
    ],
    [
      {
        "value": 124140.0
      },
      {
        "value": 68.6
      },
      {
        "value": 23520.0
      },
      {
        "value": 18.9
      },
      {
        "value": 75770.0
      },
      {
        "value": 41.9
      },
      {
        "value": 3045.0
      },
      {
        "value": 4.0
      },
      {
        "value": 21.1
      }
    ],
    [
      {
        "value": 115330.0
      },
      {
        "value": 68.1
      },
      {
        "value": 21930.0
      },
      {
        "value": 19.0
      },
      {
        "value": 70695.0
      },
      {
        "value": 41.7
      },
      {
        "value": 2930.0
      },
      {
        "value": 4.1
      },
      {
        "value": 21.7
      }
    ],
    [
      {
        "value": 111030.0
      },
      {
        "value": 67.8
      },
      {
        "value": 21140.0
      },
      {
        "value": 19.0
      },
      {
        "value": 68585.0
      },
      {
        "value": 41.9
      },
      {
        "value": 2865.0
      },
      {
        "value": 4.2
      },
      {
        "value": 21.9
      }
    ],
    [
      {
        "value": 101030.0
      },
      {
        "value": 67.0
      },
      {
        "value": 18915.0
      },
      {
        "value": 18.7
      },
      {
        "value": 62155.0
      },
      {
        "value": 41.2
      },
      {
        "value": 2585.0
      },
      {
        "value": 4.2
      },
      {
        "value": 22.3
      }
    ],
    [
      {
        "value": 7775.0
      },
      {
        "value": 54.4
      },
      {
        "value": 1205.0
      },
      {
        "value": 15.5
      },
      {
        "value": 4800.0
      },
      {
        "value": 33.6
      },
      {
        "value": 160.0
      },
      {
        "value": 3.3
      },
      {
        "value": 21.6
      }
    ],
    [
      {
        "value": ""
      },
      {
        "value": ""
      },
      {
        "value": ""
      },
      {
        "value": ""
      },
      {
        "value": ""
      },
      {
        "value": ""
      },
      {
        "value": ""
      },
      {
        "value": ""
      },
      {
        "value": ""
      }
    ],
    [
      {
        "value": 122675.0
      },
      {
        "value": 64.6
      },
      {
        "value": 25860.0
      },
      {
        "value": 21.1
      },
      {
        "value": 78155.0
      },
      {
        "value": 41.2
      },
      {
        "value": 3330.0
      },
      {
        "value": 4.3
      },
      {
        "value": 19.8
      }
    ],
    [
      {
        "value": 465660.0
      },
      {
        "value": 68.3
      },
      {
        "value": 84605.0
      },
      {
        "value": 18.2
      },
      {
        "value": 283560.0
      },
      {
        "value": 41.6
      },
      {
        "value": 11435.0
      },
      {
        "value": 4.0
      },
      {
        "value": 22.3
      }
    ],
    [
      {
        "value": 4465.0
      },
      {
        "value": 49.0
      },
      {
        "value": 675.0
      },
      {
        "value": 15.1
      },
      {
        "value": 2635.0
      },
      {
        "value": 28.9
      },
      {
        "value": 95.0
      },
      {
        "value": 3.6
      },
      {
        "value": 24.7
      }
    ],
    [
      {
        "value": ""
      },
      {
        "value": ""
      },
      {
        "value": ""
      },
      {
        "value": ""
      },
      {
        "value": ""
      },
      {
        "value": ""
      },
      {
        "value": ""
      },
      {
        "value": ""
      },
      {
        "value": ""
      }
    ],
    [
      {
        "value": 228395.0
      },
      {
        "value": 84.0
      },
      {
        "value": 78450.0
      },
      {
        "value": 34.3
      },
      {
        "value": 153045.0
      },
      {
        "value": 56.3
      },
      {
        "value": 13055.0
      },
      {
        "value": 8.5
      },
      {
        "value": 25.2
      }
    ],
    [
      {
        "value": 131410.0
      },
      {
        "value": 52.0
      },
      {
        "value": 9880.0
      },
      {
        "value": 7.5
      },
      {
        "value": 78875.0
      },
      {
        "value": 31.2
      },
      {
        "value": 640.0
      },
      {
        "value": 0.8
      },
      {
        "value": 13.0
      }
    ],
    [
      {
        "value": 192800.0
      },
      {
        "value": 69.9
      },
      {
        "value": 19715.0
      },
      {
        "value": 10.2
      },
      {
        "value": 111855.0
      },
      {
        "value": 40.6
      },
      {
        "value": 1065.0
      },
      {
        "value": 1.0
      },
      {
        "value": 10.3
      }
    ],
    [
      {
        "value": 28340.0
      },
      {
        "value": 72.2
      },
      {
        "value": 2735.0
      },
      {
        "value": 9.7
      },
      {
        "value": 13645.0
      },
      {
        "value": 34.8
      },
      {
        "value": 95.0
      },
      {
        "value": 0.7
      },
      {
        "value": 7.8
      }
    ],
    [
      {
        "value": 11860.0
      },
      {
        "value": 29.0
      },
      {
        "value": 365.0
      },
      {
        "value": 3.1
      },
      {
        "value": 6925.0
      },
      {
        "value": 16.9
      },
      {
        "value": 15.0
      },
      {
        "value": 0.2
      },
      {
        "value": 8.8
      }
    ]
  ]
}