{
  "title": "statistics",
  "top_root": {
    "name": "<TOP>",
    "value": "<TOP>",
    "type": "string",
    "line_idx": null,
    "children_dict": [
      {
        "name": "rushing",
        "value": "rushing",
        "type": "string",
        "children_dict": [
          {
            "name": "team",
            "value": "team",
            "type": "string",
            "children_dict": [],
            "line_idx": 0
          },
          {
            "name": "att",
            "value": "att",
            "type": "string",
            "children_dict": [],
            "line_idx": 1
          },
          {
            "name": "yds",
            "value": "yds",
            "type": "string",
            "children_dict": [],
            "line_idx": 2
          },
          {
            "name": "avg",
            "value": "avg",
            "type": "string",
            "children_dict": [],
            "line_idx": 3
          },
          {
            "name": "lng",
            "value": "lng",
            "type": "string",
            "children_dict": [],
            "line_idx": 4
          },
          {
            "name": "td",
            "value": "td",
            "type": "string",
            "children_dict": [],
            "line_idx": 5
          }
        ],
        "line_idx": null
      },
      {
        "name": "receiving",
        "value": "receiving",
        "type": "string",
        "children_dict": [
          {
            "name": "no",
            "value": "no",
            "type": "string",
            "children_dict": [],
            "line_idx": 6
          },
          {
            "name": "yds",
            "value": "yds",
            "type": "string",
            "children_dict": [],
            "line_idx": 7
          },
          {
            "name": "avg",
            "value": "avg",
            "type": "string",
            "children_dict": [],
            "line_idx": 8
          },
          {
            "name": "lng",
            "value": "lng",
            "type": "string",
            "children_dict": [],
            "line_idx": 9
          },
          {
            "name": "td",
            "value": "td",
            "type": "string",
            "children_dict": [],
            "line_idx": 10
          }
        ],
        "line_idx": null
      }
    ]
  },
  "left_root": {
    "name": "<LEFT>",
    "value": "<LEFT>",
    "type": "string",
    "line_idx": null,
    "children_dict": [
      {
        "name": "1993",
        "value": "1993",
        "type": "string",
        "children_dict": [],
        "line_idx": 0
      },
      {
        "name": "1994",
        "value": "1994",
        "type": "string",
        "children_dict": [],
        "line_idx": 1
      },
      {
        "name": "1995",
        "value": "1995",
        "type": "string",
        "children_dict": [],
        "line_idx": 2
      },
      {
        "name": "1996",
        "value": "1996",
        "type": "string",
        "children_dict": [],
        "line_idx": 3
      },
      {
        "name": "totals",
        "value": "totals",
        "type": "string",
        "children_dict": [],
        "line_idx": 4
      }
    ]
  },
  "data": [
    [
      {
        "value": "nor"
      },
      {
        "value": 180
      },
      {
        "value": 705
      },
      {
        "value": 3.9
      },
      {
        "value": 60
      },
      {
        "value": 2
      },
      {
        "value": 21
      },
      {
        "value": 170
      },
      {
        "value": 8.1
      },
      {
        "value": 19
      },
      {
        "value": 1
      }
    ],
    [
      {
        "value": "nor"
      },
      {
        "value": 146
      },
      {
        "value": 489
      },
      {
        "value": 3.3
      },
      {
        "value": 16
      },
      {
        "value": 3
      },
      {
        "value": 44
      },
      {
        "value": 428
      },
      {
        "value": 9.7
      },
      {
        "value": 37
      },
      {
        "value": 1
      }
    ],
    [
      {
        "value": "nor"
      },
      {
        "value": 49
      },
      {
        "value": 159
      },
      {
        "value": 3.2
      },
      {
        "value": 35
      },
      {
        "value": 1
      },
      {
        "value": 35
      },
      {
        "value": 266
      },
      {
        "value": 7.6
      },
      {
        "value": 19
      },
      {
        "value": 1
      }
    ],
    [
      {
        "value": "nor"
      },
      {
        "value": 13
      },
      {
        "value": 30
      },
      {
        "value": 2.3
      },
      {
        "value": 12
      },
      {
        "value": 0
      },
      {
        "value": 8
      },
      {
        "value": 54
      },
      {
        "value": 6.8
      },
      {
        "value": 18
      },
      {
        "value": 0
      }
    ],
    [
      {
        "value": "-"
      },
      {
        "value": 388
      },
      {
        "value": 1383
      },
      {
        "value": 3.6
      },
      {
        "value": 60
      },
      {
        "value": 6
      },
      {
        "value": 108
      },
      {
        "value": 918
      },
      {
        "value": 8.5
      },
      {
        "value": 37
      },
      {
        "value": 3
      }
    ]
  ]
}