{
  "title": "this table displays the results of volunteer rate and average number of volunteer hours. the information is grouped by household income (appearing as row headers), percent and mean number of hours (annually) (appearing as column headers)",
  "top_root": {
    "name": "<TOP>",
    "value": "<TOP>",
    "type": "string",
    "line_idx": null,
    "children_dict": [
      {
        "name": "percentage",
        "value": "percentage",
        "type": "string",
        "children_dict": [],
        "line_idx": 0
      },
      {
        "name": "mean number of hours",
        "value": "mean number of hours",
        "type": "string",
        "children_dict": [],
        "line_idx": 1
      }
    ]
  },
  "left_root": {
    "name": "<LEFT>",
    "value": "<LEFT>",
    "type": "string",
    "line_idx": null,
    "children_dict": [
      {
        "name": "less than $20,000",
        "value": "less than $20,000",
        "type": "string",
        "children_dict": [],
        "line_idx": 0
      },
      {
        "name": "$20,000 to $39,999",
        "value": "$20,000 to $39,999",
        "type": "string",
        "children_dict": [],
        "line_idx": 1
      },
      {
        "name": "$40,000 to $59,999",
        "value": "$40,000 to $59,999",
        "type": "string",
        "children_dict": [],
        "line_idx": 2
      },
      {
        "name": "$60,000 to $79,999",
        "value": "$60,000 to $79,999",
        "type": "string",
        "children_dict": [],
        "line_idx": 3
      },
      {
        "name": "$80,000 to $99,999",
        "value": "$80,000 to $99,999",
        "type": "string",
        "children_dict": [],
        "line_idx": 4
      },
      {
        "name": "$100,000 to $119,999",
        "value": "$100,000 to $119,999",
        "type": "string",
        "children_dict": [],
        "line_idx": 5
      },
      {
        "name": "$120,000 and over",
        "value": "$120,000 and over",
        "type": "string",
        "children_dict": [],
        "line_idx": 6
      }
    ]
  },
  "data": [
    [
      {
        "value": 33
      },
      {
        "value": 182
      }
    ],
    [
      {
        "value": 34
      },
      {
        "value": 172
      }
    ],
    [
      {
        "value": 37
      },
      {
        "value": 165
      }
    ],
    [
      {
        "value": 41
      },
      {
        "value": 179
      }
    ],
    [
      {
        "value": 44
      },
      {
        "value": 148
      }
    ],
    [
      {
        "value": 50
      },
      {
        "value": 171
      }
    ],
    [
      {
        "value": 52
      },
      {
        "value": 130
      }
    ]
  ]
}