{
  "title": "this table displays the results of types of activities performed by volunteers aged 15 years and older. the information is grouped by types of activities (appearing as row headers), men (ref.) and women (appearing as column headers)",
  "top_root": {
    "name": "<TOP>",
    "value": "<TOP>",
    "type": "string",
    "line_idx": null,
    "children_dict": [
      {
        "name": "men",
        "value": "men",
        "type": "string",
        "children_dict": [],
        "line_idx": 0
      },
      {
        "name": "women",
        "value": "women",
        "type": "string",
        "children_dict": [],
        "line_idx": 1
      }
    ]
  },
  "left_root": {
    "name": "<LEFT>",
    "value": "<LEFT>",
    "type": "string",
    "line_idx": null,
    "children_dict": [
      {
        "name": "organizing events",
        "value": "organizing events",
        "type": "string",
        "children_dict": [],
        "line_idx": 0
      },
      {
        "name": "fundraising",
        "value": "fundraising",
        "type": "string",
        "children_dict": [],
        "line_idx": 1
      },
      {
        "name": "sitting on a committee or board",
        "value": "sitting on a committee or board",
        "type": "string",
        "children_dict": [],
        "line_idx": 2
      },
      {
        "name": "teaching or mentoring",
        "value": "teaching or mentoring",
        "type": "string",
        "children_dict": [],
        "line_idx": 3
      },
      {
        "name": "counselling or providing advice",
        "value": "counselling or providing advice",
        "type": "string",
        "children_dict": [],
        "line_idx": 4
      },
      {
        "name": "collecting, serving or delivering food or other goods",
        "value": "collecting, serving or delivering food or other goods",
        "type": "string",
        "children_dict": [],
        "line_idx": 5
      },
      {
        "name": "office work, bookkeeping",
        "value": "office work, bookkeeping",
        "type": "string",
        "children_dict": [],
        "line_idx": 6
      },
      {
        "name": "other activities",
        "value": "other activities",
        "type": "string",
        "children_dict": [],
        "line_idx": 7
      },
      {
        "name": "coaching, referring or officiating",
        "value": "coaching, referring or officiating",
        "type": "string",
        "children_dict": [],
        "line_idx": 8
      },
      {
        "name": "driving",
        "value": "driving",
        "type": "string",
        "children_dict": [],
        "line_idx": 9
      },
      {
        "name": "providing health care or support",
        "value": "providing health care or support",
        "type": "string",
        "children_dict": [],
        "line_idx": 10
      },
      {
        "name": "environmental protection",
        "value": "environmental protection",
        "type": "string",
        "children_dict": [],
        "line_idx": 11
      },
      {
        "name": "maintenance or repair",
        "value": "maintenance or repair",
        "type": "string",
        "children_dict": [],
        "line_idx": 12
      },
      {
        "name": "canvassing",
        "value": "canvassing",
        "type": "string",
        "children_dict": [],
        "line_idx": 13
      },
      {
        "name": "first-aid, fire-fighting, or search and rescue",
        "value": "first-aid, fire-fighting, or search and rescue",
        "type": "string",
        "children_dict": [],
        "line_idx": 14
      }
    ]
  },
  "data": [
    [
      {
        "value": 43
      },
      {
        "value": 48
      }
    ],
    [
      {
        "value": 40
      },
      {
        "value": 49
      }
    ],
    [
      {
        "value": 34
      },
      {
        "value": 33
      }
    ],
    [
      {
        "value": 29
      },
      {
        "value": 28
      }
    ],
    [
      {
        "value": 30
      },
      {
        "value": 22
      }
    ],
    [
      {
        "value": 22
      },
      {
        "value": 28
      }
    ],
    [
      {
        "value": 20
      },
      {
        "value": 25
      }
    ],
    [
      {
        "value": 19
      },
      {
        "value": 21
      }
    ],
    [
      {
        "value": 24
      },
      {
        "value": 11
      }
    ],
    [
      {
        "value": 19
      },
      {
        "value": 15
      }
    ],
    [
      {
        "value": 15
      },
      {
        "value": 19
      }
    ],
    [
      {
        "value": 17
      },
      {
        "value": 15
      }
    ],
    [
      {
        "value": 23
      },
      {
        "value": 10
      }
    ],
    [
      {
        "value": 10
      },
      {
        "value": 10
      }
    ],
    [
      {
        "value": 7
      },
      {
        "value": 4
      }
    ]
  ]
}