{
  "title": "this table displays the results of helping others directly by type of activity 2013 (ref.), 2010, 2007 and 2004 (appearing as column headers)",
  "top_root": {
    "name": "<TOP>",
    "value": "<TOP>",
    "type": "string",
    "line_idx": null,
    "children_dict": [
      {
        "name": "2013",
        "value": "2013",
        "type": "string",
        "children_dict": [],
        "line_idx": 0
      },
      {
        "name": "2010",
        "value": "2010",
        "type": "string",
        "children_dict": [],
        "line_idx": 1
      },
      {
        "name": "2007",
        "value": "2007",
        "type": "string",
        "children_dict": [],
        "line_idx": 2
      },
      {
        "name": "2004",
        "value": "2004",
        "type": "string",
        "children_dict": [],
        "line_idx": 3
      }
    ]
  },
  "left_root": {
    "name": "<LEFT>",
    "value": "<LEFT>",
    "type": "string",
    "line_idx": null,
    "children_dict": [
      {
        "name": "housework, home maintenance",
        "value": "housework, home maintenance",
        "type": "string",
        "children_dict": [],
        "line_idx": 0
      },
      {
        "name": "health-related or personal care",
        "value": "health-related or personal care",
        "type": "string",
        "children_dict": [],
        "line_idx": 1
      },
      {
        "name": "shopping, driving to store or appointment",
        "value": "shopping, driving to store or appointment",
        "type": "string",
        "children_dict": [],
        "line_idx": 2
      },
      {
        "name": "paperwork",
        "value": "paperwork",
        "type": "string",
        "children_dict": [],
        "line_idx": 3
      },
      {
        "name": "teaching, coaching or tutoring",
        "value": "teaching, coaching or tutoring",
        "type": "string",
        "children_dict": [],
        "line_idx": 4
      },
      {
        "name": "other",
        "value": "other",
        "type": "string",
        "children_dict": [],
        "line_idx": 5
      }
    ]
  },
  "data": [
    [
      {
        "value": 59
      },
      {
        "value": 61
      },
      {
        "value": 60
      },
      {
        "value": 60
      }
    ],
    [
      {
        "value": 49
      },
      {
        "value": 53
      },
      {
        "value": 53
      },
      {
        "value": 50
      }
    ],
    [
      {
        "value": 45
      },
      {
        "value": 47
      },
      {
        "value": 47
      },
      {
        "value": 46
      }
    ],
    [
      {
        "value": 27
      },
      {
        "value": 29
      },
      {
        "value": 29
      },
      {
        "value": 28
      }
    ],
    [
      {
        "value": 15
      },
      {
        "value": 17
      },
      {
        "value": 16
      },
      {
        "value": 16
      }
    ],
    [
      {
        "value": 22
      },
      {
        "value": 24
      },
      {
        "value": 25
      },
      {
        "value": 24
      }
    ]
  ]
}