{
  "title": "studio albums",
  "top_root": {
    "name": "<TOP>",
    "value": "<TOP>",
    "type": "string",
    "line_idx": null,
    "children_dict": [
      {
        "name": "peak chart positions",
        "value": "peak chart positions",
        "type": "string",
        "children_dict": [
          {
            "name": "uk",
            "value": "uk",
            "type": "string",
            "children_dict": [],
            "line_idx": 0
          },
          {
            "name": "ger",
            "value": "ger",
            "type": "string",
            "children_dict": [],
            "line_idx": 1
          },
          {
            "name": "nor",
            "value": "nor",
            "type": "string",
            "children_dict": [],
            "line_idx": 2
          },
          {
            "name": "us",
            "value": "us",
            "type": "string",
            "children_dict": [],
            "line_idx": 3
          }
        ],
        "line_idx": null
      }
    ]
  },
  "left_root": {
    "name": "<LEFT>",
    "value": "<LEFT>",
    "type": "string",
    "line_idx": null,
    "children_dict": [
      {
        "name": "tons of sobs",
        "value": "tons of sobs",
        "type": "string",
        "children_dict": [
          {
            "name": "released: 14 march 1969 label: island format: lp",
            "value": "released: 14 march 1969 label: island format: lp",
            "type": "string",
            "children_dict": [],
            "line_idx": 0
          }
        ],
        "line_idx": null
      },
      {
        "name": "free",
        "value": "free",
        "type": "string",
        "children_dict": [
          {
            "name": "released: october 1969 label: island format: lp",
            "value": "released: october 1969 label: island format: lp",
            "type": "string",
            "children_dict": [],
            "line_idx": 1
          }
        ],
        "line_idx": null
      },
      {
        "name": "fire and water",
        "value": "fire and water",
        "type": "string",
        "children_dict": [
          {
            "name": "released: 26 june 1970 label: island formats: lp, cs",
            "value": "released: 26 june 1970 label: island formats: lp, cs",
            "type": "string",
            "children_dict": [],
            "line_idx": 2
          }
        ],
        "line_idx": null
      },
      {
        "name": "highway",
        "value": "highway",
        "type": "string",
        "children_dict": [
          {
            "name": "released: december 1970 label: island formats: lp, cs",
            "value": "released: december 1970 label: island formats: lp, cs",
            "type": "string",
            "children_dict": [],
            "line_idx": 3
          }
        ],
        "line_idx": null
      },
      {
        "name": "free at last",
        "value": "free at last",
        "type": "string",
        "children_dict": [
          {
            "name": "released: june 1972 label: island format: lp",
            "value": "released: june 1972 label: island format: lp",
            "type": "string",
            "children_dict": [],
            "line_idx": 4
          }
        ],
        "line_idx": null
      },
      {
        "name": "heartbreaker",
        "value": "heartbreaker",
        "type": "string",
        "children_dict": [
          {
            "name": "released: january 1973 label: island format: lp",
            "value": "released: january 1973 label: island format: lp",
            "type": "string",
            "children_dict": [],
            "line_idx": 5
          }
        ],
        "line_idx": null
      },
      {
        "name": "\"-\" denotes a release that did not chart or was not issued in that region",
        "value": "\"-\" denotes a release that did not chart or was not issued in that region",
        "type": "string",
        "children_dict": [],
        "line_idx": 6
      }
    ]
  },
  "data": [
    [
      {
        "value": "-"
      },
      {
        "value": "-"
      },
      {
        "value": "-"
      },
      {
        "value": 197.0
      }
    ],
    [
      {
        "value": 65.0
      },
      {
        "value": 86.0
      },
      {
        "value": 32.0
      },
      {
        "value": 177.0
      }
    ],
    [
      {
        "value": 2.0
      },
      {
        "value": 30.0
      },
      {
        "value": 19.0
      },
      {
        "value": 17.0
      }
    ],
    [
      {
        "value": 4.0
      },
      {
        "value": 43.0
      },
      {
        "value": "-"
      },
      {
        "value": 190.0
      }
    ],
    [
      {
        "value": 9.0
      },
      {
        "value": "-"
      },
      {
        "value": "-"
      },
      {
        "value": "-"
      }
    ],
    [
      {
        "value": 7.0
      },
      {
        "value": 9.0
      },
      {
        "value": "-"
      },
      {
        "value": 47.0
      }
    ],
    [
      {
        "value": ""
      },
      {
        "value": ""
      },
      {
        "value": ""
      },
      {
        "value": ""
      }
    ]
  ]
}