{
  "title": "decedent's contact with the health care system in british columbia, by contact with police, 2011 to 2016",
  "top_root": {
    "name": "<TOP>",
    "value": "<TOP>",
    "type": "string",
    "line_idx": null,
    "children_dict": [
      {
        "name": "no police contact in 24 months prior to death",
        "value": "no police contact in 24 months prior to death",
        "type": "string",
        "children_dict": [],
        "line_idx": 0
      },
      {
        "name": "at least one contact with police in 24 months prior to death",
        "value": "at least one contact with police in 24 months prior to death",
        "type": "string",
        "children_dict": [],
        "line_idx": 1
      }
    ]
  },
  "left_root": {
    "name": "<LEFT>",
    "value": "<LEFT>",
    "type": "string",
    "line_idx": null,
    "children_dict": [
      {
        "name": "percent",
        "value": "percent",
        "type": "string",
        "children_dict": [
          {
            "name": "number of acute care hospital visits in year prior to death",
            "value": "number of acute care hospital visits in year prior to death",
            "type": "string",
            "children_dict": [
              {
                "name": "none",
                "value": "none",
                "type": "string",
                "children_dict": [],
                "line_idx": 1
              },
              {
                "name": "one",
                "value": "one",
                "type": "string",
                "children_dict": [],
                "line_idx": 2
              },
              {
                "name": "two or more",
                "value": "two or more",
                "type": "string",
                "children_dict": [],
                "line_idx": 3
              }
            ],
            "line_idx": 0
          },
          {
            "name": "percent with at least one acute care hospitalization for opioid poisoning in the year prior to death",
            "value": "percent with at least one acute care hospitalization for opioid poisoning in the year prior to death",
            "type": "string",
            "children_dict": [],
            "line_idx": 4
          }
        ],
        "line_idx": null
      }
    ]
  },
  "data": [
    [
      {
        "value": ""
      },
      {
        "value": ""
      }
    ],
    [
      {
        "value": 75.0
      },
      {
        "value": 72.0
      }
    ],
    [
      {
        "value": 15.0
      },
      {
        "value": 14.0
      }
    ],
    [
      {
        "value": 10.0
      },
      {
        "value": 14.0
      }
    ],
    [
      {
        "value": 4.0
      },
      {
        "value": 5.0
      }
    ]
  ]
}