{
  "title": "club",
  "top_root": {
    "name": "<TOP>",
    "value": "<TOP>",
    "type": "string",
    "line_idx": null,
    "children_dict": [
      {
        "name": "league",
        "value": "league",
        "type": "string",
        "children_dict": [
          {
            "name": "division",
            "value": "division",
            "type": "string",
            "children_dict": [],
            "line_idx": 0
          },
          {
            "name": "apps",
            "value": "apps",
            "type": "string",
            "children_dict": [],
            "line_idx": 1
          },
          {
            "name": "goals",
            "value": "goals",
            "type": "string",
            "children_dict": [],
            "line_idx": 2
          }
        ],
        "line_idx": null
      },
      {
        "name": "cup",
        "value": "cup",
        "type": "string",
        "children_dict": [
          {
            "name": "apps",
            "value": "apps",
            "type": "string",
            "children_dict": [],
            "line_idx": 3
          },
          {
            "name": "goals",
            "value": "goals",
            "type": "string",
            "children_dict": [],
            "line_idx": 4
          }
        ],
        "line_idx": null
      },
      {
        "name": "europe",
        "value": "europe",
        "type": "string",
        "children_dict": [
          {
            "name": "apps",
            "value": "apps",
            "type": "string",
            "children_dict": [],
            "line_idx": 5
          },
          {
            "name": "goals",
            "value": "goals",
            "type": "string",
            "children_dict": [],
            "line_idx": 6
          }
        ],
        "line_idx": null
      },
      {
        "name": "other",
        "value": "other",
        "type": "string",
        "children_dict": [
          {
            "name": "apps",
            "value": "apps",
            "type": "string",
            "children_dict": [],
            "line_idx": 7
          },
          {
            "name": "goals",
            "value": "goals",
            "type": "string",
            "children_dict": [],
            "line_idx": 8
          }
        ],
        "line_idx": null
      },
      {
        "name": "total",
        "value": "total",
        "type": "string",
        "children_dict": [
          {
            "name": "apps",
            "value": "apps",
            "type": "string",
            "children_dict": [],
            "line_idx": 9
          },
          {
            "name": "goals",
            "value": "goals",
            "type": "string",
            "children_dict": [],
            "line_idx": 10
          }
        ],
        "line_idx": null
      }
    ]
  },
  "left_root": {
    "name": "<LEFT>",
    "value": "<LEFT>",
    "type": "string",
    "line_idx": null,
    "children_dict": [
      {
        "name": "odd",
        "value": "odd",
        "type": "string",
        "children_dict": [
          {
            "name": "2011",
            "value": "2011",
            "type": "string",
            "children_dict": [],
            "line_idx": 0
          },
          {
            "name": "2012",
            "value": "2012",
            "type": "string",
            "children_dict": [],
            "line_idx": 1
          },
          {
            "name": "2013",
            "value": "2013",
            "type": "string",
            "children_dict": [],
            "line_idx": 2
          },
          {
            "name": "2014",
            "value": "2014",
            "type": "string",
            "children_dict": [],
            "line_idx": 3
          },
          {
            "name": "total",
            "value": "total",
            "type": "string",
            "children_dict": [],
            "line_idx": 4
          }
        ],
        "line_idx": null
      },
      {
        "name": "sparta prague",
        "value": "sparta prague",
        "type": "string",
        "children_dict": [
          {
            "name": "2014-15",
            "value": "2014-15",
            "type": "string",
            "children_dict": [],
            "line_idx": 5
          },
          {
            "name": "total",
            "value": "total",
            "type": "string",
            "children_dict": [],
            "line_idx": 6
          }
        ],
        "line_idx": null
      },
      {
        "name": "slovan liberec",
        "value": "slovan liberec",
        "type": "string",
        "children_dict": [
          {
            "name": "2015-16",
            "value": "2015-16",
            "type": "string",
            "children_dict": [],
            "line_idx": 7
          }
        ],
        "line_idx": null
      },
      {
        "name": "kas\u0131mpasa",
        "value": "kas\u0131mpasa",
        "type": "string",
        "children_dict": [
          {
            "name": "2016-17",
            "value": "2016-17",
            "type": "string",
            "children_dict": [],
            "line_idx": 8
          },
          {
            "name": "total",
            "value": "total",
            "type": "string",
            "children_dict": [],
            "line_idx": 9
          }
        ],
        "line_idx": null
      },
      {
        "name": "lyngby",
        "value": "lyngby",
        "type": "string",
        "children_dict": [
          {
            "name": "2017-18",
            "value": "2017-18",
            "type": "string",
            "children_dict": [],
            "line_idx": 10
          },
          {
            "name": "total",
            "value": "total",
            "type": "string",
            "children_dict": [],
            "line_idx": 11
          }
        ],
        "line_idx": null
      },
      {
        "name": "start",
        "value": "start",
        "type": "string",
        "children_dict": [
          {
            "name": "2018",
            "value": "2018",
            "type": "string",
            "children_dict": [],
            "line_idx": 12
          },
          {
            "name": "total",
            "value": "total",
            "type": "string",
            "children_dict": [],
            "line_idx": 13
          }
        ],
        "line_idx": null
      },
      {
        "name": "valerenga",
        "value": "valerenga",
        "type": "string",
        "children_dict": [
          {
            "name": "2019",
            "value": "2019",
            "type": "string",
            "children_dict": [],
            "line_idx": 14
          },
          {
            "name": "total",
            "value": "total",
            "type": "string",
            "children_dict": [],
            "line_idx": 15
          }
        ],
        "line_idx": null
      },
      {
        "name": "career total",
        "value": "career total",
        "type": "string",
        "children_dict": [],
        "line_idx": 16
      }
    ]
  },
  "data": [
    [
      {
        "value": "tippeligaen"
      },
      {
        "value": 4
      },
      {
        "value": 0
      },
      {
        "value": 0
      },
      {
        "value": 0
      },
      {
        "value": "-"
      },
      {
        "value": "-"
      },
      {
        "value": "-"
      },
      {
        "value": "-"
      },
      {
        "value": 4
      },
      {
        "value": 0
      }
    ],
    [
      {
        "value": "tippeligaen"
      },
      {
        "value": 26
      },
      {
        "value": 3
      },
      {
        "value": 3
      },
      {
        "value": 0
      },
      {
        "value": "-"
      },
      {
        "value": "-"
      },
      {
        "value": "-"
      },
      {
        "value": "-"
      },
      {
        "value": 29
      },
      {
        "value": 3
      }
    ],
    [
      {
        "value": "tippeligaen"
      },
      {
        "value": 30
      },
      {
        "value": 8
      },
      {
        "value": 3
      },
      {
        "value": 0
      },
      {
        "value": "-"
      },
      {
        "value": "-"
      },
      {
        "value": "-"
      },
      {
        "value": "-"
      },
      {
        "value": 33
      },
      {
        "value": 8
      }
    ],
    [
      {
        "value": "tippeligaen"
      },
      {
        "value": 30
      },
      {
        "value": 9
      },
      {
        "value": 6
      },
      {
        "value": 5
      },
      {
        "value": "-"
      },
      {
        "value": "-"
      },
      {
        "value": "-"
      },
      {
        "value": "-"
      },
      {
        "value": 36
      },
      {
        "value": 14
      }
    ],
    [
      {
        "value": ""
      },
      {
        "value": 90
      },
      {
        "value": 20
      },
      {
        "value": 12
      },
      {
        "value": 5
      },
      {
        "value": "-"
      },
      {
        "value": "-"
      },
      {
        "value": "-"
      },
      {
        "value": "-"
      },
      {
        "value": 102
      },
      {
        "value": 25
      }
    ],
    [
      {
        "value": "czech first league"
      },
      {
        "value": 3
      },
      {
        "value": 0
      },
      {
        "value": 1
      },
      {
        "value": 0
      },
      {
        "value": "-"
      },
      {
        "value": "-"
      },
      {
        "value": "-"
      },
      {
        "value": "-"
      },
      {
        "value": 4
      },
      {
        "value": 0
      }
    ],
    [
      {
        "value": ""
      },
      {
        "value": 3
      },
      {
        "value": 0
      },
      {
        "value": 1
      },
      {
        "value": 0
      },
      {
        "value": "-"
      },
      {
        "value": "-"
      },
      {
        "value": "-"
      },
      {
        "value": "-"
      },
      {
        "value": 4
      },
      {
        "value": 0
      }
    ],
    [
      {
        "value": "czech first league"
      },
      {
        "value": 23
      },
      {
        "value": 6
      },
      {
        "value": 4
      },
      {
        "value": 0
      },
      {
        "value": 9.0
      },
      {
        "value": 1.0
      },
      {
        "value": "-"
      },
      {
        "value": "-"
      },
      {
        "value": 36
      },
      {
        "value": 7
      }
    ],
    [
      {
        "value": "super lig"
      },
      {
        "value": 10
      },
      {
        "value": 1
      },
      {
        "value": 7
      },
      {
        "value": 2
      },
      {
        "value": "-"
      },
      {
        "value": "-"
      },
      {
        "value": "-"
      },
      {
        "value": "-"
      },
      {
        "value": 17
      },
      {
        "value": 3
      }
    ],
    [
      {
        "value": ""
      },
      {
        "value": 33
      },
      {
        "value": 7
      },
      {
        "value": 11
      },
      {
        "value": 2
      },
      {
        "value": 9.0
      },
      {
        "value": 1.0
      },
      {
        "value": "-"
      },
      {
        "value": "-"
      },
      {
        "value": 53
      },
      {
        "value": 10
      }
    ],
    [
      {
        "value": "danish superliga"
      },
      {
        "value": 15
      },
      {
        "value": 2
      },
      {
        "value": 1
      },
      {
        "value": 0
      },
      {
        "value": "-"
      },
      {
        "value": "-"
      },
      {
        "value": "-"
      },
      {
        "value": "-"
      },
      {
        "value": 16
      },
      {
        "value": 2
      }
    ],
    [
      {
        "value": ""
      },
      {
        "value": 15
      },
      {
        "value": 2
      },
      {
        "value": 1
      },
      {
        "value": 0
      },
      {
        "value": "-"
      },
      {
        "value": "-"
      },
      {
        "value": "-"
      },
      {
        "value": "-"
      },
      {
        "value": 16
      },
      {
        "value": 2
      }
    ],
    [
      {
        "value": "eliteserien"
      },
      {
        "value": 14
      },
      {
        "value": 3
      },
      {
        "value": 1
      },
      {
        "value": 1
      },
      {
        "value": "-"
      },
      {
        "value": "-"
      },
      {
        "value": "-"
      },
      {
        "value": "-"
      },
      {
        "value": 15
      },
      {
        "value": 4
      }
    ],
    [
      {
        "value": ""
      },
      {
        "value": 14
      },
      {
        "value": 3
      },
      {
        "value": 1
      },
      {
        "value": 1
      },
      {
        "value": "-"
      },
      {
        "value": "-"
      },
      {
        "value": "-"
      },
      {
        "value": "-"
      },
      {
        "value": 15
      },
      {
        "value": 4
      }
    ],
    [
      {
        "value": "eliteserien"
      },
      {
        "value": 1
      },
      {
        "value": 0
      },
      {
        "value": 0
      },
      {
        "value": 0
      },
      {
        "value": "-"
      },
      {
        "value": "-"
      },
      {
        "value": "-"
      },
      {
        "value": "-"
      },
      {
        "value": 1
      },
      {
        "value": 0
      }
    ],
    [
      {
        "value": ""
      },
      {
        "value": 1
      },
      {
        "value": 0
      },
      {
        "value": 0
      },
      {
        "value": 0
      },
      {
        "value": "-"
      },
      {
        "value": "-"
      },
      {
        "value": "-"
      },
      {
        "value": "-"
      },
      {
        "value": 1
      },
      {
        "value": 0
      }
    ],
    [
      {
        "value": ""
      },
      {
        "value": 156
      },
      {
        "value": 32
      },
      {
        "value": 26
      },
      {
        "value": 8
      },
      {
        "value": 9.0
      },
      {
        "value": 1.0
      },
      {
        "value": "-"
      },
      {
        "value": "-"
      },
      {
        "value": 191
      },
      {
        "value": 42
      }
    ]
  ]
}