{
  "title": "proportion of women and men aged 15 and older employed in the 20 occupations with the greatest concentration of men in 2017, canada",
  "top_root": {
    "name": "<TOP>",
    "value": "<TOP>",
    "type": "string",
    "line_idx": null,
    "children_dict": [
      {
        "name": "women",
        "value": "women",
        "type": "string",
        "children_dict": [],
        "line_idx": 0
      },
      {
        "name": "men",
        "value": "men",
        "type": "string",
        "children_dict": [],
        "line_idx": 1
      },
      {
        "name": "difference",
        "value": "difference",
        "type": "string",
        "children_dict": [],
        "line_idx": 2
      }
    ]
  },
  "left_root": {
    "name": "<LEFT>",
    "value": "<LEFT>",
    "type": "string",
    "line_idx": null,
    "children_dict": [
      {
        "name": "percent",
        "value": "percent",
        "type": "string",
        "children_dict": [
          {
            "name": "mine service workers and operators in oil and gas drilling",
            "value": "mine service workers and operators in oil and gas drilling",
            "type": "string",
            "children_dict": [],
            "line_idx": 0
          },
          {
            "name": "central control and process operators in processing and manufacturing",
            "value": "central control and process operators in processing and manufacturing",
            "type": "string",
            "children_dict": [],
            "line_idx": 1
          },
          {
            "name": "train crew operating occupations",
            "value": "train crew operating occupations",
            "type": "string",
            "children_dict": [],
            "line_idx": 2
          },
          {
            "name": "contractors and supervisors, industrial, electrical and construction trades and related workers",
            "value": "contractors and supervisors, industrial, electrical and construction trades and related workers",
            "type": "string",
            "children_dict": [],
            "line_idx": 3
          },
          {
            "name": "other installers, repairers and servicers",
            "value": "other installers, repairers and servicers",
            "type": "string",
            "children_dict": [],
            "line_idx": 4
          },
          {
            "name": "other transport equipment operators and related maintenance workers",
            "value": "other transport equipment operators and related maintenance workers",
            "type": "string",
            "children_dict": [],
            "line_idx": 5
          },
          {
            "name": "underground miners, oil and gas drillers and related occupations",
            "value": "underground miners, oil and gas drillers and related occupations",
            "type": "string",
            "children_dict": [],
            "line_idx": 6
          },
          {
            "name": "logging machinery operators",
            "value": "logging machinery operators",
            "type": "string",
            "children_dict": [],
            "line_idx": 7
          },
          {
            "name": "contractors and supervisors, mining, oil and gas",
            "value": "contractors and supervisors, mining, oil and gas",
            "type": "string",
            "children_dict": [],
            "line_idx": 8
          },
          {
            "name": "supervisors, logging and forestry",
            "value": "supervisors, logging and forestry",
            "type": "string",
            "children_dict": [],
            "line_idx": 9
          },
          {
            "name": "machining, metal forming, shaping and erecting trades",
            "value": "machining, metal forming, shaping and erecting trades",
            "type": "string",
            "children_dict": [],
            "line_idx": 10
          },
          {
            "name": "masonry and plastering trades",
            "value": "masonry and plastering trades",
            "type": "string",
            "children_dict": [],
            "line_idx": 11
          },
          {
            "name": "automotive service technicians",
            "value": "automotive service technicians",
            "type": "string",
            "children_dict": [],
            "line_idx": 12
          },
          {
            "name": "heavy equipment operators",
            "value": "heavy equipment operators",
            "type": "string",
            "children_dict": [],
            "line_idx": 13
          },
          {
            "name": "electrical trades and electrical power line and telecommunications workers",
            "value": "electrical trades and electrical power line and telecommunications workers",
            "type": "string",
            "children_dict": [],
            "line_idx": 14
          },
          {
            "name": "machinery and transportation equipment mechanics",
            "value": "machinery and transportation equipment mechanics",
            "type": "string",
            "children_dict": [],
            "line_idx": 15
          },
          {
            "name": "plumbers, pipefitters and gas fitters",
            "value": "plumbers, pipefitters and gas fitters",
            "type": "string",
            "children_dict": [],
            "line_idx": 16
          },
          {
            "name": "carpenters and cabinetmakers",
            "value": "carpenters and cabinetmakers",
            "type": "string",
            "children_dict": [],
            "line_idx": 17
          },
          {
            "name": "other mechanics and related repairers",
            "value": "other mechanics and related repairers",
            "type": "string",
            "children_dict": [],
            "line_idx": 18
          },
          {
            "name": "crane operators, drillers and blasters",
            "value": "crane operators, drillers and blasters",
            "type": "string",
            "children_dict": [],
            "line_idx": 19
          },
          {
            "name": "total",
            "value": "total",
            "type": "string",
            "children_dict": [],
            "line_idx": 20
          }
        ],
        "line_idx": null
      }
    ]
  },
  "data": [
    [
      {
        "value": 0.01
      },
      {
        "value": 0.08
      },
      {
        "value": 0.08
      }
    ],
    [
      {
        "value": 0.01
      },
      {
        "value": 0.14
      },
      {
        "value": 0.13
      }
    ],
    [
      {
        "value": 0.0
      },
      {
        "value": 0.06
      },
      {
        "value": 0.05
      }
    ],
    [
      {
        "value": 0.06
      },
      {
        "value": 1.08
      },
      {
        "value": 1.01
      }
    ],
    [
      {
        "value": 0.03
      },
      {
        "value": 0.49
      },
      {
        "value": 0.46
      }
    ],
    [
      {
        "value": 0.02
      },
      {
        "value": 0.29
      },
      {
        "value": 0.28
      }
    ],
    [
      {
        "value": 0.02
      },
      {
        "value": 0.35
      },
      {
        "value": 0.33
      }
    ],
    [
      {
        "value": 0.0
      },
      {
        "value": 0.08
      },
      {
        "value": 0.08
      }
    ],
    [
      {
        "value": 0.01
      },
      {
        "value": 0.19
      },
      {
        "value": 0.18
      }
    ],
    [
      {
        "value": 0.0
      },
      {
        "value": 0.03
      },
      {
        "value": 0.03
      }
    ],
    [
      {
        "value": 0.05
      },
      {
        "value": 1.31
      },
      {
        "value": 1.26
      }
    ],
    [
      {
        "value": 0.02
      },
      {
        "value": 0.57
      },
      {
        "value": 0.55
      }
    ],
    [
      {
        "value": 0.04
      },
      {
        "value": 1.06
      },
      {
        "value": 1.03
      }
    ],
    [
      {
        "value": 0.03
      },
      {
        "value": 0.9
      },
      {
        "value": 0.87
      }
    ],
    [
      {
        "value": 0.04
      },
      {
        "value": 1.31
      },
      {
        "value": 1.27
      }
    ],
    [
      {
        "value": 0.04
      },
      {
        "value": 1.49
      },
      {
        "value": 1.46
      }
    ],
    [
      {
        "value": 0.01
      },
      {
        "value": 0.62
      },
      {
        "value": 0.6
      }
    ],
    [
      {
        "value": 0.02
      },
      {
        "value": 1.11
      },
      {
        "value": 1.09
      }
    ],
    [
      {
        "value": 0.0
      },
      {
        "value": 0.21
      },
      {
        "value": 0.21
      }
    ],
    [
      {
        "value": 0.0
      },
      {
        "value": 0.14
      },
      {
        "value": 0.14
      }
    ],
    [
      {
        "value": 0.4
      },
      {
        "value": 11.52
      },
      {
        "value": ""
      }
    ]
  ]
}