{
  "title": "police-reported crime for selected offences, by census metropolitan area, 2019",
  "top_root": {
    "name": "<TOP>",
    "value": "<TOP>",
    "type": "string",
    "line_idx": null,
    "children_dict": [
      {
        "name": "homicide",
        "value": "homicide",
        "type": "string",
        "children_dict": [
          {
            "name": "number",
            "value": "number",
            "type": "string",
            "children_dict": [],
            "line_idx": 0
          },
          {
            "name": "rate",
            "value": "rate",
            "type": "string",
            "children_dict": [],
            "line_idx": 1
          }
        ],
        "line_idx": null
      },
      {
        "name": "sexual assault",
        "value": "sexual assault",
        "type": "string",
        "children_dict": [
          {
            "name": "rate",
            "value": "rate",
            "type": "string",
            "children_dict": [],
            "line_idx": 2
          },
          {
            "name": "percent change in rate 2018 to 2019",
            "value": "percent change in rate 2018 to 2019",
            "type": "string",
            "children_dict": [],
            "line_idx": 3
          }
        ],
        "line_idx": null
      },
      {
        "name": "robbery",
        "value": "robbery",
        "type": "string",
        "children_dict": [
          {
            "name": "rate",
            "value": "rate",
            "type": "string",
            "children_dict": [],
            "line_idx": 4
          },
          {
            "name": "percent change in rate 2018 to 2019",
            "value": "percent change in rate 2018 to 2019",
            "type": "string",
            "children_dict": [],
            "line_idx": 5
          }
        ],
        "line_idx": null
      },
      {
        "name": "breaking and entering",
        "value": "breaking and entering",
        "type": "string",
        "children_dict": [
          {
            "name": "rate",
            "value": "rate",
            "type": "string",
            "children_dict": [],
            "line_idx": 6
          },
          {
            "name": "percent change in rate 2018 to 2019",
            "value": "percent change in rate 2018 to 2019",
            "type": "string",
            "children_dict": [],
            "line_idx": 7
          }
        ],
        "line_idx": null
      },
      {
        "name": "motor vehicle theft",
        "value": "motor vehicle theft",
        "type": "string",
        "children_dict": [
          {
            "name": "rate",
            "value": "rate",
            "type": "string",
            "children_dict": [],
            "line_idx": 8
          },
          {
            "name": "percent change in rate 2018 to 2019",
            "value": "percent change in rate 2018 to 2019",
            "type": "string",
            "children_dict": [],
            "line_idx": 9
          }
        ],
        "line_idx": null
      },
      {
        "name": "fraud",
        "value": "fraud",
        "type": "string",
        "children_dict": [
          {
            "name": "rate",
            "value": "rate",
            "type": "string",
            "children_dict": [],
            "line_idx": 10
          },
          {
            "name": "percent change in rate 2018 to 2019",
            "value": "percent change in rate 2018 to 2019",
            "type": "string",
            "children_dict": [],
            "line_idx": 11
          }
        ],
        "line_idx": null
      },
      {
        "name": "shoplifting under $5,000",
        "value": "shoplifting under $5,000",
        "type": "string",
        "children_dict": [
          {
            "name": "rate",
            "value": "rate",
            "type": "string",
            "children_dict": [],
            "line_idx": 12
          },
          {
            "name": "percent change in rate 2018 to 2019",
            "value": "percent change in rate 2018 to 2019",
            "type": "string",
            "children_dict": [],
            "line_idx": 13
          }
        ],
        "line_idx": null
      },
      {
        "name": "uttering threats",
        "value": "uttering threats",
        "type": "string",
        "children_dict": [
          {
            "name": "rate",
            "value": "rate",
            "type": "string",
            "children_dict": [],
            "line_idx": 14
          },
          {
            "name": "percent change in rate 2018 to 2019",
            "value": "percent change in rate 2018 to 2019",
            "type": "string",
            "children_dict": [],
            "line_idx": 15
          }
        ],
        "line_idx": null
      }
    ]
  },
  "left_root": {
    "name": "<LEFT>",
    "value": "<LEFT>",
    "type": "string",
    "line_idx": null,
    "children_dict": [
      {
        "name": "st. john's",
        "value": "st. john's",
        "type": "string",
        "children_dict": [],
        "line_idx": 0
      },
      {
        "name": "halifax",
        "value": "halifax",
        "type": "string",
        "children_dict": [],
        "line_idx": 1
      },
      {
        "name": "moncton",
        "value": "moncton",
        "type": "string",
        "children_dict": [],
        "line_idx": 2
      },
      {
        "name": "saint john",
        "value": "saint john",
        "type": "string",
        "children_dict": [],
        "line_idx": 3
      },
      {
        "name": "saguenay",
        "value": "saguenay",
        "type": "string",
        "children_dict": [],
        "line_idx": 4
      },
      {
        "name": "quebec",
        "value": "quebec",
        "type": "string",
        "children_dict": [],
        "line_idx": 5
      },
      {
        "name": "sherbrooke",
        "value": "sherbrooke",
        "type": "string",
        "children_dict": [],
        "line_idx": 6
      },
      {
        "name": "trois-rivieres",
        "value": "trois-rivieres",
        "type": "string",
        "children_dict": [],
        "line_idx": 7
      },
      {
        "name": "montreal",
        "value": "montreal",
        "type": "string",
        "children_dict": [],
        "line_idx": 8
      },
      {
        "name": "gatineau",
        "value": "gatineau",
        "type": "string",
        "children_dict": [],
        "line_idx": 9
      },
      {
        "name": "ottawa",
        "value": "ottawa",
        "type": "string",
        "children_dict": [],
        "line_idx": 10
      },
      {
        "name": "kingston",
        "value": "kingston",
        "type": "string",
        "children_dict": [],
        "line_idx": 11
      },
      {
        "name": "belleville",
        "value": "belleville",
        "type": "string",
        "children_dict": [],
        "line_idx": 12
      },
      {
        "name": "peterborough",
        "value": "peterborough",
        "type": "string",
        "children_dict": [],
        "line_idx": 13
      },
      {
        "name": "toronto",
        "value": "toronto",
        "type": "string",
        "children_dict": [],
        "line_idx": 14
      },
      {
        "name": "hamilton",
        "value": "hamilton",
        "type": "string",
        "children_dict": [],
        "line_idx": 15
      },
      {
        "name": "st. catharines-niagara",
        "value": "st. catharines-niagara",
        "type": "string",
        "children_dict": [],
        "line_idx": 16
      },
      {
        "name": "kitchener-cambridge-waterloo",
        "value": "kitchener-cambridge-waterloo",
        "type": "string",
        "children_dict": [],
        "line_idx": 17
      },
      {
        "name": "brantford",
        "value": "brantford",
        "type": "string",
        "children_dict": [],
        "line_idx": 18
      },
      {
        "name": "guelph",
        "value": "guelph",
        "type": "string",
        "children_dict": [],
        "line_idx": 19
      },
      {
        "name": "london",
        "value": "london",
        "type": "string",
        "children_dict": [],
        "line_idx": 20
      },
      {
        "name": "windsor",
        "value": "windsor",
        "type": "string",
        "children_dict": [],
        "line_idx": 21
      },
      {
        "name": "barrie",
        "value": "barrie",
        "type": "string",
        "children_dict": [],
        "line_idx": 22
      },
      {
        "name": "greater sudbury",
        "value": "greater sudbury",
        "type": "string",
        "children_dict": [],
        "line_idx": 23
      },
      {
        "name": "thunder bay",
        "value": "thunder bay",
        "type": "string",
        "children_dict": [],
        "line_idx": 24
      },
      {
        "name": "winnipeg",
        "value": "winnipeg",
        "type": "string",
        "children_dict": [],
        "line_idx": 25
      },
      {
        "name": "regina",
        "value": "regina",
        "type": "string",
        "children_dict": [],
        "line_idx": 26
      },
      {
        "name": "saskatoon",
        "value": "saskatoon",
        "type": "string",
        "children_dict": [],
        "line_idx": 27
      },
      {
        "name": "lethbridge",
        "value": "lethbridge",
        "type": "string",
        "children_dict": [],
        "line_idx": 28
      },
      {
        "name": "calgary",
        "value": "calgary",
        "type": "string",
        "children_dict": [],
        "line_idx": 29
      },
      {
        "name": "edmonton",
        "value": "edmonton",
        "type": "string",
        "children_dict": [],
        "line_idx": 30
      },
      {
        "name": "kelowna",
        "value": "kelowna",
        "type": "string",
        "children_dict": [],
        "line_idx": 31
      },
      {
        "name": "abbotsford-mission",
        "value": "abbotsford-mission",
        "type": "string",
        "children_dict": [],
        "line_idx": 32
      },
      {
        "name": "vancouver",
        "value": "vancouver",
        "type": "string",
        "children_dict": [],
        "line_idx": 33
      },
      {
        "name": "victoria",
        "value": "victoria",
        "type": "string",
        "children_dict": [],
        "line_idx": 34
      },
      {
        "name": "canada",
        "value": "canada",
        "type": "string",
        "children_dict": [],
        "line_idx": 35
      }
    ]
  },
  "data": [
    [
      {
        "value": 4.0
      },
      {
        "value": 1.92
      },
      {
        "value": 79.0
      },
      {
        "value": 18.0
      },
      {
        "value": 58.0
      },
      {
        "value": -25.0
      },
      {
        "value": 431.0
      },
      {
        "value": 4.0
      },
      {
        "value": 96.0
      },
      {
        "value": -19.0
      },
      {
        "value": 448.0
      },
      {
        "value": -2.0
      },
      {
        "value": 499.0
      },
      {
        "value": 6.0
      },
      {
        "value": 380.0
      },
      {
        "value": -2.0
      }
    ],
    [
      {
        "value": 3.0
      },
      {
        "value": 0.68
      },
      {
        "value": 95.0
      },
      {
        "value": -41.0
      },
      {
        "value": 37.0
      },
      {
        "value": -33.0
      },
      {
        "value": 196.0
      },
      {
        "value": -18.0
      },
      {
        "value": 83.0
      },
      {
        "value": 10.0
      },
      {
        "value": 339.0
      },
      {
        "value": -12.0
      },
      {
        "value": 53.0
      },
      {
        "value": 554.0
      },
      {
        "value": 300.0
      },
      {
        "value": 15.0
      }
    ],
    [
      {
        "value": 4.0
      },
      {
        "value": 2.43
      },
      {
        "value": 77.0
      },
      {
        "value": 13.0
      },
      {
        "value": 38.0
      },
      {
        "value": -24.0
      },
      {
        "value": 672.0
      },
      {
        "value": -1.0
      },
      {
        "value": 283.0
      },
      {
        "value": 9.0
      },
      {
        "value": 692.0
      },
      {
        "value": -22.0
      },
      {
        "value": 427.0
      },
      {
        "value": 13.0
      },
      {
        "value": 372.0
      },
      {
        "value": 10.0
      }
    ],
    [
      {
        "value": 3.0
      },
      {
        "value": 2.3
      },
      {
        "value": 89.0
      },
      {
        "value": 1.0
      },
      {
        "value": 29.0
      },
      {
        "value": -37.0
      },
      {
        "value": 230.0
      },
      {
        "value": -9.0
      },
      {
        "value": 67.0
      },
      {
        "value": -14.0
      },
      {
        "value": 383.0
      },
      {
        "value": -14.0
      },
      {
        "value": 262.0
      },
      {
        "value": 8.0
      },
      {
        "value": 246.0
      },
      {
        "value": -8.0
      }
    ],
    [
      {
        "value": 0.0
      },
      {
        "value": 0.0
      },
      {
        "value": 82.0
      },
      {
        "value": 17.0
      },
      {
        "value": 22.0
      },
      {
        "value": 15.0
      },
      {
        "value": 300.0
      },
      {
        "value": 11.0
      },
      {
        "value": 120.0
      },
      {
        "value": 4.0
      },
      {
        "value": 226.0
      },
      {
        "value": 7.0
      },
      {
        "value": 140.0
      },
      {
        "value": 12.0
      },
      {
        "value": 271.0
      },
      {
        "value": 18.0
      }
    ],
    [
      {
        "value": 5.0
      },
      {
        "value": 0.61
      },
      {
        "value": 62.0
      },
      {
        "value": 16.0
      },
      {
        "value": 19.0
      },
      {
        "value": 4.0
      },
      {
        "value": 227.0
      },
      {
        "value": -9.0
      },
      {
        "value": 51.0
      },
      {
        "value": -23.0
      },
      {
        "value": 323.0
      },
      {
        "value": 8.0
      },
      {
        "value": 148.0
      },
      {
        "value": -10.0
      },
      {
        "value": 186.0
      },
      {
        "value": -5.0
      }
    ],
    [
      {
        "value": 1.0
      },
      {
        "value": 0.49
      },
      {
        "value": 77.0
      },
      {
        "value": 1.0
      },
      {
        "value": 18.0
      },
      {
        "value": -42.0
      },
      {
        "value": 285.0
      },
      {
        "value": 6.0
      },
      {
        "value": 58.0
      },
      {
        "value": 5.0
      },
      {
        "value": 284.0
      },
      {
        "value": -5.0
      },
      {
        "value": 212.0
      },
      {
        "value": 0.0
      },
      {
        "value": 153.0
      },
      {
        "value": -8.0
      }
    ],
    [
      {
        "value": 0.0
      },
      {
        "value": 0.0
      },
      {
        "value": 85.0
      },
      {
        "value": 6.0
      },
      {
        "value": 25.0
      },
      {
        "value": -6.0
      },
      {
        "value": 317.0
      },
      {
        "value": -14.0
      },
      {
        "value": 113.0
      },
      {
        "value": -12.0
      },
      {
        "value": 336.0
      },
      {
        "value": 36.0
      },
      {
        "value": 127.0
      },
      {
        "value": -6.0
      },
      {
        "value": 173.0
      },
      {
        "value": 5.0
      }
    ],
    [
      {
        "value": 45.0
      },
      {
        "value": 1.05
      },
      {
        "value": 62.0
      },
      {
        "value": 2.0
      },
      {
        "value": 64.0
      },
      {
        "value": 7.0
      },
      {
        "value": 274.0
      },
      {
        "value": -11.0
      },
      {
        "value": 172.0
      },
      {
        "value": 0.0
      },
      {
        "value": 362.0
      },
      {
        "value": 17.0
      },
      {
        "value": 181.0
      },
      {
        "value": 1.0
      },
      {
        "value": 154.0
      },
      {
        "value": 0.0
      }
    ],
    [
      {
        "value": 3.0
      },
      {
        "value": 0.88
      },
      {
        "value": 67.0
      },
      {
        "value": 16.0
      },
      {
        "value": 30.0
      },
      {
        "value": -4.0
      },
      {
        "value": 260.0
      },
      {
        "value": 0.0
      },
      {
        "value": 73.0
      },
      {
        "value": -10.0
      },
      {
        "value": 366.0
      },
      {
        "value": 16.0
      },
      {
        "value": 237.0
      },
      {
        "value": 22.0
      },
      {
        "value": 228.0
      },
      {
        "value": -10.0
      }
    ],
    [
      {
        "value": 13.0
      },
      {
        "value": 1.19
      },
      {
        "value": 74.0
      },
      {
        "value": -2.0
      },
      {
        "value": 69.0
      },
      {
        "value": 13.0
      },
      {
        "value": 238.0
      },
      {
        "value": -12.0
      },
      {
        "value": 107.0
      },
      {
        "value": 16.0
      },
      {
        "value": 521.0
      },
      {
        "value": 18.0
      },
      {
        "value": 656.0
      },
      {
        "value": 39.0
      },
      {
        "value": 120.0
      },
      {
        "value": 17.0
      }
    ],
    [
      {
        "value": 3.0
      },
      {
        "value": 1.73
      },
      {
        "value": 95.0
      },
      {
        "value": -24.0
      },
      {
        "value": 22.0
      },
      {
        "value": -11.0
      },
      {
        "value": 356.0
      },
      {
        "value": -17.0
      },
      {
        "value": 116.0
      },
      {
        "value": 14.0
      },
      {
        "value": 569.0
      },
      {
        "value": 25.0
      },
      {
        "value": 360.0
      },
      {
        "value": -4.0
      },
      {
        "value": 126.0
      },
      {
        "value": -2.0
      }
    ],
    [
      {
        "value": 4.0
      },
      {
        "value": 3.54
      },
      {
        "value": 129.0
      },
      {
        "value": 32.0
      },
      {
        "value": 29.0
      },
      {
        "value": -29.0
      },
      {
        "value": 301.0
      },
      {
        "value": 5.0
      },
      {
        "value": 72.0
      },
      {
        "value": -30.0
      },
      {
        "value": 519.0
      },
      {
        "value": 16.0
      },
      {
        "value": 256.0
      },
      {
        "value": 11.0
      },
      {
        "value": 252.0
      },
      {
        "value": 29.0
      }
    ],
    [
      {
        "value": 1.0
      },
      {
        "value": 0.78
      },
      {
        "value": 103.0
      },
      {
        "value": 16.0
      },
      {
        "value": 29.0
      },
      {
        "value": 47.0
      },
      {
        "value": 267.0
      },
      {
        "value": 16.0
      },
      {
        "value": 61.0
      },
      {
        "value": -15.0
      },
      {
        "value": 357.0
      },
      {
        "value": 2.0
      },
      {
        "value": 330.0
      },
      {
        "value": -18.0
      },
      {
        "value": 147.0
      },
      {
        "value": 21.0
      }
    ],
    [
      {
        "value": 130.0
      },
      {
        "value": 2.03
      },
      {
        "value": 58.0
      },
      {
        "value": -2.0
      },
      {
        "value": 82.0
      },
      {
        "value": -3.0
      },
      {
        "value": 234.0
      },
      {
        "value": 3.0
      },
      {
        "value": 166.0
      },
      {
        "value": 5.0
      },
      {
        "value": 374.0
      },
      {
        "value": 14.0
      },
      {
        "value": 323.0
      },
      {
        "value": -26.0
      },
      {
        "value": 117.0
      },
      {
        "value": 10.0
      }
    ],
    [
      {
        "value": 14.0
      },
      {
        "value": 1.83
      },
      {
        "value": 80.0
      },
      {
        "value": -5.0
      },
      {
        "value": 64.0
      },
      {
        "value": -8.0
      },
      {
        "value": 337.0
      },
      {
        "value": 0.0
      },
      {
        "value": 234.0
      },
      {
        "value": -20.0
      },
      {
        "value": 379.0
      },
      {
        "value": 6.0
      },
      {
        "value": 283.0
      },
      {
        "value": 13.0
      },
      {
        "value": 118.0
      },
      {
        "value": 13.0
      }
    ],
    [
      {
        "value": 6.0
      },
      {
        "value": 1.25
      },
      {
        "value": 75.0
      },
      {
        "value": -6.0
      },
      {
        "value": 37.0
      },
      {
        "value": -3.0
      },
      {
        "value": 418.0
      },
      {
        "value": -6.0
      },
      {
        "value": 179.0
      },
      {
        "value": 0.0
      },
      {
        "value": 472.0
      },
      {
        "value": 20.0
      },
      {
        "value": 323.0
      },
      {
        "value": 5.0
      },
      {
        "value": 104.0
      },
      {
        "value": -5.0
      }
    ],
    [
      {
        "value": 5.0
      },
      {
        "value": 0.84
      },
      {
        "value": 102.0
      },
      {
        "value": 21.0
      },
      {
        "value": 64.0
      },
      {
        "value": 23.0
      },
      {
        "value": 412.0
      },
      {
        "value": -13.0
      },
      {
        "value": 142.0
      },
      {
        "value": -19.0
      },
      {
        "value": 580.0
      },
      {
        "value": 4.0
      },
      {
        "value": 401.0
      },
      {
        "value": 20.0
      },
      {
        "value": 214.0
      },
      {
        "value": 11.0
      }
    ],
    [
      {
        "value": 4.0
      },
      {
        "value": 2.66
      },
      {
        "value": 124.0
      },
      {
        "value": 26.0
      },
      {
        "value": 58.0
      },
      {
        "value": 4.0
      },
      {
        "value": 489.0
      },
      {
        "value": -21.0
      },
      {
        "value": 379.0
      },
      {
        "value": -31.0
      },
      {
        "value": 473.0
      },
      {
        "value": -1.0
      },
      {
        "value": 375.0
      },
      {
        "value": 5.0
      },
      {
        "value": 164.0
      },
      {
        "value": -16.0
      }
    ],
    [
      {
        "value": 0.0
      },
      {
        "value": 0.0
      },
      {
        "value": 94.0
      },
      {
        "value": -1.0
      },
      {
        "value": 29.0
      },
      {
        "value": -11.0
      },
      {
        "value": 414.0
      },
      {
        "value": -29.0
      },
      {
        "value": 132.0
      },
      {
        "value": -10.0
      },
      {
        "value": 527.0
      },
      {
        "value": 27.0
      },
      {
        "value": 372.0
      },
      {
        "value": -6.0
      },
      {
        "value": 102.0
      },
      {
        "value": -25.0
      }
    ],
    [
      {
        "value": 5.0
      },
      {
        "value": 0.91
      },
      {
        "value": 76.0
      },
      {
        "value": -7.0
      },
      {
        "value": 55.0
      },
      {
        "value": 8.0
      },
      {
        "value": 448.0
      },
      {
        "value": -2.0
      },
      {
        "value": 268.0
      },
      {
        "value": -12.0
      },
      {
        "value": 496.0
      },
      {
        "value": -3.0
      },
      {
        "value": 376.0
      },
      {
        "value": -18.0
      },
      {
        "value": 103.0
      },
      {
        "value": -5.0
      }
    ],
    [
      {
        "value": 6.0
      },
      {
        "value": 1.69
      },
      {
        "value": 57.0
      },
      {
        "value": -11.0
      },
      {
        "value": 57.0
      },
      {
        "value": -4.0
      },
      {
        "value": 566.0
      },
      {
        "value": -16.0
      },
      {
        "value": 284.0
      },
      {
        "value": -4.0
      },
      {
        "value": 539.0
      },
      {
        "value": 9.0
      },
      {
        "value": 364.0
      },
      {
        "value": 2.0
      },
      {
        "value": 107.0
      },
      {
        "value": -13.0
      }
    ],
    [
      {
        "value": 3.0
      },
      {
        "value": 1.18
      },
      {
        "value": 82.0
      },
      {
        "value": 27.0
      },
      {
        "value": 44.0
      },
      {
        "value": 2.0
      },
      {
        "value": 190.0
      },
      {
        "value": -15.0
      },
      {
        "value": 98.0
      },
      {
        "value": 21.0
      },
      {
        "value": 452.0
      },
      {
        "value": 27.0
      },
      {
        "value": 311.0
      },
      {
        "value": 10.0
      },
      {
        "value": 131.0
      },
      {
        "value": 27.0
      }
    ],
    [
      {
        "value": 3.0
      },
      {
        "value": 1.78
      },
      {
        "value": 141.0
      },
      {
        "value": 13.0
      },
      {
        "value": 48.0
      },
      {
        "value": -11.0
      },
      {
        "value": 530.0
      },
      {
        "value": -17.0
      },
      {
        "value": 153.0
      },
      {
        "value": -9.0
      },
      {
        "value": 607.0
      },
      {
        "value": 37.0
      },
      {
        "value": 361.0
      },
      {
        "value": 64.0
      },
      {
        "value": 182.0
      },
      {
        "value": 17.0
      }
    ],
    [
      {
        "value": 7.0
      },
      {
        "value": 5.56
      },
      {
        "value": 102.0
      },
      {
        "value": -8.0
      },
      {
        "value": 131.0
      },
      {
        "value": -18.0
      },
      {
        "value": 579.0
      },
      {
        "value": 13.0
      },
      {
        "value": 224.0
      },
      {
        "value": 7.0
      },
      {
        "value": 449.0
      },
      {
        "value": 8.0
      },
      {
        "value": 1099.0
      },
      {
        "value": 83.0
      },
      {
        "value": 182.0
      },
      {
        "value": 5.0
      }
    ],
    [
      {
        "value": 44.0
      },
      {
        "value": 5.31
      },
      {
        "value": 102.0
      },
      {
        "value": 3.0
      },
      {
        "value": 278.0
      },
      {
        "value": -5.0
      },
      {
        "value": 826.0
      },
      {
        "value": 6.0
      },
      {
        "value": 461.0
      },
      {
        "value": 25.0
      },
      {
        "value": 510.0
      },
      {
        "value": 30.0
      },
      {
        "value": 943.0
      },
      {
        "value": 54.0
      },
      {
        "value": 160.0
      },
      {
        "value": 9.0
      }
    ],
    [
      {
        "value": 8.0
      },
      {
        "value": 3.05
      },
      {
        "value": 79.0
      },
      {
        "value": -7.0
      },
      {
        "value": 118.0
      },
      {
        "value": 9.0
      },
      {
        "value": 842.0
      },
      {
        "value": -4.0
      },
      {
        "value": 588.0
      },
      {
        "value": -12.0
      },
      {
        "value": 478.0
      },
      {
        "value": 12.0
      },
      {
        "value": 727.0
      },
      {
        "value": 40.0
      },
      {
        "value": 119.0
      },
      {
        "value": 5.0
      }
    ],
    [
      {
        "value": 16.0
      },
      {
        "value": 4.76
      },
      {
        "value": 118.0
      },
      {
        "value": 16.0
      },
      {
        "value": 121.0
      },
      {
        "value": 12.0
      },
      {
        "value": 829.0
      },
      {
        "value": -4.0
      },
      {
        "value": 310.0
      },
      {
        "value": -14.0
      },
      {
        "value": 581.0
      },
      {
        "value": -14.0
      },
      {
        "value": 439.0
      },
      {
        "value": 4.0
      },
      {
        "value": 132.0
      },
      {
        "value": 11.0
      }
    ],
    [
      {
        "value": 0.0
      },
      {
        "value": 0.0
      },
      {
        "value": 131.0
      },
      {
        "value": 19.0
      },
      {
        "value": 46.0
      },
      {
        "value": -11.0
      },
      {
        "value": 898.0
      },
      {
        "value": 18.0
      },
      {
        "value": 348.0
      },
      {
        "value": 4.0
      },
      {
        "value": 938.0
      },
      {
        "value": -16.0
      },
      {
        "value": 910.0
      },
      {
        "value": 18.0
      },
      {
        "value": 261.0
      },
      {
        "value": 4.0
      }
    ],
    [
      {
        "value": 24.0
      },
      {
        "value": 1.57
      },
      {
        "value": 71.0
      },
      {
        "value": -1.0
      },
      {
        "value": 89.0
      },
      {
        "value": 1.0
      },
      {
        "value": 738.0
      },
      {
        "value": 4.0
      },
      {
        "value": 520.0
      },
      {
        "value": -4.0
      },
      {
        "value": 453.0
      },
      {
        "value": 5.0
      },
      {
        "value": 492.0
      },
      {
        "value": 18.0
      },
      {
        "value": 99.0
      },
      {
        "value": 13.0
      }
    ],
    [
      {
        "value": 32.0
      },
      {
        "value": 2.2
      },
      {
        "value": 93.0
      },
      {
        "value": 8.0
      },
      {
        "value": 111.0
      },
      {
        "value": 2.0
      },
      {
        "value": 606.0
      },
      {
        "value": -11.0
      },
      {
        "value": 434.0
      },
      {
        "value": -7.0
      },
      {
        "value": 729.0
      },
      {
        "value": 4.0
      },
      {
        "value": 1233.0
      },
      {
        "value": 57.0
      },
      {
        "value": 162.0
      },
      {
        "value": 4.0
      }
    ],
    [
      {
        "value": 1.0
      },
      {
        "value": 0.46
      },
      {
        "value": 85.0
      },
      {
        "value": 97.0
      },
      {
        "value": 47.0
      },
      {
        "value": 82.0
      },
      {
        "value": 809.0
      },
      {
        "value": 18.0
      },
      {
        "value": 446.0
      },
      {
        "value": 16.0
      },
      {
        "value": 750.0
      },
      {
        "value": 23.0
      },
      {
        "value": 851.0
      },
      {
        "value": 50.0
      },
      {
        "value": 295.0
      },
      {
        "value": 96.0
      }
    ],
    [
      {
        "value": 1.0
      },
      {
        "value": 0.5
      },
      {
        "value": 66.0
      },
      {
        "value": 6.0
      },
      {
        "value": 57.0
      },
      {
        "value": 22.0
      },
      {
        "value": 532.0
      },
      {
        "value": -10.0
      },
      {
        "value": 383.0
      },
      {
        "value": -5.0
      },
      {
        "value": 440.0
      },
      {
        "value": -11.0
      },
      {
        "value": 597.0
      },
      {
        "value": 19.0
      },
      {
        "value": 264.0
      },
      {
        "value": 19.0
      }
    ],
    [
      {
        "value": 41.0
      },
      {
        "value": 1.52
      },
      {
        "value": 65.0
      },
      {
        "value": 22.0
      },
      {
        "value": 66.0
      },
      {
        "value": 10.0
      },
      {
        "value": 536.0
      },
      {
        "value": 2.0
      },
      {
        "value": 228.0
      },
      {
        "value": -3.0
      },
      {
        "value": 503.0
      },
      {
        "value": 3.0
      },
      {
        "value": 601.0
      },
      {
        "value": 20.0
      },
      {
        "value": 224.0
      },
      {
        "value": 51.0
      }
    ],
    [
      {
        "value": 2.0
      },
      {
        "value": 0.5
      },
      {
        "value": 82.0
      },
      {
        "value": 14.0
      },
      {
        "value": 38.0
      },
      {
        "value": 13.0
      },
      {
        "value": 396.0
      },
      {
        "value": 35.0
      },
      {
        "value": 135.0
      },
      {
        "value": 17.0
      },
      {
        "value": 462.0
      },
      {
        "value": 11.0
      },
      {
        "value": 463.0
      },
      {
        "value": -10.0
      },
      {
        "value": 265.0
      },
      {
        "value": 31.0
      }
    ],
    [
      {
        "value": 678.0
      },
      {
        "value": 1.8
      },
      {
        "value": 82.0
      },
      {
        "value": 7.0
      },
      {
        "value": 62.0
      },
      {
        "value": 2.0
      },
      {
        "value": 429.0
      },
      {
        "value": -1.0
      },
      {
        "value": 232.0
      },
      {
        "value": 0.0
      },
      {
        "value": 443.0
      },
      {
        "value": 10.0
      },
      {
        "value": 373.0
      },
      {
        "value": 11.0
      },
      {
        "value": 216.0
      },
      {
        "value": 20.0
      }
    ]
  ]
}