{
  "title": "games",
  "top_root": {
    "name": "<TOP>",
    "value": "<TOP>",
    "type": "string",
    "line_idx": null,
    "children_dict": [
      {
        "name": "platform(s)",
        "value": "platform(s)",
        "type": "string",
        "children_dict": [
          {
            "name": "android",
            "value": "android",
            "type": "string",
            "children_dict": [],
            "line_idx": 0
          },
          {
            "name": "ios",
            "value": "ios",
            "type": "string",
            "children_dict": [],
            "line_idx": 1
          },
          {
            "name": "lin",
            "value": "lin",
            "type": "string",
            "children_dict": [],
            "line_idx": 2
          },
          {
            "name": "mac",
            "value": "mac",
            "type": "string",
            "children_dict": [],
            "line_idx": 3
          },
          {
            "name": "win",
            "value": "win",
            "type": "string",
            "children_dict": [],
            "line_idx": 4
          },
          {
            "name": "ps3",
            "value": "ps3",
            "type": "string",
            "children_dict": [],
            "line_idx": 5
          },
          {
            "name": "ps4",
            "value": "ps4",
            "type": "string",
            "children_dict": [],
            "line_idx": 6
          },
          {
            "name": "x360",
            "value": "x360",
            "type": "string",
            "children_dict": [],
            "line_idx": 7
          },
          {
            "name": "xone",
            "value": "xone",
            "type": "string",
            "children_dict": [],
            "line_idx": 8
          },
          {
            "name": "switch",
            "value": "switch",
            "type": "string",
            "children_dict": [],
            "line_idx": 9
          }
        ],
        "line_idx": null
      },
      {
        "name": "developer(s)",
        "value": "developer(s)",
        "type": "string",
        "children_dict": [],
        "line_idx": 10
      }
    ]
  },
  "left_root": {
    "name": "<LEFT>",
    "value": "<LEFT>",
    "type": "string",
    "line_idx": null,
    "children_dict": [
      {
        "name": "2010",
        "value": "2010",
        "type": "string",
        "children_dict": [
          {
            "name": "i love strawberries",
            "value": "i love strawberries",
            "type": "string",
            "children_dict": [],
            "line_idx": 0
          }
        ],
        "line_idx": null
      },
      {
        "name": "2011",
        "value": "2011",
        "type": "string",
        "children_dict": [
          {
            "name": "sanctum",
            "value": "sanctum",
            "type": "string",
            "children_dict": [],
            "line_idx": 1
          }
        ],
        "line_idx": null
      },
      {
        "name": "2013",
        "value": "2013",
        "type": "string",
        "children_dict": [
          {
            "name": "super sanctum td",
            "value": "super sanctum td",
            "type": "string",
            "children_dict": [],
            "line_idx": 2
          },
          {
            "name": "sanctum 2",
            "value": "sanctum 2",
            "type": "string",
            "children_dict": [],
            "line_idx": 3
          }
        ],
        "line_idx": null
      },
      {
        "name": "2014",
        "value": "2014",
        "type": "string",
        "children_dict": [
          {
            "name": "goat simulator",
            "value": "goat simulator",
            "type": "string",
            "children_dict": [],
            "line_idx": 4
          },
          {
            "name": "a story about my uncle",
            "value": "a story about my uncle",
            "type": "string",
            "children_dict": [],
            "line_idx": 5
          }
        ],
        "line_idx": null
      },
      {
        "name": "2016",
        "value": "2016",
        "type": "string",
        "children_dict": [
          {
            "name": "the westport independent",
            "value": "the westport independent",
            "type": "string",
            "children_dict": [],
            "line_idx": 6
          }
        ],
        "line_idx": null
      },
      {
        "name": "2018",
        "value": "2018",
        "type": "string",
        "children_dict": [
          {
            "name": "puppet fever",
            "value": "puppet fever",
            "type": "string",
            "children_dict": [],
            "line_idx": 7
          }
        ],
        "line_idx": null
      },
      {
        "name": "2019",
        "value": "2019",
        "type": "string",
        "children_dict": [
          {
            "name": "deep rock galactic",
            "value": "deep rock galactic",
            "type": "string",
            "children_dict": [],
            "line_idx": 8
          },
          {
            "name": "huntdown",
            "value": "huntdown",
            "type": "string",
            "children_dict": [],
            "line_idx": 9
          },
          {
            "name": "satisfactory",
            "value": "satisfactory",
            "type": "string",
            "children_dict": [],
            "line_idx": 10
          }
        ],
        "line_idx": null
      }
    ]
  },
  "data": [
    [
      {
        "value": "no"
      },
      {
        "value": "yes"
      },
      {
        "value": "no"
      },
      {
        "value": "no"
      },
      {
        "value": "no"
      },
      {
        "value": "no"
      },
      {
        "value": "no"
      },
      {
        "value": "no"
      },
      {
        "value": "no"
      },
      {
        "value": "no"
      },
      {
        "value": "coffee stain studios"
      }
    ],
    [
      {
        "value": "no"
      },
      {
        "value": "no"
      },
      {
        "value": "no"
      },
      {
        "value": "yes"
      },
      {
        "value": "yes"
      },
      {
        "value": "no"
      },
      {
        "value": "no"
      },
      {
        "value": "no"
      },
      {
        "value": "no"
      },
      {
        "value": "no"
      },
      {
        "value": "coffee stain studios"
      }
    ],
    [
      {
        "value": "no"
      },
      {
        "value": "yes"
      },
      {
        "value": "no"
      },
      {
        "value": "yes"
      },
      {
        "value": "yes"
      },
      {
        "value": "no"
      },
      {
        "value": "no"
      },
      {
        "value": "no"
      },
      {
        "value": "no"
      },
      {
        "value": "no"
      },
      {
        "value": "coffee stain studios"
      }
    ],
    [
      {
        "value": "no"
      },
      {
        "value": "no"
      },
      {
        "value": "yes"
      },
      {
        "value": "yes"
      },
      {
        "value": "yes"
      },
      {
        "value": "yes"
      },
      {
        "value": "no"
      },
      {
        "value": "yes"
      },
      {
        "value": "no"
      },
      {
        "value": "no"
      },
      {
        "value": "coffee stain studios"
      }
    ],
    [
      {
        "value": "yes"
      },
      {
        "value": "yes"
      },
      {
        "value": "yes"
      },
      {
        "value": "yes"
      },
      {
        "value": "yes"
      },
      {
        "value": "yes"
      },
      {
        "value": "yes"
      },
      {
        "value": "yes"
      },
      {
        "value": "yes"
      },
      {
        "value": "yes"
      },
      {
        "value": "coffee stain studios"
      }
    ],
    [
      {
        "value": "no"
      },
      {
        "value": "no"
      },
      {
        "value": "yes"
      },
      {
        "value": "yes"
      },
      {
        "value": "yes"
      },
      {
        "value": "no"
      },
      {
        "value": "no"
      },
      {
        "value": "no"
      },
      {
        "value": "no"
      },
      {
        "value": "no"
      },
      {
        "value": "gone north games"
      }
    ],
    [
      {
        "value": "yes"
      },
      {
        "value": "yes"
      },
      {
        "value": "yes"
      },
      {
        "value": "yes"
      },
      {
        "value": "yes"
      },
      {
        "value": "no"
      },
      {
        "value": "no"
      },
      {
        "value": "no"
      },
      {
        "value": "no"
      },
      {
        "value": "no"
      },
      {
        "value": "double zero one zero"
      }
    ],
    [
      {
        "value": "no"
      },
      {
        "value": "no"
      },
      {
        "value": "no"
      },
      {
        "value": "no"
      },
      {
        "value": "yes"
      },
      {
        "value": "no"
      },
      {
        "value": "no"
      },
      {
        "value": "no"
      },
      {
        "value": "no"
      },
      {
        "value": "no"
      },
      {
        "value": "coastalbyte games"
      }
    ],
    [
      {
        "value": "no"
      },
      {
        "value": "no"
      },
      {
        "value": "no"
      },
      {
        "value": "no"
      },
      {
        "value": "yes"
      },
      {
        "value": "no"
      },
      {
        "value": "no"
      },
      {
        "value": "no"
      },
      {
        "value": "yes"
      },
      {
        "value": "no"
      },
      {
        "value": "ghost ship games"
      }
    ],
    [
      {
        "value": "no"
      },
      {
        "value": "no"
      },
      {
        "value": "yes"
      },
      {
        "value": "yes"
      },
      {
        "value": "yes"
      },
      {
        "value": "no"
      },
      {
        "value": "yes"
      },
      {
        "value": "no"
      },
      {
        "value": "yes"
      },
      {
        "value": "yes"
      },
      {
        "value": "easy trigger games"
      }
    ],
    [
      {
        "value": "no"
      },
      {
        "value": "no"
      },
      {
        "value": "no"
      },
      {
        "value": "no"
      },
      {
        "value": "yes"
      },
      {
        "value": "no"
      },
      {
        "value": "no"
      },
      {
        "value": "no"
      },
      {
        "value": "no"
      },
      {
        "value": "no"
      },
      {
        "value": "coffee stain studios"
      }
    ]
  ]
}