{
  "title": "rate of police-reported violent crime, by selected victim age group and sex, and north/south region, canada, 2009 to 2017",
  "top_root": {
    "name": "<TOP>",
    "value": "<TOP>",
    "type": "string",
    "line_idx": null,
    "children_dict": [
      {
        "name": "young women and girls",
        "value": "young women and girls",
        "type": "string",
        "children_dict": [
          {
            "name": "north",
            "value": "north",
            "type": "string",
            "children_dict": [
              {
                "name": "rate per 100,000",
                "value": "rate per 100,000",
                "type": "string",
                "children_dict": [],
                "line_idx": 0
              }
            ],
            "line_idx": null
          },
          {
            "name": "south",
            "value": "south",
            "type": "string",
            "children_dict": [
              {
                "name": "rate per 100,000",
                "value": "rate per 100,000",
                "type": "string",
                "children_dict": [],
                "line_idx": 1
              }
            ],
            "line_idx": null
          },
          {
            "name": "gap in rate",
            "value": "gap in rate",
            "type": "string",
            "children_dict": [],
            "line_idx": 2
          }
        ],
        "line_idx": null
      },
      {
        "name": "adult women",
        "value": "adult women",
        "type": "string",
        "children_dict": [
          {
            "name": "north",
            "value": "north",
            "type": "string",
            "children_dict": [
              {
                "name": "rate per 100,000",
                "value": "rate per 100,000",
                "type": "string",
                "children_dict": [],
                "line_idx": 3
              }
            ],
            "line_idx": null
          },
          {
            "name": "south",
            "value": "south",
            "type": "string",
            "children_dict": [
              {
                "name": "rate per 100,000",
                "value": "rate per 100,000",
                "type": "string",
                "children_dict": [],
                "line_idx": 4
              }
            ],
            "line_idx": null
          },
          {
            "name": "gap in rate",
            "value": "gap in rate",
            "type": "string",
            "children_dict": [],
            "line_idx": 5
          }
        ],
        "line_idx": null
      },
      {
        "name": "male and female victims overall",
        "value": "male and female victims overall",
        "type": "string",
        "children_dict": [
          {
            "name": "north",
            "value": "north",
            "type": "string",
            "children_dict": [
              {
                "name": "rate per 100,000",
                "value": "rate per 100,000",
                "type": "string",
                "children_dict": [],
                "line_idx": 6
              }
            ],
            "line_idx": null
          },
          {
            "name": "south",
            "value": "south",
            "type": "string",
            "children_dict": [
              {
                "name": "rate per 100,000",
                "value": "rate per 100,000",
                "type": "string",
                "children_dict": [],
                "line_idx": 7
              }
            ],
            "line_idx": null
          },
          {
            "name": "gap in rate",
            "value": "gap in rate",
            "type": "string",
            "children_dict": [],
            "line_idx": 8
          }
        ],
        "line_idx": null
      }
    ]
  },
  "left_root": {
    "name": "<LEFT>",
    "value": "<LEFT>",
    "type": "string",
    "line_idx": null,
    "children_dict": [
      {
        "name": "2009",
        "value": "2009",
        "type": "string",
        "children_dict": [],
        "line_idx": 0
      },
      {
        "name": "2010",
        "value": "2010",
        "type": "string",
        "children_dict": [],
        "line_idx": 1
      },
      {
        "name": "2011",
        "value": "2011",
        "type": "string",
        "children_dict": [],
        "line_idx": 2
      },
      {
        "name": "2012",
        "value": "2012",
        "type": "string",
        "children_dict": [],
        "line_idx": 3
      },
      {
        "name": "2013",
        "value": "2013",
        "type": "string",
        "children_dict": [],
        "line_idx": 4
      },
      {
        "name": "2014",
        "value": "2014",
        "type": "string",
        "children_dict": [],
        "line_idx": 5
      },
      {
        "name": "2015",
        "value": "2015",
        "type": "string",
        "children_dict": [],
        "line_idx": 6
      },
      {
        "name": "2016",
        "value": "2016",
        "type": "string",
        "children_dict": [],
        "line_idx": 7
      },
      {
        "name": "2017",
        "value": "2017",
        "type": "string",
        "children_dict": [],
        "line_idx": 8
      },
      {
        "name": "average rate",
        "value": "average rate",
        "type": "string",
        "children_dict": [],
        "line_idx": 9
      },
      {
        "name": "percent change in rate",
        "value": "percent change in rate",
        "type": "string",
        "children_dict": [],
        "line_idx": 10
      }
    ]
  },
  "data": [
    [
      {
        "value": 3998
      },
      {
        "value": 1514
      },
      {
        "value": 2.6
      },
      {
        "value": 2465.0
      },
      {
        "value": 915
      },
      {
        "value": 2.7
      },
      {
        "value": 2620
      },
      {
        "value": 1099
      },
      {
        "value": 2.4
      }
    ],
    [
      {
        "value": 4170
      },
      {
        "value": 1515
      },
      {
        "value": 2.8
      },
      {
        "value": 2564.0
      },
      {
        "value": 910
      },
      {
        "value": 2.8
      },
      {
        "value": 2680
      },
      {
        "value": 1077
      },
      {
        "value": 2.5
      }
    ],
    [
      {
        "value": 3957
      },
      {
        "value": 1415
      },
      {
        "value": 2.8
      },
      {
        "value": 2357.0
      },
      {
        "value": 846
      },
      {
        "value": 2.8
      },
      {
        "value": 2528
      },
      {
        "value": 1003
      },
      {
        "value": 2.5
      }
    ],
    [
      {
        "value": 3797
      },
      {
        "value": 1346
      },
      {
        "value": 2.8
      },
      {
        "value": 2348.0
      },
      {
        "value": 815
      },
      {
        "value": 2.9
      },
      {
        "value": 2521
      },
      {
        "value": 959
      },
      {
        "value": 2.6
      }
    ],
    [
      {
        "value": 3520
      },
      {
        "value": 1224
      },
      {
        "value": 2.9
      },
      {
        "value": 2250.0
      },
      {
        "value": 767
      },
      {
        "value": 2.9
      },
      {
        "value": 2328
      },
      {
        "value": 879
      },
      {
        "value": 2.6
      }
    ],
    [
      {
        "value": 3380
      },
      {
        "value": 1131
      },
      {
        "value": 3.0
      },
      {
        "value": 2230.0
      },
      {
        "value": 736
      },
      {
        "value": 3.0
      },
      {
        "value": 2260
      },
      {
        "value": 832
      },
      {
        "value": 2.7
      }
    ],
    [
      {
        "value": 3377
      },
      {
        "value": 1147
      },
      {
        "value": 2.9
      },
      {
        "value": 2280.0
      },
      {
        "value": 755
      },
      {
        "value": 3.0
      },
      {
        "value": 2304
      },
      {
        "value": 847
      },
      {
        "value": 2.7
      }
    ],
    [
      {
        "value": 3458
      },
      {
        "value": 1167
      },
      {
        "value": 3.0
      },
      {
        "value": 2388.0
      },
      {
        "value": 754
      },
      {
        "value": 3.2
      },
      {
        "value": 2351
      },
      {
        "value": 847
      },
      {
        "value": 2.8
      }
    ],
    [
      {
        "value": 3561
      },
      {
        "value": 1232
      },
      {
        "value": 2.9
      },
      {
        "value": 2462.0
      },
      {
        "value": 777
      },
      {
        "value": 3.2
      },
      {
        "value": 2404
      },
      {
        "value": 870
      },
      {
        "value": 2.8
      }
    ],
    [
      {
        "value": 3691
      },
      {
        "value": 1299
      },
      {
        "value": 2.8
      },
      {
        "value": 2372.0
      },
      {
        "value": 808
      },
      {
        "value": 2.9
      },
      {
        "value": 2444
      },
      {
        "value": 935
      },
      {
        "value": 2.6
      }
    ],
    [
      {
        "value": -11
      },
      {
        "value": -19
      },
      {
        "value": ""
      },
      {
        "value": -0.1
      },
      {
        "value": -15
      },
      {
        "value": ""
      },
      {
        "value": -8
      },
      {
        "value": -21
      },
      {
        "value": ""
      }
    ]
  ]
}