{
  "title": "career statistics",
  "top_root": {
    "name": "<TOP>",
    "value": "<TOP>",
    "type": "string",
    "line_idx": null,
    "children_dict": [
      {
        "name": "league",
        "value": "league",
        "type": "string",
        "children_dict": [
          {
            "name": "division",
            "value": "division",
            "type": "string",
            "children_dict": [],
            "line_idx": 0
          },
          {
            "name": "apps",
            "value": "apps",
            "type": "string",
            "children_dict": [],
            "line_idx": 1
          },
          {
            "name": "goals",
            "value": "goals",
            "type": "string",
            "children_dict": [],
            "line_idx": 2
          }
        ],
        "line_idx": null
      },
      {
        "name": "cup",
        "value": "cup",
        "type": "string",
        "children_dict": [
          {
            "name": "apps",
            "value": "apps",
            "type": "string",
            "children_dict": [],
            "line_idx": 3
          },
          {
            "name": "goals",
            "value": "goals",
            "type": "string",
            "children_dict": [],
            "line_idx": 4
          }
        ],
        "line_idx": null
      },
      {
        "name": "europe",
        "value": "europe",
        "type": "string",
        "children_dict": [
          {
            "name": "apps",
            "value": "apps",
            "type": "string",
            "children_dict": [],
            "line_idx": 5
          },
          {
            "name": "goals",
            "value": "goals",
            "type": "string",
            "children_dict": [],
            "line_idx": 6
          }
        ],
        "line_idx": null
      }
    ]
  },
  "left_root": {
    "name": "<LEFT>",
    "value": "<LEFT>",
    "type": "string",
    "line_idx": null,
    "children_dict": [
      {
        "name": "ca bizertin",
        "value": "ca bizertin",
        "type": "string",
        "children_dict": [
          {
            "name": "2006-07",
            "value": "2006-07",
            "type": "string",
            "children_dict": [],
            "line_idx": 0
          },
          {
            "name": "2007-08",
            "value": "2007-08",
            "type": "string",
            "children_dict": [],
            "line_idx": 1
          },
          {
            "name": "total",
            "value": "total",
            "type": "string",
            "children_dict": [],
            "line_idx": 2
          }
        ],
        "line_idx": null
      },
      {
        "name": "esperance",
        "value": "esperance",
        "type": "string",
        "children_dict": [
          {
            "name": "2007-08",
            "value": "2007-08",
            "type": "string",
            "children_dict": [],
            "line_idx": 3
          },
          {
            "name": "2008-09",
            "value": "2008-09",
            "type": "string",
            "children_dict": [],
            "line_idx": 4
          },
          {
            "name": "2009-10",
            "value": "2009-10",
            "type": "string",
            "children_dict": [],
            "line_idx": 5
          },
          {
            "name": "total",
            "value": "total",
            "type": "string",
            "children_dict": [],
            "line_idx": 6
          }
        ],
        "line_idx": null
      },
      {
        "name": "young boys",
        "value": "young boys",
        "type": "string",
        "children_dict": [
          {
            "name": "2009-10",
            "value": "2009-10",
            "type": "string",
            "children_dict": [],
            "line_idx": 7
          },
          {
            "name": "2010-11",
            "value": "2010-11",
            "type": "string",
            "children_dict": [],
            "line_idx": 8
          },
          {
            "name": "2011-12",
            "value": "2011-12",
            "type": "string",
            "children_dict": [],
            "line_idx": 9
          },
          {
            "name": "total",
            "value": "total",
            "type": "string",
            "children_dict": [],
            "line_idx": 10
          }
        ],
        "line_idx": null
      },
      {
        "name": "fenerbahce",
        "value": "fenerbahce",
        "type": "string",
        "children_dict": [
          {
            "name": "2011-12",
            "value": "2011-12",
            "type": "string",
            "children_dict": [],
            "line_idx": 11
          },
          {
            "name": "2012-13",
            "value": "2012-13",
            "type": "string",
            "children_dict": [],
            "line_idx": 12
          },
          {
            "name": "total",
            "value": "total",
            "type": "string",
            "children_dict": [],
            "line_idx": 13
          }
        ],
        "line_idx": null
      },
      {
        "name": "real zaragoza",
        "value": "real zaragoza",
        "type": "string",
        "children_dict": [
          {
            "name": "2012-13",
            "value": "2012-13",
            "type": "string",
            "children_dict": [],
            "line_idx": 14
          },
          {
            "name": "total",
            "value": "total",
            "type": "string",
            "children_dict": [],
            "line_idx": 15
          }
        ],
        "line_idx": null
      },
      {
        "name": "eskisehirspor",
        "value": "eskisehirspor",
        "type": "string",
        "children_dict": [
          {
            "name": "2013-14",
            "value": "2013-14",
            "type": "string",
            "children_dict": [],
            "line_idx": 16
          },
          {
            "name": "total",
            "value": "total",
            "type": "string",
            "children_dict": [],
            "line_idx": 17
          }
        ],
        "line_idx": null
      },
      {
        "name": "troyes",
        "value": "troyes",
        "type": "string",
        "children_dict": [
          {
            "name": "2014-15",
            "value": "2014-15",
            "type": "string",
            "children_dict": [],
            "line_idx": 18
          },
          {
            "name": "2015-16",
            "value": "2015-16",
            "type": "string",
            "children_dict": [],
            "line_idx": 19
          },
          {
            "name": "total",
            "value": "total",
            "type": "string",
            "children_dict": [],
            "line_idx": 20
          }
        ],
        "line_idx": null
      },
      {
        "name": "career total",
        "value": "career total",
        "type": "string",
        "children_dict": [],
        "line_idx": 21
      }
    ]
  },
  "data": [
    [
      {
        "value": "tunisian ligue 1"
      },
      {
        "value": "?"
      },
      {
        "value": "?"
      },
      {
        "value": "?"
      },
      {
        "value": "?"
      },
      {
        "value": "?"
      },
      {
        "value": "?"
      }
    ],
    [
      {
        "value": "tunisian ligue 1"
      },
      {
        "value": "?"
      },
      {
        "value": "?"
      },
      {
        "value": "?"
      },
      {
        "value": "?"
      },
      {
        "value": "?"
      },
      {
        "value": "?"
      }
    ],
    [
      {
        "value": ""
      },
      {
        "value": "?"
      },
      {
        "value": "?"
      },
      {
        "value": "?"
      },
      {
        "value": "?"
      },
      {
        "value": "?"
      },
      {
        "value": "?"
      }
    ],
    [
      {
        "value": "tunisian ligue 1"
      },
      {
        "value": 8.0
      },
      {
        "value": 1.0
      },
      {
        "value": "?"
      },
      {
        "value": "?"
      },
      {
        "value": "?"
      },
      {
        "value": "?"
      }
    ],
    [
      {
        "value": "tunisian ligue 1"
      },
      {
        "value": 21.0
      },
      {
        "value": 6.0
      },
      {
        "value": "?"
      },
      {
        "value": "?"
      },
      {
        "value": "?"
      },
      {
        "value": "?"
      }
    ],
    [
      {
        "value": "tunisian ligue 1"
      },
      {
        "value": 11.0
      },
      {
        "value": 6.0
      },
      {
        "value": "?"
      },
      {
        "value": "?"
      },
      {
        "value": "?"
      },
      {
        "value": "?"
      }
    ],
    [
      {
        "value": ""
      },
      {
        "value": 40.0
      },
      {
        "value": 13.0
      },
      {
        "value": "?"
      },
      {
        "value": "?"
      },
      {
        "value": "?"
      },
      {
        "value": "?"
      }
    ],
    [
      {
        "value": "swiss super league"
      },
      {
        "value": 15.0
      },
      {
        "value": 5.0
      },
      {
        "value": "-"
      },
      {
        "value": "-"
      },
      {
        "value": 15.0
      },
      {
        "value": 5.0
      }
    ],
    [
      {
        "value": "swiss super league"
      },
      {
        "value": 34.0
      },
      {
        "value": 16.0
      },
      {
        "value": 2.0
      },
      {
        "value": 3.0
      },
      {
        "value": 10.0
      },
      {
        "value": 3.0
      }
    ],
    [
      {
        "value": "swiss super league"
      },
      {
        "value": 6.0
      },
      {
        "value": 0.0
      },
      {
        "value": "-"
      },
      {
        "value": "-"
      },
      {
        "value": 4.0
      },
      {
        "value": 1.0
      }
    ],
    [
      {
        "value": ""
      },
      {
        "value": 55.0
      },
      {
        "value": 21.0
      },
      {
        "value": 2.0
      },
      {
        "value": 3.0
      },
      {
        "value": 14.0
      },
      {
        "value": 4.0
      }
    ],
    [
      {
        "value": "super lig"
      },
      {
        "value": 36.0
      },
      {
        "value": 8.0
      },
      {
        "value": 3.0
      },
      {
        "value": 4.0
      },
      {
        "value": "-"
      },
      {
        "value": "-"
      }
    ],
    [
      {
        "value": "super lig"
      },
      {
        "value": 2.0
      },
      {
        "value": 0.0
      },
      {
        "value": "-"
      },
      {
        "value": "-"
      },
      {
        "value": 3.0
      },
      {
        "value": 0.0
      }
    ],
    [
      {
        "value": ""
      },
      {
        "value": 38.0
      },
      {
        "value": 8.0
      },
      {
        "value": 3.0
      },
      {
        "value": 4.0
      },
      {
        "value": 3.0
      },
      {
        "value": 0.0
      }
    ],
    [
      {
        "value": "la liga"
      },
      {
        "value": 5.0
      },
      {
        "value": 0.0
      },
      {
        "value": "-"
      },
      {
        "value": "-"
      },
      {
        "value": 5.0
      },
      {
        "value": 0.0
      }
    ],
    [
      {
        "value": ""
      },
      {
        "value": 5.0
      },
      {
        "value": 0.0
      },
      {
        "value": "-"
      },
      {
        "value": "-"
      },
      {
        "value": 5.0
      },
      {
        "value": 0.0
      }
    ],
    [
      {
        "value": "super lig"
      },
      {
        "value": 27.0
      },
      {
        "value": 5.0
      },
      {
        "value": 9.0
      },
      {
        "value": 5.0
      },
      {
        "value": "-"
      },
      {
        "value": "-"
      }
    ],
    [
      {
        "value": ""
      },
      {
        "value": 27.0
      },
      {
        "value": 5.0
      },
      {
        "value": 9.0
      },
      {
        "value": 5.0
      },
      {
        "value": "-"
      },
      {
        "value": "-"
      }
    ],
    [
      {
        "value": "ligue 2"
      },
      {
        "value": 26.0
      },
      {
        "value": 5.0
      },
      {
        "value": 1.0
      },
      {
        "value": 0.0
      },
      {
        "value": "-"
      },
      {
        "value": "-"
      }
    ],
    [
      {
        "value": "ligue 1"
      },
      {
        "value": 7.0
      },
      {
        "value": 0.0
      },
      {
        "value": 1.0
      },
      {
        "value": 0.0
      },
      {
        "value": "-"
      },
      {
        "value": "-"
      }
    ],
    [
      {
        "value": ""
      },
      {
        "value": 33.0
      },
      {
        "value": 5.0
      },
      {
        "value": 2.0
      },
      {
        "value": 0.0
      },
      {
        "value": 0.0
      },
      {
        "value": 0.0
      }
    ],
    [
      {
        "value": ""
      },
      {
        "value": "198"
      },
      {
        "value": "52"
      },
      {
        "value": "16"
      },
      {
        "value": "12"
      },
      {
        "value": "17"
      },
      {
        "value": "4"
      }
    ]
  ]
}