{
  "title": "club",
  "top_root": {
    "name": "<TOP>",
    "value": "<TOP>",
    "type": "string",
    "line_idx": null,
    "children_dict": [
      {
        "name": "league",
        "value": "league",
        "type": "string",
        "children_dict": [
          {
            "name": "league",
            "value": "league",
            "type": "string",
            "children_dict": [],
            "line_idx": 0
          },
          {
            "name": "apps",
            "value": "apps",
            "type": "string",
            "children_dict": [],
            "line_idx": 1
          },
          {
            "name": "goals",
            "value": "goals",
            "type": "string",
            "children_dict": [],
            "line_idx": 2
          }
        ],
        "line_idx": null
      },
      {
        "name": "national cup",
        "value": "national cup",
        "type": "string",
        "children_dict": [
          {
            "name": "apps",
            "value": "apps",
            "type": "string",
            "children_dict": [],
            "line_idx": 3
          },
          {
            "name": "goals",
            "value": "goals",
            "type": "string",
            "children_dict": [],
            "line_idx": 4
          }
        ],
        "line_idx": null
      },
      {
        "name": "continental",
        "value": "continental",
        "type": "string",
        "children_dict": [
          {
            "name": "apps",
            "value": "apps",
            "type": "string",
            "children_dict": [],
            "line_idx": 5
          },
          {
            "name": "goals",
            "value": "goals",
            "type": "string",
            "children_dict": [],
            "line_idx": 6
          }
        ],
        "line_idx": null
      },
      {
        "name": "other",
        "value": "other",
        "type": "string",
        "children_dict": [
          {
            "name": "apps",
            "value": "apps",
            "type": "string",
            "children_dict": [],
            "line_idx": 7
          },
          {
            "name": "goals",
            "value": "goals",
            "type": "string",
            "children_dict": [],
            "line_idx": 8
          }
        ],
        "line_idx": null
      }
    ]
  },
  "left_root": {
    "name": "<LEFT>",
    "value": "<LEFT>",
    "type": "string",
    "line_idx": null,
    "children_dict": [
      {
        "name": "independiente",
        "value": "independiente",
        "type": "string",
        "children_dict": [
          {
            "name": "1998-99",
            "value": "1998-99",
            "type": "string",
            "children_dict": [],
            "line_idx": 0
          },
          {
            "name": "1999-2000",
            "value": "1999-2000",
            "type": "string",
            "children_dict": [],
            "line_idx": 1
          },
          {
            "name": "2000-01",
            "value": "2000-01",
            "type": "string",
            "children_dict": [],
            "line_idx": 2
          },
          {
            "name": "2001-02",
            "value": "2001-02",
            "type": "string",
            "children_dict": [],
            "line_idx": 3
          },
          {
            "name": "total",
            "value": "total",
            "type": "string",
            "children_dict": [],
            "line_idx": 4
          }
        ],
        "line_idx": null
      },
      {
        "name": "manchester united",
        "value": "manchester united",
        "type": "string",
        "children_dict": [
          {
            "name": "2001-02",
            "value": "2001-02",
            "type": "string",
            "children_dict": [],
            "line_idx": 5
          },
          {
            "name": "2002-03",
            "value": "2002-03",
            "type": "string",
            "children_dict": [],
            "line_idx": 6
          },
          {
            "name": "2003-04",
            "value": "2003-04",
            "type": "string",
            "children_dict": [],
            "line_idx": 7
          },
          {
            "name": "2004-05",
            "value": "2004-05",
            "type": "string",
            "children_dict": [],
            "line_idx": 8
          },
          {
            "name": "total",
            "value": "total",
            "type": "string",
            "children_dict": [],
            "line_idx": 9
          }
        ],
        "line_idx": null
      },
      {
        "name": "villarreal",
        "value": "villarreal",
        "type": "string",
        "children_dict": [
          {
            "name": "2004-05",
            "value": "2004-05",
            "type": "string",
            "children_dict": [],
            "line_idx": 10
          },
          {
            "name": "2005-06",
            "value": "2005-06",
            "type": "string",
            "children_dict": [],
            "line_idx": 11
          },
          {
            "name": "2006-07",
            "value": "2006-07",
            "type": "string",
            "children_dict": [],
            "line_idx": 12
          },
          {
            "name": "total",
            "value": "total",
            "type": "string",
            "children_dict": [],
            "line_idx": 13
          }
        ],
        "line_idx": null
      },
      {
        "name": "atletico madrid",
        "value": "atletico madrid",
        "type": "string",
        "children_dict": [
          {
            "name": "2007-08",
            "value": "2007-08",
            "type": "string",
            "children_dict": [],
            "line_idx": 14
          },
          {
            "name": "2008-09",
            "value": "2008-09",
            "type": "string",
            "children_dict": [],
            "line_idx": 15
          },
          {
            "name": "2009-10",
            "value": "2009-10",
            "type": "string",
            "children_dict": [],
            "line_idx": 16
          },
          {
            "name": "2010-11",
            "value": "2010-11",
            "type": "string",
            "children_dict": [],
            "line_idx": 17
          },
          {
            "name": "total",
            "value": "total",
            "type": "string",
            "children_dict": [],
            "line_idx": 18
          }
        ],
        "line_idx": null
      },
      {
        "name": "inter milan",
        "value": "inter milan",
        "type": "string",
        "children_dict": [
          {
            "name": "2011-12",
            "value": "2011-12",
            "type": "string",
            "children_dict": [],
            "line_idx": 19
          }
        ],
        "line_idx": null
      },
      {
        "name": "internacional",
        "value": "internacional",
        "type": "string",
        "children_dict": [
          {
            "name": "2012",
            "value": "2012",
            "type": "string",
            "children_dict": [],
            "line_idx": 20
          },
          {
            "name": "2013",
            "value": "2013",
            "type": "string",
            "children_dict": [],
            "line_idx": 21
          },
          {
            "name": "total",
            "value": "total",
            "type": "string",
            "children_dict": [],
            "line_idx": 22
          }
        ],
        "line_idx": null
      },
      {
        "name": "cerezo osaka",
        "value": "cerezo osaka",
        "type": "string",
        "children_dict": [
          {
            "name": "2014",
            "value": "2014",
            "type": "string",
            "children_dict": [],
            "line_idx": 23
          },
          {
            "name": "2015",
            "value": "2015",
            "type": "string",
            "children_dict": [],
            "line_idx": 24
          },
          {
            "name": "total",
            "value": "total",
            "type": "string",
            "children_dict": [],
            "line_idx": 25
          }
        ],
        "line_idx": null
      },
      {
        "name": "penarol",
        "value": "penarol",
        "type": "string",
        "children_dict": [
          {
            "name": "2015-16",
            "value": "2015-16",
            "type": "string",
            "children_dict": [],
            "line_idx": 26
          }
        ],
        "line_idx": null
      },
      {
        "name": "mumbai city",
        "value": "mumbai city",
        "type": "string",
        "children_dict": [
          {
            "name": "2016",
            "value": "2016",
            "type": "string",
            "children_dict": [],
            "line_idx": 27
          }
        ],
        "line_idx": null
      },
      {
        "name": "kitchee",
        "value": "kitchee",
        "type": "string",
        "children_dict": [
          {
            "name": "2017-18",
            "value": "2017-18",
            "type": "string",
            "children_dict": [],
            "line_idx": 28
          }
        ],
        "line_idx": null
      },
      {
        "name": "career total",
        "value": "career total",
        "type": "string",
        "children_dict": [],
        "line_idx": 29
      }
    ]
  },
  "data": [
    [
      {
        "value": "primera division"
      },
      {
        "value": 2
      },
      {
        "value": 0
      },
      {
        "value": "-"
      },
      {
        "value": "-"
      },
      {
        "value": 0.0
      },
      {
        "value": 0.0
      },
      {
        "value": "-"
      },
      {
        "value": "-"
      }
    ],
    [
      {
        "value": "primera division"
      },
      {
        "value": 24
      },
      {
        "value": 7
      },
      {
        "value": "-"
      },
      {
        "value": "-"
      },
      {
        "value": 0.0
      },
      {
        "value": 0.0
      },
      {
        "value": "-"
      },
      {
        "value": "-"
      }
    ],
    [
      {
        "value": "primera division"
      },
      {
        "value": 36
      },
      {
        "value": 18
      },
      {
        "value": "-"
      },
      {
        "value": "-"
      },
      {
        "value": 6.0
      },
      {
        "value": 2.0
      },
      {
        "value": "-"
      },
      {
        "value": "-"
      }
    ],
    [
      {
        "value": "primera division"
      },
      {
        "value": 18
      },
      {
        "value": 12
      },
      {
        "value": "-"
      },
      {
        "value": "-"
      },
      {
        "value": 5.0
      },
      {
        "value": 1.0
      },
      {
        "value": "-"
      },
      {
        "value": "-"
      }
    ],
    [
      {
        "value": ""
      },
      {
        "value": 80
      },
      {
        "value": 37
      },
      {
        "value": "-"
      },
      {
        "value": "-"
      },
      {
        "value": 11.0
      },
      {
        "value": 3.0
      },
      {
        "value": "-"
      },
      {
        "value": "-"
      }
    ],
    [
      {
        "value": "premier league"
      },
      {
        "value": 13
      },
      {
        "value": 0
      },
      {
        "value": 0.0
      },
      {
        "value": 0.0
      },
      {
        "value": 5.0
      },
      {
        "value": 0.0
      },
      {
        "value": 0.0
      },
      {
        "value": 0.0
      }
    ],
    [
      {
        "value": "premier league"
      },
      {
        "value": 25
      },
      {
        "value": 6
      },
      {
        "value": 2.0
      },
      {
        "value": 0.0
      },
      {
        "value": 13.0
      },
      {
        "value": 1.0
      },
      {
        "value": 5.0
      },
      {
        "value": 2.0
      }
    ],
    [
      {
        "value": "premier league"
      },
      {
        "value": 24
      },
      {
        "value": 4
      },
      {
        "value": 2.0
      },
      {
        "value": 1.0
      },
      {
        "value": 4.0
      },
      {
        "value": 2.0
      },
      {
        "value": 2.0
      },
      {
        "value": 1.0
      }
    ],
    [
      {
        "value": "premier league"
      },
      {
        "value": 1
      },
      {
        "value": 0
      },
      {
        "value": 0.0
      },
      {
        "value": 0.0
      },
      {
        "value": 1.0
      },
      {
        "value": 0.0
      },
      {
        "value": 1.0
      },
      {
        "value": 0.0
      }
    ],
    [
      {
        "value": ""
      },
      {
        "value": 63
      },
      {
        "value": 10
      },
      {
        "value": 4.0
      },
      {
        "value": 1.0
      },
      {
        "value": 23.0
      },
      {
        "value": 3.0
      },
      {
        "value": 8.0
      },
      {
        "value": 3.0
      }
    ],
    [
      {
        "value": "la liga"
      },
      {
        "value": 38
      },
      {
        "value": 25
      },
      {
        "value": 1.0
      },
      {
        "value": 0.0
      },
      {
        "value": 0.0
      },
      {
        "value": 0.0
      },
      {
        "value": "-"
      },
      {
        "value": "-"
      }
    ],
    [
      {
        "value": "la liga"
      },
      {
        "value": 32
      },
      {
        "value": 10
      },
      {
        "value": 2.0
      },
      {
        "value": 0.0
      },
      {
        "value": 13.0
      },
      {
        "value": 3.0
      },
      {
        "value": "-"
      },
      {
        "value": "-"
      }
    ],
    [
      {
        "value": "la liga"
      },
      {
        "value": 36
      },
      {
        "value": 19
      },
      {
        "value": 4.0
      },
      {
        "value": 1.0
      },
      {
        "value": 2.0
      },
      {
        "value": 1.0
      },
      {
        "value": "-"
      },
      {
        "value": "-"
      }
    ],
    [
      {
        "value": ""
      },
      {
        "value": 106
      },
      {
        "value": 54
      },
      {
        "value": 7.0
      },
      {
        "value": 1.0
      },
      {
        "value": 15.0
      },
      {
        "value": 4.0
      },
      {
        "value": "-"
      },
      {
        "value": "-"
      }
    ],
    [
      {
        "value": "la liga"
      },
      {
        "value": 36
      },
      {
        "value": 16
      },
      {
        "value": 6.0
      },
      {
        "value": 1.0
      },
      {
        "value": 11.0
      },
      {
        "value": 6.0
      },
      {
        "value": "-"
      },
      {
        "value": "-"
      }
    ],
    [
      {
        "value": "la liga"
      },
      {
        "value": 33
      },
      {
        "value": 32
      },
      {
        "value": 3.0
      },
      {
        "value": 1.0
      },
      {
        "value": 9.0
      },
      {
        "value": 2.0
      },
      {
        "value": "-"
      },
      {
        "value": "-"
      }
    ],
    [
      {
        "value": "la liga"
      },
      {
        "value": 33
      },
      {
        "value": 18
      },
      {
        "value": 6.0
      },
      {
        "value": 3.0
      },
      {
        "value": 17.0
      },
      {
        "value": 7.0
      },
      {
        "value": "-"
      },
      {
        "value": "-"
      }
    ],
    [
      {
        "value": "la liga"
      },
      {
        "value": 32
      },
      {
        "value": 8
      },
      {
        "value": 3.0
      },
      {
        "value": 1.0
      },
      {
        "value": 6.0
      },
      {
        "value": 1.0
      },
      {
        "value": 1.0
      },
      {
        "value": 0.0
      }
    ],
    [
      {
        "value": ""
      },
      {
        "value": 134
      },
      {
        "value": 74
      },
      {
        "value": 18.0
      },
      {
        "value": 6.0
      },
      {
        "value": 43.0
      },
      {
        "value": 16.0
      },
      {
        "value": 1.0
      },
      {
        "value": 0.0
      }
    ],
    [
      {
        "value": "serie a"
      },
      {
        "value": 18
      },
      {
        "value": 2
      },
      {
        "value": 0.0
      },
      {
        "value": 0.0
      },
      {
        "value": 2.0
      },
      {
        "value": 0.0
      },
      {
        "value": "-"
      },
      {
        "value": "-"
      }
    ],
    [
      {
        "value": "serie a"
      },
      {
        "value": 19
      },
      {
        "value": 5
      },
      {
        "value": 0.0
      },
      {
        "value": 0.0
      },
      {
        "value": "-"
      },
      {
        "value": "-"
      },
      {
        "value": 19.0
      },
      {
        "value": 5.0
      }
    ],
    [
      {
        "value": "serie a"
      },
      {
        "value": 15
      },
      {
        "value": 5
      },
      {
        "value": 8.0
      },
      {
        "value": 3.0
      },
      {
        "value": "-"
      },
      {
        "value": "-"
      },
      {
        "value": 13.0
      },
      {
        "value": 9.0
      }
    ],
    [
      {
        "value": ""
      },
      {
        "value": 34
      },
      {
        "value": 10
      },
      {
        "value": 8.0
      },
      {
        "value": 3.0
      },
      {
        "value": "-"
      },
      {
        "value": "-"
      },
      {
        "value": 13.0
      },
      {
        "value": 9.0
      }
    ],
    [
      {
        "value": "j1 league"
      },
      {
        "value": 26
      },
      {
        "value": 7
      },
      {
        "value": 2.0
      },
      {
        "value": 0.0
      },
      {
        "value": 6.0
      },
      {
        "value": 2.0
      },
      {
        "value": "-"
      },
      {
        "value": "-"
      }
    ],
    [
      {
        "value": "j2 league"
      },
      {
        "value": 16
      },
      {
        "value": 10
      },
      {
        "value": 0.0
      },
      {
        "value": 0.0
      },
      {
        "value": "-"
      },
      {
        "value": "-"
      },
      {
        "value": 16.0
      },
      {
        "value": 10.0
      }
    ],
    [
      {
        "value": ""
      },
      {
        "value": 42
      },
      {
        "value": 17
      },
      {
        "value": 2.0
      },
      {
        "value": 0.0
      },
      {
        "value": 6.0
      },
      {
        "value": 2.0
      },
      {
        "value": "-"
      },
      {
        "value": "-"
      }
    ],
    [
      {
        "value": "primera division"
      },
      {
        "value": 30
      },
      {
        "value": 8
      },
      {
        "value": 0.0
      },
      {
        "value": 0.0
      },
      {
        "value": 3.0
      },
      {
        "value": 0.0
      },
      {
        "value": 1.0
      },
      {
        "value": 0.0
      }
    ],
    [
      {
        "value": "super league"
      },
      {
        "value": 11
      },
      {
        "value": 5
      },
      {
        "value": "-"
      },
      {
        "value": "-"
      },
      {
        "value": 1.0
      },
      {
        "value": 0.0
      },
      {
        "value": 12.0
      },
      {
        "value": 5.0
      }
    ],
    [
      {
        "value": "hk premier league"
      },
      {
        "value": 6
      },
      {
        "value": 5
      },
      {
        "value": 1.0
      },
      {
        "value": 1.0
      },
      {
        "value": 5.0
      },
      {
        "value": 0.0
      },
      {
        "value": 0.0
      },
      {
        "value": 0.0
      }
    ],
    [
      {
        "value": ""
      },
      {
        "value": 523
      },
      {
        "value": 222
      },
      {
        "value": 39.0
      },
      {
        "value": 11.0
      },
      {
        "value": 107.0
      },
      {
        "value": 28.0
      },
      {
        "value": 24.0
      },
      {
        "value": 12.0
      }
    ]
  ]
}