{
  "title": "club",
  "top_root": {
    "name": "<TOP>",
    "value": "<TOP>",
    "type": "string",
    "line_idx": null,
    "children_dict": [
      {
        "name": "league",
        "value": "league",
        "type": "string",
        "children_dict": [
          {
            "name": "division",
            "value": "division",
            "type": "string",
            "children_dict": [],
            "line_idx": 0
          },
          {
            "name": "apps",
            "value": "apps",
            "type": "string",
            "children_dict": [],
            "line_idx": 1
          },
          {
            "name": "goals",
            "value": "goals",
            "type": "string",
            "children_dict": [],
            "line_idx": 2
          }
        ],
        "line_idx": null
      },
      {
        "name": "cup",
        "value": "cup",
        "type": "string",
        "children_dict": [
          {
            "name": "apps",
            "value": "apps",
            "type": "string",
            "children_dict": [],
            "line_idx": 3
          },
          {
            "name": "goals",
            "value": "goals",
            "type": "string",
            "children_dict": [],
            "line_idx": 4
          }
        ],
        "line_idx": null
      },
      {
        "name": "league cup",
        "value": "league cup",
        "type": "string",
        "children_dict": [
          {
            "name": "apps",
            "value": "apps",
            "type": "string",
            "children_dict": [],
            "line_idx": 5
          },
          {
            "name": "goals",
            "value": "goals",
            "type": "string",
            "children_dict": [],
            "line_idx": 6
          }
        ],
        "line_idx": null
      },
      {
        "name": "continental",
        "value": "continental",
        "type": "string",
        "children_dict": [
          {
            "name": "apps",
            "value": "apps",
            "type": "string",
            "children_dict": [],
            "line_idx": 7
          },
          {
            "name": "goals",
            "value": "goals",
            "type": "string",
            "children_dict": [],
            "line_idx": 8
          }
        ],
        "line_idx": null
      },
      {
        "name": "other",
        "value": "other",
        "type": "string",
        "children_dict": [
          {
            "name": "apps",
            "value": "apps",
            "type": "string",
            "children_dict": [],
            "line_idx": 9
          },
          {
            "name": "goals",
            "value": "goals",
            "type": "string",
            "children_dict": [],
            "line_idx": 10
          }
        ],
        "line_idx": null
      }
    ]
  },
  "left_root": {
    "name": "<LEFT>",
    "value": "<LEFT>",
    "type": "string",
    "line_idx": null,
    "children_dict": [
      {
        "name": "corinthians",
        "value": "corinthians",
        "type": "string",
        "children_dict": [
          {
            "name": "2014",
            "value": "2014",
            "type": "string",
            "children_dict": [],
            "line_idx": 0
          },
          {
            "name": "2015",
            "value": "2015",
            "type": "string",
            "children_dict": [],
            "line_idx": 1
          },
          {
            "name": "total",
            "value": "total",
            "type": "string",
            "children_dict": [],
            "line_idx": 2
          }
        ],
        "line_idx": null
      },
      {
        "name": "bordeaux",
        "value": "bordeaux",
        "type": "string",
        "children_dict": [
          {
            "name": "2015-16",
            "value": "2015-16",
            "type": "string",
            "children_dict": [],
            "line_idx": 3
          },
          {
            "name": "2016-17",
            "value": "2016-17",
            "type": "string",
            "children_dict": [],
            "line_idx": 4
          },
          {
            "name": "2017-18",
            "value": "2017-18",
            "type": "string",
            "children_dict": [],
            "line_idx": 5
          },
          {
            "name": "total",
            "value": "total",
            "type": "string",
            "children_dict": [],
            "line_idx": 6
          }
        ],
        "line_idx": null
      },
      {
        "name": "barcelona",
        "value": "barcelona",
        "type": "string",
        "children_dict": [
          {
            "name": "2018-19",
            "value": "2018-19",
            "type": "string",
            "children_dict": [],
            "line_idx": 7
          }
        ],
        "line_idx": null
      },
      {
        "name": "career total",
        "value": "career total",
        "type": "string",
        "children_dict": [],
        "line_idx": 8
      }
    ]
  },
  "data": [
    [
      {
        "value": "serie a"
      },
      {
        "value": 20
      },
      {
        "value": 2
      },
      {
        "value": 3
      },
      {
        "value": 0
      },
      {
        "value": "-"
      },
      {
        "value": "-"
      },
      {
        "value": 0.0
      },
      {
        "value": 0.0
      },
      {
        "value": 1.0
      },
      {
        "value": 0.0
      }
    ],
    [
      {
        "value": "serie a"
      },
      {
        "value": 31
      },
      {
        "value": 5
      },
      {
        "value": 2
      },
      {
        "value": 0
      },
      {
        "value": "-"
      },
      {
        "value": "-"
      },
      {
        "value": 3.0
      },
      {
        "value": 0.0
      },
      {
        "value": 10.0
      },
      {
        "value": 3.0
      }
    ],
    [
      {
        "value": ""
      },
      {
        "value": 51
      },
      {
        "value": 7
      },
      {
        "value": 5
      },
      {
        "value": 0
      },
      {
        "value": "-"
      },
      {
        "value": "-"
      },
      {
        "value": 3.0
      },
      {
        "value": 0.0
      },
      {
        "value": 11.0
      },
      {
        "value": 3.0
      }
    ],
    [
      {
        "value": "ligue 1"
      },
      {
        "value": 12
      },
      {
        "value": 1
      },
      {
        "value": 1
      },
      {
        "value": 1
      },
      {
        "value": 0.0
      },
      {
        "value": 0.0
      },
      {
        "value": 0.0
      },
      {
        "value": 0.0
      },
      {
        "value": "-"
      },
      {
        "value": "-"
      }
    ],
    [
      {
        "value": "ligue 1"
      },
      {
        "value": 37
      },
      {
        "value": 7
      },
      {
        "value": 4
      },
      {
        "value": 2
      },
      {
        "value": 4.0
      },
      {
        "value": 0.0
      },
      {
        "value": "-"
      },
      {
        "value": "-"
      },
      {
        "value": 45.0
      },
      {
        "value": 9.0
      }
    ],
    [
      {
        "value": "ligue 1"
      },
      {
        "value": 35
      },
      {
        "value": 12
      },
      {
        "value": 1
      },
      {
        "value": 0
      },
      {
        "value": 0.0
      },
      {
        "value": 0.0
      },
      {
        "value": 2.0
      },
      {
        "value": 0.0
      },
      {
        "value": "-"
      },
      {
        "value": "-"
      }
    ],
    [
      {
        "value": ""
      },
      {
        "value": 84
      },
      {
        "value": 20
      },
      {
        "value": 6
      },
      {
        "value": 3
      },
      {
        "value": 4.0
      },
      {
        "value": 0.0
      },
      {
        "value": 2.0
      },
      {
        "value": 0.0
      },
      {
        "value": "-"
      },
      {
        "value": "-"
      }
    ],
    [
      {
        "value": "la liga"
      },
      {
        "value": 12
      },
      {
        "value": 1
      },
      {
        "value": 5
      },
      {
        "value": 2
      },
      {
        "value": "-"
      },
      {
        "value": "-"
      },
      {
        "value": 2.0
      },
      {
        "value": 1.0
      },
      {
        "value": 0.0
      },
      {
        "value": 0.0
      }
    ],
    [
      {
        "value": ""
      },
      {
        "value": 147
      },
      {
        "value": 28
      },
      {
        "value": 16
      },
      {
        "value": 5
      },
      {
        "value": 4.0
      },
      {
        "value": 0.0
      },
      {
        "value": 7.0
      },
      {
        "value": 1.0
      },
      {
        "value": 11.0
      },
      {
        "value": 3.0
      }
    ]
  ]
}