{
  "title": "students at canadian military colleges who personally experienced unwanted sexualized or discriminatory behaviours in a postsecondary setting in the past 12 months, by location of behaviour, 2019",
  "top_root": {
    "name": "<TOP>",
    "value": "<TOP>",
    "type": "string",
    "line_idx": null,
    "children_dict": [
      {
        "name": "unwanted sexualized behaviours",
        "value": "unwanted sexualized behaviours",
        "type": "string",
        "children_dict": [
          {
            "name": "percent",
            "value": "percent",
            "type": "string",
            "children_dict": [],
            "line_idx": 0
          },
          {
            "name": "95% confidence interval",
            "value": "95% confidence interval",
            "type": "string",
            "children_dict": [
              {
                "name": "from",
                "value": "from",
                "type": "string",
                "children_dict": [],
                "line_idx": 1
              },
              {
                "name": "to",
                "value": "to",
                "type": "string",
                "children_dict": [],
                "line_idx": 2
              }
            ],
            "line_idx": null
          }
        ],
        "line_idx": null
      },
      {
        "name": "discriminatory behaviours",
        "value": "discriminatory behaviours",
        "type": "string",
        "children_dict": [
          {
            "name": "percent",
            "value": "percent",
            "type": "string",
            "children_dict": [],
            "line_idx": 3
          },
          {
            "name": "95% confidence interval",
            "value": "95% confidence interval",
            "type": "string",
            "children_dict": [
              {
                "name": "from",
                "value": "from",
                "type": "string",
                "children_dict": [],
                "line_idx": 4
              },
              {
                "name": "to",
                "value": "to",
                "type": "string",
                "children_dict": [],
                "line_idx": 5
              }
            ],
            "line_idx": null
          }
        ],
        "line_idx": null
      }
    ]
  },
  "left_root": {
    "name": "<LEFT>",
    "value": "<LEFT>",
    "type": "string",
    "line_idx": null,
    "children_dict": [
      {
        "name": "on campus",
        "value": "on campus",
        "type": "string",
        "children_dict": [
          {
            "name": "learning environment",
            "value": "learning environment",
            "type": "string",
            "children_dict": [],
            "line_idx": 1
          },
          {
            "name": "non-residential building",
            "value": "non-residential building",
            "type": "string",
            "children_dict": [],
            "line_idx": 2
          },
          {
            "name": "on campus residence, excluding fraternities and sororities",
            "value": "on campus residence, excluding fraternities and sororities",
            "type": "string",
            "children_dict": [],
            "line_idx": 3
          },
          {
            "name": "other on-campus location",
            "value": "other on-campus location",
            "type": "string",
            "children_dict": [],
            "line_idx": 4
          }
        ],
        "line_idx": 0
      },
      {
        "name": "off campus",
        "value": "off campus",
        "type": "string",
        "children_dict": [
          {
            "name": "another postsecondary school in canada",
            "value": "another postsecondary school in canada",
            "type": "string",
            "children_dict": [],
            "line_idx": 6
          },
          {
            "name": "at an internship, job placement, etc. practicum or volunteer assignment",
            "value": "at an internship, job placement, etc. practicum or volunteer assignment",
            "type": "string",
            "children_dict": [],
            "line_idx": 7
          },
          {
            "name": "off campus residence, excluding fraternities and sororities",
            "value": "off campus residence, excluding fraternities and sororities",
            "type": "string",
            "children_dict": [],
            "line_idx": 8
          },
          {
            "name": "fraternity or sorority house off campus",
            "value": "fraternity or sorority house off campus",
            "type": "string",
            "children_dict": [],
            "line_idx": 9
          },
          {
            "name": "restaurant or bar",
            "value": "restaurant or bar",
            "type": "string",
            "children_dict": [],
            "line_idx": 10
          },
          {
            "name": "travelling to or from school",
            "value": "travelling to or from school",
            "type": "string",
            "children_dict": [],
            "line_idx": 11
          },
          {
            "name": "other off-campus location",
            "value": "other off-campus location",
            "type": "string",
            "children_dict": [],
            "line_idx": 12
          }
        ],
        "line_idx": 5
      },
      {
        "name": "online",
        "value": "online",
        "type": "string",
        "children_dict": [
          {
            "name": "school online environment",
            "value": "school online environment",
            "type": "string",
            "children_dict": [],
            "line_idx": 14
          },
          {
            "name": "by email, instant message, text message",
            "value": "by email, instant message, text message",
            "type": "string",
            "children_dict": [],
            "line_idx": 15
          },
          {
            "name": "on social media",
            "value": "on social media",
            "type": "string",
            "children_dict": [],
            "line_idx": 16
          },
          {
            "name": "online dating app or website",
            "value": "online dating app or website",
            "type": "string",
            "children_dict": [],
            "line_idx": 17
          },
          {
            "name": "during a phone call or video chat",
            "value": "during a phone call or video chat",
            "type": "string",
            "children_dict": [],
            "line_idx": 18
          },
          {
            "name": "other online location",
            "value": "other online location",
            "type": "string",
            "children_dict": [],
            "line_idx": 19
          }
        ],
        "line_idx": 13
      }
    ]
  },
  "data": [
    [
      {
        "value": 93.0
      },
      {
        "value": 89.0
      },
      {
        "value": 96.0
      },
      {
        "value": 86.0
      },
      {
        "value": 79.0
      },
      {
        "value": 91.0
      }
    ],
    [
      {
        "value": 20.0
      },
      {
        "value": 15.0
      },
      {
        "value": 26.0
      },
      {
        "value": 37.0
      },
      {
        "value": 28.0
      },
      {
        "value": 47.0
      }
    ],
    [
      {
        "value": 54.0
      },
      {
        "value": 47.0
      },
      {
        "value": 60.0
      },
      {
        "value": 57.0
      },
      {
        "value": 47.0
      },
      {
        "value": 66.0
      }
    ],
    [
      {
        "value": 78.0
      },
      {
        "value": 72.0
      },
      {
        "value": 83.0
      },
      {
        "value": 54.0
      },
      {
        "value": 43.0
      },
      {
        "value": 64.0
      }
    ],
    [
      {
        "value": 23.0
      },
      {
        "value": 17.0
      },
      {
        "value": 29.0
      },
      {
        "value": 21.0
      },
      {
        "value": 14.0
      },
      {
        "value": 31.0
      }
    ],
    [
      {
        "value": 44.0
      },
      {
        "value": 37.0
      },
      {
        "value": 51.0
      },
      {
        "value": 27.0
      },
      {
        "value": 19.0
      },
      {
        "value": 36.0
      }
    ],
    [
      {
        "value": ""
      },
      {
        "value": ""
      },
      {
        "value": ""
      },
      {
        "value": ""
      },
      {
        "value": ""
      },
      {
        "value": ""
      }
    ],
    [
      {
        "value": ""
      },
      {
        "value": ""
      },
      {
        "value": ""
      },
      {
        "value": ""
      },
      {
        "value": ""
      },
      {
        "value": ""
      }
    ],
    [
      {
        "value": 26.0
      },
      {
        "value": 18.0
      },
      {
        "value": 35.0
      },
      {
        "value": ""
      },
      {
        "value": ""
      },
      {
        "value": ""
      }
    ],
    [
      {
        "value": ""
      },
      {
        "value": ""
      },
      {
        "value": ""
      },
      {
        "value": ""
      },
      {
        "value": ""
      },
      {
        "value": ""
      }
    ],
    [
      {
        "value": 84.0
      },
      {
        "value": 75.0
      },
      {
        "value": 89.0
      },
      {
        "value": ""
      },
      {
        "value": ""
      },
      {
        "value": ""
      }
    ],
    [
      {
        "value": 20.0
      },
      {
        "value": 13.0
      },
      {
        "value": 29.0
      },
      {
        "value": ""
      },
      {
        "value": ""
      },
      {
        "value": ""
      }
    ],
    [
      {
        "value": 33.0
      },
      {
        "value": 25.0
      },
      {
        "value": 43.0
      },
      {
        "value": ""
      },
      {
        "value": ""
      },
      {
        "value": ""
      }
    ],
    [
      {
        "value": 21.0
      },
      {
        "value": 16.0
      },
      {
        "value": 27.0
      },
      {
        "value": ""
      },
      {
        "value": ""
      },
      {
        "value": ""
      }
    ],
    [
      {
        "value": ""
      },
      {
        "value": ""
      },
      {
        "value": ""
      },
      {
        "value": ""
      },
      {
        "value": ""
      },
      {
        "value": ""
      }
    ],
    [
      {
        "value": 40.0
      },
      {
        "value": 27.0
      },
      {
        "value": 55.0
      },
      {
        "value": ""
      },
      {
        "value": ""
      },
      {
        "value": ""
      }
    ],
    [
      {
        "value": 85.0
      },
      {
        "value": 72.0
      },
      {
        "value": 92.0
      },
      {
        "value": ""
      },
      {
        "value": ""
      },
      {
        "value": ""
      }
    ],
    [
      {
        "value": ""
      },
      {
        "value": ""
      },
      {
        "value": ""
      },
      {
        "value": ""
      },
      {
        "value": ""
      },
      {
        "value": ""
      }
    ],
    [
      {
        "value": ""
      },
      {
        "value": ""
      },
      {
        "value": ""
      },
      {
        "value": ""
      },
      {
        "value": ""
      },
      {
        "value": ""
      }
    ],
    [
      {
        "value": ""
      },
      {
        "value": ""
      },
      {
        "value": ""
      },
      {
        "value": ""
      },
      {
        "value": ""
      },
      {
        "value": ""
      }
    ]
  ]
}