{
  "title": "career statistics",
  "top_root": {
    "name": "<TOP>",
    "value": "<TOP>",
    "type": "string",
    "line_idx": null,
    "children_dict": [
      {
        "name": "games",
        "value": "games",
        "type": "string",
        "children_dict": [
          {
            "name": "gp",
            "value": "gp",
            "type": "string",
            "children_dict": [],
            "line_idx": 0
          },
          {
            "name": "gs",
            "value": "gs",
            "type": "string",
            "children_dict": [],
            "line_idx": 1
          }
        ],
        "line_idx": null
      },
      {
        "name": "rushing",
        "value": "rushing",
        "type": "string",
        "children_dict": [
          {
            "name": "att",
            "value": "att",
            "type": "string",
            "children_dict": [],
            "line_idx": 2
          },
          {
            "name": "yards",
            "value": "yards",
            "type": "string",
            "children_dict": [],
            "line_idx": 3
          },
          {
            "name": "avg",
            "value": "avg",
            "type": "string",
            "children_dict": [],
            "line_idx": 4
          },
          {
            "name": "lng",
            "value": "lng",
            "type": "string",
            "children_dict": [],
            "line_idx": 5
          },
          {
            "name": "td",
            "value": "td",
            "type": "string",
            "children_dict": [],
            "line_idx": 6
          }
        ],
        "line_idx": null
      },
      {
        "name": "receiving",
        "value": "receiving",
        "type": "string",
        "children_dict": [
          {
            "name": "rec",
            "value": "rec",
            "type": "string",
            "children_dict": [],
            "line_idx": 7
          },
          {
            "name": "yds",
            "value": "yds",
            "type": "string",
            "children_dict": [],
            "line_idx": 8
          },
          {
            "name": "avg",
            "value": "avg",
            "type": "string",
            "children_dict": [],
            "line_idx": 9
          },
          {
            "name": "lng",
            "value": "lng",
            "type": "string",
            "children_dict": [],
            "line_idx": 10
          },
          {
            "name": "td",
            "value": "td",
            "type": "string",
            "children_dict": [],
            "line_idx": 11
          }
        ],
        "line_idx": null
      }
    ]
  },
  "left_root": {
    "name": "<LEFT>",
    "value": "<LEFT>",
    "type": "string",
    "line_idx": null,
    "children_dict": [
      {
        "name": "1994",
        "value": "1994",
        "type": "string",
        "children_dict": [
          {
            "name": "ind",
            "value": "ind",
            "type": "string",
            "children_dict": [],
            "line_idx": 0
          }
        ],
        "line_idx": null
      },
      {
        "name": "1995",
        "value": "1995",
        "type": "string",
        "children_dict": [
          {
            "name": "ind",
            "value": "ind",
            "type": "string",
            "children_dict": [],
            "line_idx": 1
          }
        ],
        "line_idx": null
      },
      {
        "name": "1996",
        "value": "1996",
        "type": "string",
        "children_dict": [
          {
            "name": "ind",
            "value": "ind",
            "type": "string",
            "children_dict": [],
            "line_idx": 2
          }
        ],
        "line_idx": null
      },
      {
        "name": "1997",
        "value": "1997",
        "type": "string",
        "children_dict": [
          {
            "name": "ind",
            "value": "ind",
            "type": "string",
            "children_dict": [],
            "line_idx": 3
          }
        ],
        "line_idx": null
      },
      {
        "name": "1998",
        "value": "1998",
        "type": "string",
        "children_dict": [
          {
            "name": "ind",
            "value": "ind",
            "type": "string",
            "children_dict": [],
            "line_idx": 4
          }
        ],
        "line_idx": null
      },
      {
        "name": "1999",
        "value": "1999",
        "type": "string",
        "children_dict": [
          {
            "name": "stl",
            "value": "stl",
            "type": "string",
            "children_dict": [],
            "line_idx": 5
          }
        ],
        "line_idx": null
      },
      {
        "name": "2000",
        "value": "2000",
        "type": "string",
        "children_dict": [
          {
            "name": "stl",
            "value": "stl",
            "type": "string",
            "children_dict": [],
            "line_idx": 6
          }
        ],
        "line_idx": null
      },
      {
        "name": "2001",
        "value": "2001",
        "type": "string",
        "children_dict": [
          {
            "name": "stl",
            "value": "stl",
            "type": "string",
            "children_dict": [],
            "line_idx": 7
          }
        ],
        "line_idx": null
      },
      {
        "name": "2002",
        "value": "2002",
        "type": "string",
        "children_dict": [
          {
            "name": "stl",
            "value": "stl",
            "type": "string",
            "children_dict": [],
            "line_idx": 8
          }
        ],
        "line_idx": null
      },
      {
        "name": "2003",
        "value": "2003",
        "type": "string",
        "children_dict": [
          {
            "name": "stl",
            "value": "stl",
            "type": "string",
            "children_dict": [],
            "line_idx": 9
          }
        ],
        "line_idx": null
      },
      {
        "name": "2004",
        "value": "2004",
        "type": "string",
        "children_dict": [
          {
            "name": "stl",
            "value": "stl",
            "type": "string",
            "children_dict": [],
            "line_idx": 10
          }
        ],
        "line_idx": null
      },
      {
        "name": "2005",
        "value": "2005",
        "type": "string",
        "children_dict": [
          {
            "name": "stl",
            "value": "stl",
            "type": "string",
            "children_dict": [],
            "line_idx": 11
          }
        ],
        "line_idx": null
      },
      {
        "name": "career",
        "value": "career",
        "type": "string",
        "children_dict": [],
        "line_idx": 12
      }
    ]
  },
  "data": [
    [
      {
        "value": 16
      },
      {
        "value": 16
      },
      {
        "value": 314
      },
      {
        "value": 1282
      },
      {
        "value": 4.1
      },
      {
        "value": 52.0
      },
      {
        "value": 11
      },
      {
        "value": 52
      },
      {
        "value": 522
      },
      {
        "value": 10.0
      },
      {
        "value": "85t"
      },
      {
        "value": 1
      }
    ],
    [
      {
        "value": 16
      },
      {
        "value": 16
      },
      {
        "value": 289
      },
      {
        "value": 1078
      },
      {
        "value": 3.7
      },
      {
        "value": 40.0
      },
      {
        "value": 11
      },
      {
        "value": 56
      },
      {
        "value": 475
      },
      {
        "value": 8.5
      },
      {
        "value": 34.0
      },
      {
        "value": 3
      }
    ],
    [
      {
        "value": 13
      },
      {
        "value": 13
      },
      {
        "value": 198
      },
      {
        "value": 587
      },
      {
        "value": 3.0
      },
      {
        "value": 43.0
      },
      {
        "value": 7
      },
      {
        "value": 56
      },
      {
        "value": 428
      },
      {
        "value": 7.6
      },
      {
        "value": 30.0
      },
      {
        "value": 0
      }
    ],
    [
      {
        "value": 16
      },
      {
        "value": 16
      },
      {
        "value": 264
      },
      {
        "value": 1054
      },
      {
        "value": 4.0
      },
      {
        "value": 45.0
      },
      {
        "value": 7
      },
      {
        "value": 47
      },
      {
        "value": 471
      },
      {
        "value": 10.0
      },
      {
        "value": 58.0
      },
      {
        "value": 1
      }
    ],
    [
      {
        "value": 16
      },
      {
        "value": 15
      },
      {
        "value": 324
      },
      {
        "value": 1319
      },
      {
        "value": 4.1
      },
      {
        "value": "68t"
      },
      {
        "value": 6
      },
      {
        "value": 86
      },
      {
        "value": 908
      },
      {
        "value": 10.6
      },
      {
        "value": "78t"
      },
      {
        "value": 4
      }
    ],
    [
      {
        "value": 16
      },
      {
        "value": 16
      },
      {
        "value": 253
      },
      {
        "value": 1381
      },
      {
        "value": 5.5
      },
      {
        "value": 58.0
      },
      {
        "value": 7
      },
      {
        "value": 87
      },
      {
        "value": 1048
      },
      {
        "value": 12.0
      },
      {
        "value": "57t"
      },
      {
        "value": 5
      }
    ],
    [
      {
        "value": 14
      },
      {
        "value": 14
      },
      {
        "value": 253
      },
      {
        "value": 1359
      },
      {
        "value": 5.4
      },
      {
        "value": 36.0
      },
      {
        "value": 18
      },
      {
        "value": 81
      },
      {
        "value": 830
      },
      {
        "value": 10.2
      },
      {
        "value": "72t"
      },
      {
        "value": 8
      }
    ],
    [
      {
        "value": 14
      },
      {
        "value": 14
      },
      {
        "value": 260
      },
      {
        "value": 1382
      },
      {
        "value": 5.3
      },
      {
        "value": "71t"
      },
      {
        "value": 12
      },
      {
        "value": 83
      },
      {
        "value": 765
      },
      {
        "value": 9.2
      },
      {
        "value": "65t"
      },
      {
        "value": 9
      }
    ],
    [
      {
        "value": 14
      },
      {
        "value": 10
      },
      {
        "value": 212
      },
      {
        "value": 953
      },
      {
        "value": 4.5
      },
      {
        "value": 44.0
      },
      {
        "value": 8
      },
      {
        "value": 80
      },
      {
        "value": 537
      },
      {
        "value": 6.7
      },
      {
        "value": 40.0
      },
      {
        "value": 2
      }
    ],
    [
      {
        "value": 11
      },
      {
        "value": 11
      },
      {
        "value": 209
      },
      {
        "value": 818
      },
      {
        "value": 3.9
      },
      {
        "value": 52.0
      },
      {
        "value": 10
      },
      {
        "value": 45
      },
      {
        "value": 290
      },
      {
        "value": 6.4
      },
      {
        "value": 30.0
      },
      {
        "value": 1
      }
    ],
    [
      {
        "value": 14
      },
      {
        "value": 14
      },
      {
        "value": 195
      },
      {
        "value": 774
      },
      {
        "value": 4.0
      },
      {
        "value": 40.0
      },
      {
        "value": 3
      },
      {
        "value": 50
      },
      {
        "value": 310
      },
      {
        "value": 6.2
      },
      {
        "value": 25.0
      },
      {
        "value": 1
      }
    ],
    [
      {
        "value": 16
      },
      {
        "value": 1
      },
      {
        "value": 65
      },
      {
        "value": 292
      },
      {
        "value": 4.5
      },
      {
        "value": 20.0
      },
      {
        "value": 0
      },
      {
        "value": 44
      },
      {
        "value": 291
      },
      {
        "value": 6.6
      },
      {
        "value": 18.0
      },
      {
        "value": 1
      }
    ],
    [
      {
        "value": 176
      },
      {
        "value": 156
      },
      {
        "value": 2836
      },
      {
        "value": 12279
      },
      {
        "value": 4.3
      },
      {
        "value": "71t"
      },
      {
        "value": 100
      },
      {
        "value": 767
      },
      {
        "value": 6875
      },
      {
        "value": 9.0
      },
      {
        "value": "85t"
      },
      {
        "value": 36
      }
    ]
  ]
}