{
  "title": "singles",
  "top_root": {
    "name": "<TOP>",
    "value": "<TOP>",
    "type": "string",
    "line_idx": null,
    "children_dict": [
      {
        "name": "peak chart positions",
        "value": "peak chart positions",
        "type": "string",
        "children_dict": [
          {
            "name": "aus",
            "value": "aus",
            "type": "string",
            "children_dict": [],
            "line_idx": 0
          },
          {
            "name": "aut",
            "value": "aut",
            "type": "string",
            "children_dict": [],
            "line_idx": 1
          },
          {
            "name": "bel",
            "value": "bel",
            "type": "string",
            "children_dict": [],
            "line_idx": 2
          },
          {
            "name": "fin",
            "value": "fin",
            "type": "string",
            "children_dict": [],
            "line_idx": 3
          },
          {
            "name": "fra",
            "value": "fra",
            "type": "string",
            "children_dict": [],
            "line_idx": 4
          },
          {
            "name": "ger",
            "value": "ger",
            "type": "string",
            "children_dict": [],
            "line_idx": 5
          },
          {
            "name": "ned",
            "value": "ned",
            "type": "string",
            "children_dict": [],
            "line_idx": 6
          },
          {
            "name": "pol",
            "value": "pol",
            "type": "string",
            "children_dict": [],
            "line_idx": 7
          },
          {
            "name": "swe",
            "value": "swe",
            "type": "string",
            "children_dict": [],
            "line_idx": 8
          },
          {
            "name": "swi",
            "value": "swi",
            "type": "string",
            "children_dict": [],
            "line_idx": 9
          },
          {
            "name": "uk",
            "value": "uk",
            "type": "string",
            "children_dict": [],
            "line_idx": 10
          },
          {
            "name": "us",
            "value": "us",
            "type": "string",
            "children_dict": [],
            "line_idx": 11
          }
        ],
        "line_idx": null
      },
      {
        "name": "certifications",
        "value": "certifications",
        "type": "string",
        "children_dict": [],
        "line_idx": 12
      },
      {
        "name": "album",
        "value": "album",
        "type": "string",
        "children_dict": [],
        "line_idx": 13
      }
    ]
  },
  "left_root": {
    "name": "<LEFT>",
    "value": "<LEFT>",
    "type": "string",
    "line_idx": null,
    "children_dict": [
      {
        "name": "2000",
        "value": "2000",
        "type": "string",
        "children_dict": [
          {
            "name": "around the world",
            "value": "around the world",
            "type": "string",
            "children_dict": [],
            "line_idx": 0
          },
          {
            "name": "my heart beats like a drum",
            "value": "my heart beats like a drum",
            "type": "string",
            "children_dict": [],
            "line_idx": 1
          },
          {
            "name": "why oh why",
            "value": "why oh why",
            "type": "string",
            "children_dict": [],
            "line_idx": 2
          },
          {
            "name": "thinking of you",
            "value": "thinking of you",
            "type": "string",
            "children_dict": [],
            "line_idx": 3
          }
        ],
        "line_idx": null
      },
      {
        "name": "2001",
        "value": "2001",
        "type": "string",
        "children_dict": [
          {
            "name": "i'm in heaven",
            "value": "i'm in heaven",
            "type": "string",
            "children_dict": [],
            "line_idx": 4
          },
          {
            "name": "call on me",
            "value": "call on me",
            "type": "string",
            "children_dict": [],
            "line_idx": 5
          }
        ],
        "line_idx": null
      },
      {
        "name": "2002",
        "value": "2002",
        "type": "string",
        "children_dict": [
          {
            "name": "set me free",
            "value": "set me free",
            "type": "string",
            "children_dict": [],
            "line_idx": 6
          }
        ],
        "line_idx": null
      },
      {
        "name": "2003",
        "value": "2003",
        "type": "string",
        "children_dict": [
          {
            "name": "new york city",
            "value": "new york city",
            "type": "string",
            "children_dict": [],
            "line_idx": 7
          }
        ],
        "line_idx": null
      },
      {
        "name": "2019",
        "value": "2019",
        "type": "string",
        "children_dict": [
          {
            "name": "all around the world",
            "value": "all around the world",
            "type": "string",
            "children_dict": [],
            "line_idx": 8
          }
        ],
        "line_idx": null
      },
      {
        "name": "\"-\" denotes releases that failed to chart or not released in that country",
        "value": "\"-\" denotes releases that failed to chart or not released in that country",
        "type": "string",
        "children_dict": [],
        "line_idx": 9
      }
    ]
  },
  "data": [
    [
      {
        "value": 11.0
      },
      {
        "value": 1.0
      },
      {
        "value": 10.0
      },
      {
        "value": 7.0
      },
      {
        "value": 12.0
      },
      {
        "value": 1.0
      },
      {
        "value": 5.0
      },
      {
        "value": 1.0
      },
      {
        "value": 8.0
      },
      {
        "value": 1.0
      },
      {
        "value": 15.0
      },
      {
        "value": 28.0
      },
      {
        "value": "ger: platinum aut: gold swi: gold fra: silver"
      },
      {
        "value": "planet pop"
      }
    ],
    [
      {
        "value": 76.0
      },
      {
        "value": 6.0
      },
      {
        "value": 11.0
      },
      {
        "value": 12.0
      },
      {
        "value": 39.0
      },
      {
        "value": 3.0
      },
      {
        "value": 37.0
      },
      {
        "value": 18.0
      },
      {
        "value": 38.0
      },
      {
        "value": 21.0
      },
      {
        "value": "-"
      },
      {
        "value": "-"
      },
      {
        "value": "ger: gold"
      },
      {
        "value": "planet pop"
      }
    ],
    [
      {
        "value": "-"
      },
      {
        "value": 16.0
      },
      {
        "value": 39.0
      },
      {
        "value": "-"
      },
      {
        "value": "-"
      },
      {
        "value": 16.0
      },
      {
        "value": "-"
      },
      {
        "value": 29.0
      },
      {
        "value": "-"
      },
      {
        "value": 64.0
      },
      {
        "value": "-"
      },
      {
        "value": "-"
      },
      {
        "value": "none"
      },
      {
        "value": "planet pop"
      }
    ],
    [
      {
        "value": "-"
      },
      {
        "value": "-"
      },
      {
        "value": "-"
      },
      {
        "value": "-"
      },
      {
        "value": "-"
      },
      {
        "value": 46.0
      },
      {
        "value": "-"
      },
      {
        "value": "-"
      },
      {
        "value": "-"
      },
      {
        "value": 51.0
      },
      {
        "value": "-"
      },
      {
        "value": "-"
      },
      {
        "value": "none"
      },
      {
        "value": "planet pop"
      }
    ],
    [
      {
        "value": "-"
      },
      {
        "value": 27.0
      },
      {
        "value": "-"
      },
      {
        "value": "-"
      },
      {
        "value": "-"
      },
      {
        "value": 22.0
      },
      {
        "value": "-"
      },
      {
        "value": "-"
      },
      {
        "value": "-"
      },
      {
        "value": 31.0
      },
      {
        "value": "-"
      },
      {
        "value": "-"
      },
      {
        "value": "none"
      },
      {
        "value": "touch the sky"
      }
    ],
    [
      {
        "value": "-"
      },
      {
        "value": "-"
      },
      {
        "value": "-"
      },
      {
        "value": "-"
      },
      {
        "value": "-"
      },
      {
        "value": "-"
      },
      {
        "value": "-"
      },
      {
        "value": "-"
      },
      {
        "value": "-"
      },
      {
        "value": "-"
      },
      {
        "value": "-"
      },
      {
        "value": "-"
      },
      {
        "value": "none"
      },
      {
        "value": "touch the sky"
      }
    ],
    [
      {
        "value": "-"
      },
      {
        "value": "-"
      },
      {
        "value": "-"
      },
      {
        "value": "-"
      },
      {
        "value": "-"
      },
      {
        "value": 44.0
      },
      {
        "value": "-"
      },
      {
        "value": "-"
      },
      {
        "value": "-"
      },
      {
        "value": "-"
      },
      {
        "value": "-"
      },
      {
        "value": "-"
      },
      {
        "value": "none"
      },
      {
        "value": "touch the sky"
      }
    ],
    [
      {
        "value": "-"
      },
      {
        "value": "-"
      },
      {
        "value": "-"
      },
      {
        "value": "-"
      },
      {
        "value": "-"
      },
      {
        "value": 81.0
      },
      {
        "value": "-"
      },
      {
        "value": "-"
      },
      {
        "value": "-"
      },
      {
        "value": "-"
      },
      {
        "value": "-"
      },
      {
        "value": "-"
      },
      {
        "value": "none"
      },
      {
        "value": "touch the sky"
      }
    ],
    [
      {
        "value": "-"
      },
      {
        "value": "-"
      },
      {
        "value": "-"
      },
      {
        "value": "-"
      },
      {
        "value": "-"
      },
      {
        "value": "-"
      },
      {
        "value": "-"
      },
      {
        "value": "-"
      },
      {
        "value": "-"
      },
      {
        "value": "-"
      },
      {
        "value": "-"
      },
      {
        "value": "-"
      },
      {
        "value": "none"
      },
      {
        "value": "non-album single"
      }
    ],
    [
      {
        "value": ""
      },
      {
        "value": ""
      },
      {
        "value": ""
      },
      {
        "value": ""
      },
      {
        "value": ""
      },
      {
        "value": ""
      },
      {
        "value": ""
      },
      {
        "value": ""
      },
      {
        "value": ""
      },
      {
        "value": ""
      },
      {
        "value": ""
      },
      {
        "value": ""
      },
      {
        "value": ""
      },
      {
        "value": ""
      }
    ]
  ]
}