{
  "title": "mean daily total sugars intake, in grams, by misreporting status and age group, household population aged 2 to 18, canada excluding territories, 2004 vs. 2015",
  "top_root": {
    "name": "<TOP>",
    "value": "<TOP>",
    "type": "string",
    "line_idx": null,
    "children_dict": [
      {
        "name": "total",
        "value": "total",
        "type": "string",
        "children_dict": [
          {
            "name": "mean grams",
            "value": "mean grams",
            "type": "string",
            "children_dict": [],
            "line_idx": 0
          },
          {
            "name": "95% confidence interval",
            "value": "95% confidence interval",
            "type": "string",
            "children_dict": [
              {
                "name": "from",
                "value": "from",
                "type": "string",
                "children_dict": [],
                "line_idx": 1
              },
              {
                "name": "to",
                "value": "to",
                "type": "string",
                "children_dict": [],
                "line_idx": 2
              }
            ],
            "line_idx": null
          }
        ],
        "line_idx": null
      },
      {
        "name": "under-reporters",
        "value": "under-reporters",
        "type": "string",
        "children_dict": [
          {
            "name": "mean grams",
            "value": "mean grams",
            "type": "string",
            "children_dict": [],
            "line_idx": 3
          },
          {
            "name": "95% confidence interval",
            "value": "95% confidence interval",
            "type": "string",
            "children_dict": [
              {
                "name": "from",
                "value": "from",
                "type": "string",
                "children_dict": [],
                "line_idx": 4
              },
              {
                "name": "to",
                "value": "to",
                "type": "string",
                "children_dict": [],
                "line_idx": 5
              }
            ],
            "line_idx": null
          }
        ],
        "line_idx": null
      },
      {
        "name": "plausible reporters",
        "value": "plausible reporters",
        "type": "string",
        "children_dict": [
          {
            "name": "mean grams",
            "value": "mean grams",
            "type": "string",
            "children_dict": [],
            "line_idx": 6
          },
          {
            "name": "95% confidence interval",
            "value": "95% confidence interval",
            "type": "string",
            "children_dict": [
              {
                "name": "from",
                "value": "from",
                "type": "string",
                "children_dict": [],
                "line_idx": 7
              },
              {
                "name": "to",
                "value": "to",
                "type": "string",
                "children_dict": [],
                "line_idx": 8
              }
            ],
            "line_idx": null
          }
        ],
        "line_idx": null
      },
      {
        "name": "over-reporters",
        "value": "over-reporters",
        "type": "string",
        "children_dict": [
          {
            "name": "mean grams",
            "value": "mean grams",
            "type": "string",
            "children_dict": [],
            "line_idx": 9
          },
          {
            "name": "95% confidence interval",
            "value": "95% confidence interval",
            "type": "string",
            "children_dict": [
              {
                "name": "from",
                "value": "from",
                "type": "string",
                "children_dict": [],
                "line_idx": 10
              },
              {
                "name": "to",
                "value": "to",
                "type": "string",
                "children_dict": [],
                "line_idx": 11
              }
            ],
            "line_idx": null
          }
        ],
        "line_idx": null
      }
    ]
  },
  "left_root": {
    "name": "<LEFT>",
    "value": "<LEFT>",
    "type": "string",
    "line_idx": null,
    "children_dict": [
      {
        "name": "aged 2 to 8 years",
        "value": "aged 2 to 8 years",
        "type": "string",
        "children_dict": [
          {
            "name": "food and beverages",
            "value": "food and beverages",
            "type": "string",
            "children_dict": [
              {
                "name": "2004",
                "value": "2004",
                "type": "string",
                "children_dict": [],
                "line_idx": 2
              },
              {
                "name": "2015",
                "value": "2015",
                "type": "string",
                "children_dict": [],
                "line_idx": 3
              }
            ],
            "line_idx": 1
          },
          {
            "name": "food alone",
            "value": "food alone",
            "type": "string",
            "children_dict": [
              {
                "name": "2004",
                "value": "2004",
                "type": "string",
                "children_dict": [],
                "line_idx": 5
              },
              {
                "name": "2015",
                "value": "2015",
                "type": "string",
                "children_dict": [],
                "line_idx": 6
              }
            ],
            "line_idx": 4
          },
          {
            "name": "beverages alone",
            "value": "beverages alone",
            "type": "string",
            "children_dict": [
              {
                "name": "2004",
                "value": "2004",
                "type": "string",
                "children_dict": [],
                "line_idx": 8
              },
              {
                "name": "2015",
                "value": "2015",
                "type": "string",
                "children_dict": [],
                "line_idx": 9
              }
            ],
            "line_idx": 7
          }
        ],
        "line_idx": 0
      },
      {
        "name": "aged 9 to 18 years",
        "value": "aged 9 to 18 years",
        "type": "string",
        "children_dict": [
          {
            "name": "food and beverages",
            "value": "food and beverages",
            "type": "string",
            "children_dict": [
              {
                "name": "2004",
                "value": "2004",
                "type": "string",
                "children_dict": [],
                "line_idx": 12
              },
              {
                "name": "2015",
                "value": "2015",
                "type": "string",
                "children_dict": [],
                "line_idx": 13
              }
            ],
            "line_idx": 11
          },
          {
            "name": "food alone",
            "value": "food alone",
            "type": "string",
            "children_dict": [
              {
                "name": "2004",
                "value": "2004",
                "type": "string",
                "children_dict": [],
                "line_idx": 15
              },
              {
                "name": "2015",
                "value": "2015",
                "type": "string",
                "children_dict": [],
                "line_idx": 16
              }
            ],
            "line_idx": 14
          },
          {
            "name": "beverages alone",
            "value": "beverages alone",
            "type": "string",
            "children_dict": [
              {
                "name": "2004",
                "value": "2004",
                "type": "string",
                "children_dict": [],
                "line_idx": 18
              },
              {
                "name": "2015",
                "value": "2015",
                "type": "string",
                "children_dict": [],
                "line_idx": 19
              }
            ],
            "line_idx": 17
          }
        ],
        "line_idx": 10
      }
    ]
  },
  "data": [
    [
      {
        "value": ""
      },
      {
        "value": ""
      },
      {
        "value": ""
      },
      {
        "value": ""
      },
      {
        "value": ""
      },
      {
        "value": ""
      },
      {
        "value": ""
      },
      {
        "value": ""
      },
      {
        "value": ""
      },
      {
        "value": ""
      },
      {
        "value": ""
      },
      {
        "value": ""
      }
    ],
    [
      {
        "value": ""
      },
      {
        "value": ""
      },
      {
        "value": ""
      },
      {
        "value": ""
      },
      {
        "value": ""
      },
      {
        "value": ""
      },
      {
        "value": ""
      },
      {
        "value": ""
      },
      {
        "value": ""
      },
      {
        "value": ""
      },
      {
        "value": ""
      },
      {
        "value": ""
      }
    ],
    [
      {
        "value": 104.0
      },
      {
        "value": 101.0
      },
      {
        "value": 108.0
      },
      {
        "value": 52.0
      },
      {
        "value": 46.0
      },
      {
        "value": 57.0
      },
      {
        "value": 95.0
      },
      {
        "value": 92.0
      },
      {
        "value": 99.0
      },
      {
        "value": 139.0
      },
      {
        "value": 130.0
      },
      {
        "value": 147.0
      }
    ],
    [
      {
        "value": 101.0
      },
      {
        "value": 97.0
      },
      {
        "value": 105.0
      },
      {
        "value": 59.0
      },
      {
        "value": 50.0
      },
      {
        "value": 68.0
      },
      {
        "value": 98.0
      },
      {
        "value": 94.0
      },
      {
        "value": 102.0
      },
      {
        "value": 145.0
      },
      {
        "value": 136.0
      },
      {
        "value": 155.0
      }
    ],
    [
      {
        "value": ""
      },
      {
        "value": ""
      },
      {
        "value": ""
      },
      {
        "value": ""
      },
      {
        "value": ""
      },
      {
        "value": ""
      },
      {
        "value": ""
      },
      {
        "value": ""
      },
      {
        "value": ""
      },
      {
        "value": ""
      },
      {
        "value": ""
      },
      {
        "value": ""
      }
    ],
    [
      {
        "value": 53.0
      },
      {
        "value": 51.0
      },
      {
        "value": 56.0
      },
      {
        "value": 23.0
      },
      {
        "value": 19.0
      },
      {
        "value": 27.0
      },
      {
        "value": 48.0
      },
      {
        "value": 45.0
      },
      {
        "value": 50.0
      },
      {
        "value": 74.0
      },
      {
        "value": 68.0
      },
      {
        "value": 80.0
      }
    ],
    [
      {
        "value": 65.0
      },
      {
        "value": 62.0
      },
      {
        "value": 68.0
      },
      {
        "value": 36.0
      },
      {
        "value": 31.0
      },
      {
        "value": 42.0
      },
      {
        "value": 63.0
      },
      {
        "value": 60.0
      },
      {
        "value": 66.0
      },
      {
        "value": 93.0
      },
      {
        "value": 83.0
      },
      {
        "value": 103.0
      }
    ],
    [
      {
        "value": ""
      },
      {
        "value": ""
      },
      {
        "value": ""
      },
      {
        "value": ""
      },
      {
        "value": ""
      },
      {
        "value": ""
      },
      {
        "value": ""
      },
      {
        "value": ""
      },
      {
        "value": ""
      },
      {
        "value": ""
      },
      {
        "value": ""
      },
      {
        "value": ""
      }
    ],
    [
      {
        "value": 51.0
      },
      {
        "value": 49.0
      },
      {
        "value": 53.0
      },
      {
        "value": 29.0
      },
      {
        "value": 24.0
      },
      {
        "value": 34.0
      },
      {
        "value": 48.0
      },
      {
        "value": 45.0
      },
      {
        "value": 50.0
      },
      {
        "value": 65.0
      },
      {
        "value": 59.0
      },
      {
        "value": 71.0
      }
    ],
    [
      {
        "value": 36.0
      },
      {
        "value": 34.0
      },
      {
        "value": 39.0
      },
      {
        "value": 22.0
      },
      {
        "value": 17.0
      },
      {
        "value": 28.0
      },
      {
        "value": 35.0
      },
      {
        "value": 33.0
      },
      {
        "value": 38.0
      },
      {
        "value": 52.0
      },
      {
        "value": 47.0
      },
      {
        "value": 57.0
      }
    ],
    [
      {
        "value": ""
      },
      {
        "value": ""
      },
      {
        "value": ""
      },
      {
        "value": ""
      },
      {
        "value": ""
      },
      {
        "value": ""
      },
      {
        "value": ""
      },
      {
        "value": ""
      },
      {
        "value": ""
      },
      {
        "value": ""
      },
      {
        "value": ""
      },
      {
        "value": ""
      }
    ],
    [
      {
        "value": ""
      },
      {
        "value": ""
      },
      {
        "value": ""
      },
      {
        "value": ""
      },
      {
        "value": ""
      },
      {
        "value": ""
      },
      {
        "value": ""
      },
      {
        "value": ""
      },
      {
        "value": ""
      },
      {
        "value": ""
      },
      {
        "value": ""
      },
      {
        "value": ""
      }
    ],
    [
      {
        "value": 128.0
      },
      {
        "value": 124.0
      },
      {
        "value": 131.0
      },
      {
        "value": 65.0
      },
      {
        "value": 61.0
      },
      {
        "value": 69.0
      },
      {
        "value": 119.0
      },
      {
        "value": 116.0
      },
      {
        "value": 122.0
      },
      {
        "value": 199.0
      },
      {
        "value": 190.0
      },
      {
        "value": 209.0
      }
    ],
    [
      {
        "value": 115.0
      },
      {
        "value": 111.0
      },
      {
        "value": 120.0
      },
      {
        "value": 70.0
      },
      {
        "value": 66.0
      },
      {
        "value": 75.0
      },
      {
        "value": 116.0
      },
      {
        "value": 113.0
      },
      {
        "value": 120.0
      },
      {
        "value": 204.0
      },
      {
        "value": 182.0
      },
      {
        "value": 226.0
      }
    ],
    [
      {
        "value": ""
      },
      {
        "value": ""
      },
      {
        "value": ""
      },
      {
        "value": ""
      },
      {
        "value": ""
      },
      {
        "value": ""
      },
      {
        "value": ""
      },
      {
        "value": ""
      },
      {
        "value": ""
      },
      {
        "value": ""
      },
      {
        "value": ""
      },
      {
        "value": ""
      }
    ],
    [
      {
        "value": 61.0
      },
      {
        "value": 59.0
      },
      {
        "value": 64.0
      },
      {
        "value": 27.0
      },
      {
        "value": 25.0
      },
      {
        "value": 29.0
      },
      {
        "value": 56.0
      },
      {
        "value": 53.0
      },
      {
        "value": 58.0
      },
      {
        "value": 103.0
      },
      {
        "value": 95.0
      },
      {
        "value": 111.0
      }
    ],
    [
      {
        "value": 69.0
      },
      {
        "value": 67.0
      },
      {
        "value": 72.0
      },
      {
        "value": 41.0
      },
      {
        "value": 38.0
      },
      {
        "value": 45.0
      },
      {
        "value": 70.0
      },
      {
        "value": 67.0
      },
      {
        "value": 72.0
      },
      {
        "value": 125.0
      },
      {
        "value": 114.0
      },
      {
        "value": 137.0
      }
    ],
    [
      {
        "value": ""
      },
      {
        "value": ""
      },
      {
        "value": ""
      },
      {
        "value": ""
      },
      {
        "value": ""
      },
      {
        "value": ""
      },
      {
        "value": ""
      },
      {
        "value": ""
      },
      {
        "value": ""
      },
      {
        "value": ""
      },
      {
        "value": ""
      },
      {
        "value": ""
      }
    ],
    [
      {
        "value": 66.0
      },
      {
        "value": 64.0
      },
      {
        "value": 69.0
      },
      {
        "value": 37.0
      },
      {
        "value": 34.0
      },
      {
        "value": 41.0
      },
      {
        "value": 63.0
      },
      {
        "value": 61.0
      },
      {
        "value": 66.0
      },
      {
        "value": 96.0
      },
      {
        "value": 89.0
      },
      {
        "value": 103.0
      }
    ],
    [
      {
        "value": 46.0
      },
      {
        "value": 43.0
      },
      {
        "value": 49.0
      },
      {
        "value": 29.0
      },
      {
        "value": 26.0
      },
      {
        "value": 32.0
      },
      {
        "value": 47.0
      },
      {
        "value": 44.0
      },
      {
        "value": 50.0
      },
      {
        "value": 79.0
      },
      {
        "value": 58.0
      },
      {
        "value": 100.0
      }
    ]
  ]
}