{
  "title": "students at canadian military colleges who personally experienced unwanted sexualized or discriminatory behaviours in a postsecondary setting in the past 12 months, by student characteristics, 2019",
  "top_root": {
    "name": "<TOP>",
    "value": "<TOP>",
    "type": "string",
    "line_idx": null,
    "children_dict": [
      {
        "name": "unwanted sexualized behaviours",
        "value": "unwanted sexualized behaviours",
        "type": "string",
        "children_dict": [
          {
            "name": "percent",
            "value": "percent",
            "type": "string",
            "children_dict": [],
            "line_idx": 0
          },
          {
            "name": "95% confidence interval",
            "value": "95% confidence interval",
            "type": "string",
            "children_dict": [
              {
                "name": "from",
                "value": "from",
                "type": "string",
                "children_dict": [],
                "line_idx": 1
              },
              {
                "name": "to",
                "value": "to",
                "type": "string",
                "children_dict": [],
                "line_idx": 2
              }
            ],
            "line_idx": null
          }
        ],
        "line_idx": null
      },
      {
        "name": "discriminatory behaviours",
        "value": "discriminatory behaviours",
        "type": "string",
        "children_dict": [
          {
            "name": "percent",
            "value": "percent",
            "type": "string",
            "children_dict": [],
            "line_idx": 3
          },
          {
            "name": "95% confidence interval",
            "value": "95% confidence interval",
            "type": "string",
            "children_dict": [
              {
                "name": "from",
                "value": "from",
                "type": "string",
                "children_dict": [],
                "line_idx": 4
              },
              {
                "name": "to",
                "value": "to",
                "type": "string",
                "children_dict": [],
                "line_idx": 5
              }
            ],
            "line_idx": null
          }
        ],
        "line_idx": null
      }
    ]
  },
  "left_root": {
    "name": "<LEFT>",
    "value": "<LEFT>",
    "type": "string",
    "line_idx": null,
    "children_dict": [
      {
        "name": "age group",
        "value": "age group",
        "type": "string",
        "children_dict": [
          {
            "name": "17 to 19",
            "value": "17 to 19",
            "type": "string",
            "children_dict": [],
            "line_idx": 1
          },
          {
            "name": "20 to 22",
            "value": "20 to 22",
            "type": "string",
            "children_dict": [],
            "line_idx": 2
          },
          {
            "name": "23 to 25",
            "value": "23 to 25",
            "type": "string",
            "children_dict": [],
            "line_idx": 3
          },
          {
            "name": "25 years or older",
            "value": "25 years or older",
            "type": "string",
            "children_dict": [],
            "line_idx": 4
          }
        ],
        "line_idx": 0
      },
      {
        "name": "visible minority status",
        "value": "visible minority status",
        "type": "string",
        "children_dict": [
          {
            "name": "visible minority",
            "value": "visible minority",
            "type": "string",
            "children_dict": [],
            "line_idx": 6
          },
          {
            "name": "not a visible minority",
            "value": "not a visible minority",
            "type": "string",
            "children_dict": [],
            "line_idx": 7
          }
        ],
        "line_idx": 5
      },
      {
        "name": "first nations, metis, and inuit (indigenous) identity",
        "value": "first nations, metis, and inuit (indigenous) identity",
        "type": "string",
        "children_dict": [
          {
            "name": "indigenous",
            "value": "indigenous",
            "type": "string",
            "children_dict": [],
            "line_idx": 9
          },
          {
            "name": "not indigenous",
            "value": "not indigenous",
            "type": "string",
            "children_dict": [],
            "line_idx": 10
          }
        ],
        "line_idx": 8
      },
      {
        "name": "sexual orientation",
        "value": "sexual orientation",
        "type": "string",
        "children_dict": [
          {
            "name": "heterosexual",
            "value": "heterosexual",
            "type": "string",
            "children_dict": [],
            "line_idx": 12
          },
          {
            "name": "non-heterosexual",
            "value": "non-heterosexual",
            "type": "string",
            "children_dict": [],
            "line_idx": 13
          }
        ],
        "line_idx": 11
      },
      {
        "name": "religious affiliation",
        "value": "religious affiliation",
        "type": "string",
        "children_dict": [
          {
            "name": "religious affiliation",
            "value": "religious affiliation",
            "type": "string",
            "children_dict": [],
            "line_idx": 15
          },
          {
            "name": "no religious affiliation",
            "value": "no religious affiliation",
            "type": "string",
            "children_dict": [],
            "line_idx": 16
          }
        ],
        "line_idx": 14
      },
      {
        "name": "disablility",
        "value": "disablility",
        "type": "string",
        "children_dict": [
          {
            "name": "living with a disability",
            "value": "living with a disability",
            "type": "string",
            "children_dict": [],
            "line_idx": 18
          },
          {
            "name": "not living with a disability",
            "value": "not living with a disability",
            "type": "string",
            "children_dict": [],
            "line_idx": 19
          }
        ],
        "line_idx": 17
      },
      {
        "name": "marital status",
        "value": "marital status",
        "type": "string",
        "children_dict": [
          {
            "name": "single",
            "value": "single",
            "type": "string",
            "children_dict": [],
            "line_idx": 21
          },
          {
            "name": "married or common law",
            "value": "married or common law",
            "type": "string",
            "children_dict": [],
            "line_idx": 22
          },
          {
            "name": "widowed, separated, divorced",
            "value": "widowed, separated, divorced",
            "type": "string",
            "children_dict": [],
            "line_idx": 23
          }
        ],
        "line_idx": 20
      },
      {
        "name": "dating status",
        "value": "dating status",
        "type": "string",
        "children_dict": [
          {
            "name": "not dating",
            "value": "not dating",
            "type": "string",
            "children_dict": [],
            "line_idx": 25
          },
          {
            "name": "dating relationship",
            "value": "dating relationship",
            "type": "string",
            "children_dict": [],
            "line_idx": 26
          },
          {
            "name": "dating casually",
            "value": "dating casually",
            "type": "string",
            "children_dict": [],
            "line_idx": 27
          }
        ],
        "line_idx": 24
      },
      {
        "name": "number of years at school",
        "value": "number of years at school",
        "type": "string",
        "children_dict": [
          {
            "name": "less than one year",
            "value": "less than one year",
            "type": "string",
            "children_dict": [],
            "line_idx": 29
          },
          {
            "name": "one or two years",
            "value": "one or two years",
            "type": "string",
            "children_dict": [],
            "line_idx": 30
          },
          {
            "name": "three or four years",
            "value": "three or four years",
            "type": "string",
            "children_dict": [],
            "line_idx": 31
          },
          {
            "name": "five or more years",
            "value": "five or more years",
            "type": "string",
            "children_dict": [],
            "line_idx": 32
          }
        ],
        "line_idx": 28
      },
      {
        "name": "type of student in the past 12 months",
        "value": "type of student in the past 12 months",
        "type": "string",
        "children_dict": [
          {
            "name": "full time",
            "value": "full time",
            "type": "string",
            "children_dict": [],
            "line_idx": 34
          },
          {
            "name": "part time",
            "value": "part time",
            "type": "string",
            "children_dict": [],
            "line_idx": 35
          },
          {
            "name": "both",
            "value": "both",
            "type": "string",
            "children_dict": [],
            "line_idx": 36
          }
        ],
        "line_idx": 33
      },
      {
        "name": "living arrangements",
        "value": "living arrangements",
        "type": "string",
        "children_dict": [
          {
            "name": "campus housing",
            "value": "campus housing",
            "type": "string",
            "children_dict": [],
            "line_idx": 38
          },
          {
            "name": "off campus",
            "value": "off campus",
            "type": "string",
            "children_dict": [],
            "line_idx": 39
          },
          {
            "name": "with parents or family",
            "value": "with parents or family",
            "type": "string",
            "children_dict": [],
            "line_idx": 40
          },
          {
            "name": "other",
            "value": "other",
            "type": "string",
            "children_dict": [],
            "line_idx": 41
          }
        ],
        "line_idx": 37
      }
    ]
  },
  "data": [
    [
      {
        "value": ""
      },
      {
        "value": ""
      },
      {
        "value": ""
      },
      {
        "value": ""
      },
      {
        "value": ""
      },
      {
        "value": ""
      }
    ],
    [
      {
        "value": 43.0
      },
      {
        "value": 37.0
      },
      {
        "value": 50.0
      },
      {
        "value": 20.0
      },
      {
        "value": 15.0
      },
      {
        "value": 25.0
      }
    ],
    [
      {
        "value": 46.0
      },
      {
        "value": 39.0
      },
      {
        "value": 52.0
      },
      {
        "value": 21.0
      },
      {
        "value": 16.0
      },
      {
        "value": 26.0
      }
    ],
    [
      {
        "value": ""
      },
      {
        "value": ""
      },
      {
        "value": ""
      },
      {
        "value": ""
      },
      {
        "value": ""
      },
      {
        "value": ""
      }
    ],
    [
      {
        "value": 12.0
      },
      {
        "value": 8.0
      },
      {
        "value": 18.0
      },
      {
        "value": ""
      },
      {
        "value": ""
      },
      {
        "value": ""
      }
    ],
    [
      {
        "value": ""
      },
      {
        "value": ""
      },
      {
        "value": ""
      },
      {
        "value": ""
      },
      {
        "value": ""
      },
      {
        "value": ""
      }
    ],
    [
      {
        "value": 29.0
      },
      {
        "value": 22.0
      },
      {
        "value": 38.0
      },
      {
        "value": 13.0
      },
      {
        "value": 8.0
      },
      {
        "value": 20.0
      }
    ],
    [
      {
        "value": 36.0
      },
      {
        "value": 33.0
      },
      {
        "value": 41.0
      },
      {
        "value": 18.0
      },
      {
        "value": 15.0
      },
      {
        "value": 22.0
      }
    ],
    [
      {
        "value": ""
      },
      {
        "value": ""
      },
      {
        "value": ""
      },
      {
        "value": ""
      },
      {
        "value": ""
      },
      {
        "value": ""
      }
    ],
    [
      {
        "value": ""
      },
      {
        "value": ""
      },
      {
        "value": ""
      },
      {
        "value": ""
      },
      {
        "value": ""
      },
      {
        "value": ""
      }
    ],
    [
      {
        "value": 36.0
      },
      {
        "value": 33.0
      },
      {
        "value": 40.0
      },
      {
        "value": 18.0
      },
      {
        "value": 15.0
      },
      {
        "value": 21.0
      }
    ],
    [
      {
        "value": ""
      },
      {
        "value": ""
      },
      {
        "value": ""
      },
      {
        "value": ""
      },
      {
        "value": ""
      },
      {
        "value": ""
      }
    ],
    [
      {
        "value": 33.0
      },
      {
        "value": 30.0
      },
      {
        "value": 37.0
      },
      {
        "value": 15.0
      },
      {
        "value": 12.0
      },
      {
        "value": 18.0
      }
    ],
    [
      {
        "value": 62.0
      },
      {
        "value": 47.0
      },
      {
        "value": 74.0
      },
      {
        "value": 50.0
      },
      {
        "value": 36.0
      },
      {
        "value": 63.0
      }
    ],
    [
      {
        "value": ""
      },
      {
        "value": ""
      },
      {
        "value": ""
      },
      {
        "value": ""
      },
      {
        "value": ""
      },
      {
        "value": ""
      }
    ],
    [
      {
        "value": 32.0
      },
      {
        "value": 27.0
      },
      {
        "value": 37.0
      },
      {
        "value": 16.0
      },
      {
        "value": 12.0
      },
      {
        "value": 20.0
      }
    ],
    [
      {
        "value": 39.0
      },
      {
        "value": 34.0
      },
      {
        "value": 44.0
      },
      {
        "value": 19.0
      },
      {
        "value": 15.0
      },
      {
        "value": 23.0
      }
    ],
    [
      {
        "value": ""
      },
      {
        "value": ""
      },
      {
        "value": ""
      },
      {
        "value": ""
      },
      {
        "value": ""
      },
      {
        "value": ""
      }
    ],
    [
      {
        "value": 46.0
      },
      {
        "value": 38.0
      },
      {
        "value": 54.0
      },
      {
        "value": 28.0
      },
      {
        "value": 22.0
      },
      {
        "value": 35.0
      }
    ],
    [
      {
        "value": 32.0
      },
      {
        "value": 28.0
      },
      {
        "value": 36.0
      },
      {
        "value": 14.0
      },
      {
        "value": 11.0
      },
      {
        "value": 17.0
      }
    ],
    [
      {
        "value": ""
      },
      {
        "value": ""
      },
      {
        "value": ""
      },
      {
        "value": ""
      },
      {
        "value": ""
      },
      {
        "value": ""
      }
    ],
    [
      {
        "value": 42.0
      },
      {
        "value": 37.0
      },
      {
        "value": 46.0
      },
      {
        "value": 19.0
      },
      {
        "value": 16.0
      },
      {
        "value": 23.0
      }
    ],
    [
      {
        "value": 14.0
      },
      {
        "value": 10.0
      },
      {
        "value": 20.0
      },
      {
        "value": 10.0
      },
      {
        "value": 6.0
      },
      {
        "value": 17.0
      }
    ],
    [
      {
        "value": ""
      },
      {
        "value": ""
      },
      {
        "value": ""
      },
      {
        "value": ""
      },
      {
        "value": ""
      },
      {
        "value": ""
      }
    ],
    [
      {
        "value": ""
      },
      {
        "value": ""
      },
      {
        "value": ""
      },
      {
        "value": ""
      },
      {
        "value": ""
      },
      {
        "value": ""
      }
    ],
    [
      {
        "value": 38.0
      },
      {
        "value": 33.0
      },
      {
        "value": 44.0
      },
      {
        "value": 18.0
      },
      {
        "value": 14.0
      },
      {
        "value": 23.0
      }
    ],
    [
      {
        "value": 47.0
      },
      {
        "value": 40.0
      },
      {
        "value": 55.0
      },
      {
        "value": 20.0
      },
      {
        "value": 15.0
      },
      {
        "value": 27.0
      }
    ],
    [
      {
        "value": 36.0
      },
      {
        "value": 23.0
      },
      {
        "value": 50.0
      },
      {
        "value": ""
      },
      {
        "value": ""
      },
      {
        "value": ""
      }
    ],
    [
      {
        "value": ""
      },
      {
        "value": ""
      },
      {
        "value": ""
      },
      {
        "value": ""
      },
      {
        "value": ""
      },
      {
        "value": ""
      }
    ],
    [
      {
        "value": 41.0
      },
      {
        "value": 34.0
      },
      {
        "value": 50.0
      },
      {
        "value": 20.0
      },
      {
        "value": 14.0
      },
      {
        "value": 29.0
      }
    ],
    [
      {
        "value": 40.0
      },
      {
        "value": 32.0
      },
      {
        "value": 49.0
      },
      {
        "value": 15.0
      },
      {
        "value": 10.0
      },
      {
        "value": 22.0
      }
    ],
    [
      {
        "value": 40.0
      },
      {
        "value": 34.0
      },
      {
        "value": 47.0
      },
      {
        "value": 19.0
      },
      {
        "value": 14.0
      },
      {
        "value": 24.0
      }
    ],
    [
      {
        "value": 22.0
      },
      {
        "value": 16.0
      },
      {
        "value": 29.0
      },
      {
        "value": 15.0
      },
      {
        "value": 10.0
      },
      {
        "value": 21.0
      }
    ],
    [
      {
        "value": ""
      },
      {
        "value": ""
      },
      {
        "value": ""
      },
      {
        "value": ""
      },
      {
        "value": ""
      },
      {
        "value": ""
      }
    ],
    [
      {
        "value": 38.0
      },
      {
        "value": 34.0
      },
      {
        "value": 41.0
      },
      {
        "value": 18.0
      },
      {
        "value": 15.0
      },
      {
        "value": 21.0
      }
    ],
    [
      {
        "value": ""
      },
      {
        "value": ""
      },
      {
        "value": ""
      },
      {
        "value": ""
      },
      {
        "value": ""
      },
      {
        "value": ""
      }
    ],
    [
      {
        "value": ""
      },
      {
        "value": ""
      },
      {
        "value": ""
      },
      {
        "value": ""
      },
      {
        "value": ""
      },
      {
        "value": ""
      }
    ],
    [
      {
        "value": ""
      },
      {
        "value": ""
      },
      {
        "value": ""
      },
      {
        "value": ""
      },
      {
        "value": ""
      },
      {
        "value": ""
      }
    ],
    [
      {
        "value": 42.0
      },
      {
        "value": 38.0
      },
      {
        "value": 47.0
      },
      {
        "value": 19.0
      },
      {
        "value": 16.0
      },
      {
        "value": 23.0
      }
    ],
    [
      {
        "value": 11.0
      },
      {
        "value": 7.0
      },
      {
        "value": 18.0
      },
      {
        "value": ""
      },
      {
        "value": ""
      },
      {
        "value": ""
      }
    ],
    [
      {
        "value": ""
      },
      {
        "value": ""
      },
      {
        "value": ""
      },
      {
        "value": ""
      },
      {
        "value": ""
      },
      {
        "value": ""
      }
    ],
    [
      {
        "value": ""
      },
      {
        "value": ""
      },
      {
        "value": ""
      },
      {
        "value": ""
      },
      {
        "value": ""
      },
      {
        "value": ""
      }
    ]
  ]
}