{
  "title": "canadian military college students' beliefs about personal safety, by whether or not they were sexually assaulted or experienced unwanted sexualized behaviours in the postsecondary setting in the past 12 months, 2019",
  "top_root": {
    "name": "<TOP>",
    "value": "<TOP>",
    "type": "string",
    "line_idx": null,
    "children_dict": [
      {
        "name": "experienced sexual assault",
        "value": "experienced sexual assault",
        "type": "string",
        "children_dict": [
          {
            "name": "percent",
            "value": "percent",
            "type": "string",
            "children_dict": [],
            "line_idx": 0
          },
          {
            "name": "95% confidence interval",
            "value": "95% confidence interval",
            "type": "string",
            "children_dict": [
              {
                "name": "from",
                "value": "from",
                "type": "string",
                "children_dict": [],
                "line_idx": 1
              },
              {
                "name": "to",
                "value": "to",
                "type": "string",
                "children_dict": [],
                "line_idx": 2
              }
            ],
            "line_idx": null
          }
        ],
        "line_idx": null
      },
      {
        "name": "did not experience sexual assault",
        "value": "did not experience sexual assault",
        "type": "string",
        "children_dict": [
          {
            "name": "percent",
            "value": "percent",
            "type": "string",
            "children_dict": [],
            "line_idx": 3
          },
          {
            "name": "95% confidence interval",
            "value": "95% confidence interval",
            "type": "string",
            "children_dict": [
              {
                "name": "from",
                "value": "from",
                "type": "string",
                "children_dict": [],
                "line_idx": 4
              },
              {
                "name": "to",
                "value": "to",
                "type": "string",
                "children_dict": [],
                "line_idx": 5
              }
            ],
            "line_idx": null
          }
        ],
        "line_idx": null
      },
      {
        "name": "experienced unwanted sexualized behaviours",
        "value": "experienced unwanted sexualized behaviours",
        "type": "string",
        "children_dict": [
          {
            "name": "percent",
            "value": "percent",
            "type": "string",
            "children_dict": [],
            "line_idx": 6
          },
          {
            "name": "95% confidence interval",
            "value": "95% confidence interval",
            "type": "string",
            "children_dict": [
              {
                "name": "from",
                "value": "from",
                "type": "string",
                "children_dict": [],
                "line_idx": 7
              },
              {
                "name": "to",
                "value": "to",
                "type": "string",
                "children_dict": [],
                "line_idx": 8
              }
            ],
            "line_idx": null
          }
        ],
        "line_idx": null
      },
      {
        "name": "did not experience unwanted sexualized behaviours",
        "value": "did not experience unwanted sexualized behaviours",
        "type": "string",
        "children_dict": [
          {
            "name": "percent",
            "value": "percent",
            "type": "string",
            "children_dict": [],
            "line_idx": 9
          },
          {
            "name": "95% confidence interval",
            "value": "95% confidence interval",
            "type": "string",
            "children_dict": [
              {
                "name": "from",
                "value": "from",
                "type": "string",
                "children_dict": [],
                "line_idx": 10
              },
              {
                "name": "to",
                "value": "to",
                "type": "string",
                "children_dict": [],
                "line_idx": 11
              }
            ],
            "line_idx": null
          }
        ],
        "line_idx": null
      }
    ]
  },
  "left_root": {
    "name": "<LEFT>",
    "value": "<LEFT>",
    "type": "string",
    "line_idx": null,
    "children_dict": [
      {
        "name": "school tries hard to ensure student safety",
        "value": "school tries hard to ensure student safety",
        "type": "string",
        "children_dict": [
          {
            "name": "agree or strongly agree",
            "value": "agree or strongly agree",
            "type": "string",
            "children_dict": [],
            "line_idx": 1
          },
          {
            "name": "neither agree nor disagree",
            "value": "neither agree nor disagree",
            "type": "string",
            "children_dict": [],
            "line_idx": 2
          },
          {
            "name": "disagree or strongly disagree",
            "value": "disagree or strongly disagree",
            "type": "string",
            "children_dict": [],
            "line_idx": 3
          }
        ],
        "line_idx": 0
      },
      {
        "name": "feel safe on school campus",
        "value": "feel safe on school campus",
        "type": "string",
        "children_dict": [
          {
            "name": "agree or strongly agree",
            "value": "agree or strongly agree",
            "type": "string",
            "children_dict": [],
            "line_idx": 5
          },
          {
            "name": "neither agree nor disagree",
            "value": "neither agree nor disagree",
            "type": "string",
            "children_dict": [],
            "line_idx": 6
          },
          {
            "name": "disagree or strongly disagree",
            "value": "disagree or strongly disagree",
            "type": "string",
            "children_dict": [],
            "line_idx": 7
          }
        ],
        "line_idx": 4
      },
      {
        "name": "feel safe walking alone on campus after dark",
        "value": "feel safe walking alone on campus after dark",
        "type": "string",
        "children_dict": [
          {
            "name": "agree or strongly agree",
            "value": "agree or strongly agree",
            "type": "string",
            "children_dict": [],
            "line_idx": 9
          },
          {
            "name": "neither agree nor disagree",
            "value": "neither agree nor disagree",
            "type": "string",
            "children_dict": [],
            "line_idx": 10
          },
          {
            "name": "disagree or strongly disagree",
            "value": "disagree or strongly disagree",
            "type": "string",
            "children_dict": [],
            "line_idx": 11
          }
        ],
        "line_idx": 8
      },
      {
        "name": "feel safe using public transportation alone after dark",
        "value": "feel safe using public transportation alone after dark",
        "type": "string",
        "children_dict": [
          {
            "name": "agree or strongly agree",
            "value": "agree or strongly agree",
            "type": "string",
            "children_dict": [],
            "line_idx": 13
          },
          {
            "name": "neither agree nor disagree",
            "value": "neither agree nor disagree",
            "type": "string",
            "children_dict": [],
            "line_idx": 14
          },
          {
            "name": "disagree or strongly disagree",
            "value": "disagree or strongly disagree",
            "type": "string",
            "children_dict": [],
            "line_idx": 15
          }
        ],
        "line_idx": 12
      },
      {
        "name": "feel safe at home alone after dark",
        "value": "feel safe at home alone after dark",
        "type": "string",
        "children_dict": [
          {
            "name": "agree or strongly agree",
            "value": "agree or strongly agree",
            "type": "string",
            "children_dict": [],
            "line_idx": 17
          },
          {
            "name": "neither agree nor disagree",
            "value": "neither agree nor disagree",
            "type": "string",
            "children_dict": [],
            "line_idx": 18
          },
          {
            "name": "disagree or strongly disagree",
            "value": "disagree or strongly disagree",
            "type": "string",
            "children_dict": [],
            "line_idx": 19
          }
        ],
        "line_idx": 16
      },
      {
        "name": "feel safe and not fearful of who they are or are perceived to be",
        "value": "feel safe and not fearful of who they are or are perceived to be",
        "type": "string",
        "children_dict": [
          {
            "name": "agree or strongly agree",
            "value": "agree or strongly agree",
            "type": "string",
            "children_dict": [],
            "line_idx": 21
          },
          {
            "name": "neither agree nor disagree",
            "value": "neither agree nor disagree",
            "type": "string",
            "children_dict": [],
            "line_idx": 22
          },
          {
            "name": "disagree or strongly disagree",
            "value": "disagree or strongly disagree",
            "type": "string",
            "children_dict": [],
            "line_idx": 23
          }
        ],
        "line_idx": 20
      }
    ]
  },
  "data": [
    [
      {
        "value": ""
      },
      {
        "value": ""
      },
      {
        "value": ""
      },
      {
        "value": ""
      },
      {
        "value": ""
      },
      {
        "value": ""
      },
      {
        "value": ""
      },
      {
        "value": ""
      },
      {
        "value": ""
      },
      {
        "value": ""
      },
      {
        "value": ""
      },
      {
        "value": ""
      }
    ],
    [
      {
        "value": 79.0
      },
      {
        "value": 63.0
      },
      {
        "value": 90.0
      },
      {
        "value": 91.0
      },
      {
        "value": 88.0
      },
      {
        "value": 93.0
      },
      {
        "value": 89.0
      },
      {
        "value": 85.0
      },
      {
        "value": 93.0
      },
      {
        "value": 89.0
      },
      {
        "value": 85.0
      },
      {
        "value": 91.0
      }
    ],
    [
      {
        "value": ""
      },
      {
        "value": ""
      },
      {
        "value": ""
      },
      {
        "value": 7.0
      },
      {
        "value": 5.0
      },
      {
        "value": 9.0
      },
      {
        "value": ""
      },
      {
        "value": ""
      },
      {
        "value": ""
      },
      {
        "value": 9.0
      },
      {
        "value": 7.0
      },
      {
        "value": 12.0
      }
    ],
    [
      {
        "value": ""
      },
      {
        "value": ""
      },
      {
        "value": ""
      },
      {
        "value": ""
      },
      {
        "value": ""
      },
      {
        "value": ""
      },
      {
        "value": ""
      },
      {
        "value": ""
      },
      {
        "value": ""
      },
      {
        "value": ""
      },
      {
        "value": ""
      },
      {
        "value": ""
      }
    ],
    [
      {
        "value": ""
      },
      {
        "value": ""
      },
      {
        "value": ""
      },
      {
        "value": ""
      },
      {
        "value": ""
      },
      {
        "value": ""
      },
      {
        "value": ""
      },
      {
        "value": ""
      },
      {
        "value": ""
      },
      {
        "value": ""
      },
      {
        "value": ""
      },
      {
        "value": ""
      }
    ],
    [
      {
        "value": 82.0
      },
      {
        "value": 67.0
      },
      {
        "value": 91.0
      },
      {
        "value": 94.0
      },
      {
        "value": 92.0
      },
      {
        "value": 95.0
      },
      {
        "value": 91.0
      },
      {
        "value": 87.0
      },
      {
        "value": 94.0
      },
      {
        "value": 92.0
      },
      {
        "value": 89.0
      },
      {
        "value": 94.0
      }
    ],
    [
      {
        "value": ""
      },
      {
        "value": ""
      },
      {
        "value": ""
      },
      {
        "value": 4.0
      },
      {
        "value": 3.0
      },
      {
        "value": 6.0
      },
      {
        "value": ""
      },
      {
        "value": ""
      },
      {
        "value": ""
      },
      {
        "value": 5.0
      },
      {
        "value": 4.0
      },
      {
        "value": 8.0
      }
    ],
    [
      {
        "value": ""
      },
      {
        "value": ""
      },
      {
        "value": ""
      },
      {
        "value": ""
      },
      {
        "value": ""
      },
      {
        "value": ""
      },
      {
        "value": ""
      },
      {
        "value": ""
      },
      {
        "value": ""
      },
      {
        "value": ""
      },
      {
        "value": ""
      },
      {
        "value": ""
      }
    ],
    [
      {
        "value": ""
      },
      {
        "value": ""
      },
      {
        "value": ""
      },
      {
        "value": ""
      },
      {
        "value": ""
      },
      {
        "value": ""
      },
      {
        "value": ""
      },
      {
        "value": ""
      },
      {
        "value": ""
      },
      {
        "value": ""
      },
      {
        "value": ""
      },
      {
        "value": ""
      }
    ],
    [
      {
        "value": 82.0
      },
      {
        "value": 67.0
      },
      {
        "value": 91.0
      },
      {
        "value": 92.0
      },
      {
        "value": 90.0
      },
      {
        "value": 94.0
      },
      {
        "value": 89.0
      },
      {
        "value": 85.0
      },
      {
        "value": 92.0
      },
      {
        "value": 91.0
      },
      {
        "value": 88.0
      },
      {
        "value": 94.0
      }
    ],
    [
      {
        "value": ""
      },
      {
        "value": ""
      },
      {
        "value": ""
      },
      {
        "value": 5.0
      },
      {
        "value": 4.0
      },
      {
        "value": 7.0
      },
      {
        "value": ""
      },
      {
        "value": ""
      },
      {
        "value": ""
      },
      {
        "value": 7.0
      },
      {
        "value": 5.0
      },
      {
        "value": 10.0
      }
    ],
    [
      {
        "value": ""
      },
      {
        "value": ""
      },
      {
        "value": ""
      },
      {
        "value": ""
      },
      {
        "value": ""
      },
      {
        "value": ""
      },
      {
        "value": ""
      },
      {
        "value": ""
      },
      {
        "value": ""
      },
      {
        "value": ""
      },
      {
        "value": ""
      },
      {
        "value": ""
      }
    ],
    [
      {
        "value": ""
      },
      {
        "value": ""
      },
      {
        "value": ""
      },
      {
        "value": ""
      },
      {
        "value": ""
      },
      {
        "value": ""
      },
      {
        "value": ""
      },
      {
        "value": ""
      },
      {
        "value": ""
      },
      {
        "value": ""
      },
      {
        "value": ""
      },
      {
        "value": ""
      }
    ],
    [
      {
        "value": 57.0
      },
      {
        "value": 41.0
      },
      {
        "value": 72.0
      },
      {
        "value": 83.0
      },
      {
        "value": 80.0
      },
      {
        "value": 86.0
      },
      {
        "value": 73.0
      },
      {
        "value": 68.0
      },
      {
        "value": 78.0
      },
      {
        "value": 84.0
      },
      {
        "value": 80.0
      },
      {
        "value": 87.0
      }
    ],
    [
      {
        "value": ""
      },
      {
        "value": ""
      },
      {
        "value": ""
      },
      {
        "value": 10.0
      },
      {
        "value": 8.0
      },
      {
        "value": 13.0
      },
      {
        "value": 10.0
      },
      {
        "value": 7.0
      },
      {
        "value": 15.0
      },
      {
        "value": 11.0
      },
      {
        "value": 8.0
      },
      {
        "value": 15.0
      }
    ],
    [
      {
        "value": ""
      },
      {
        "value": ""
      },
      {
        "value": ""
      },
      {
        "value": 5.0
      },
      {
        "value": 4.0
      },
      {
        "value": 8.0
      },
      {
        "value": 13.0
      },
      {
        "value": 9.0
      },
      {
        "value": 18.0
      },
      {
        "value": 4.0
      },
      {
        "value": 2.0
      },
      {
        "value": 6.0
      }
    ],
    [
      {
        "value": ""
      },
      {
        "value": ""
      },
      {
        "value": ""
      },
      {
        "value": ""
      },
      {
        "value": ""
      },
      {
        "value": ""
      },
      {
        "value": ""
      },
      {
        "value": ""
      },
      {
        "value": ""
      },
      {
        "value": ""
      },
      {
        "value": ""
      },
      {
        "value": ""
      }
    ],
    [
      {
        "value": 88.0
      },
      {
        "value": 75.0
      },
      {
        "value": 95.0
      },
      {
        "value": 95.0
      },
      {
        "value": 94.0
      },
      {
        "value": 97.0
      },
      {
        "value": 93.0
      },
      {
        "value": 89.0
      },
      {
        "value": 95.0
      },
      {
        "value": 94.0
      },
      {
        "value": 92.0
      },
      {
        "value": 96.0
      }
    ],
    [
      {
        "value": ""
      },
      {
        "value": ""
      },
      {
        "value": ""
      },
      {
        "value": 3.0
      },
      {
        "value": 2.0
      },
      {
        "value": 4.0
      },
      {
        "value": ""
      },
      {
        "value": ""
      },
      {
        "value": ""
      },
      {
        "value": 4.0
      },
      {
        "value": 3.0
      },
      {
        "value": 7.0
      }
    ],
    [
      {
        "value": ""
      },
      {
        "value": ""
      },
      {
        "value": ""
      },
      {
        "value": ""
      },
      {
        "value": ""
      },
      {
        "value": ""
      },
      {
        "value": ""
      },
      {
        "value": ""
      },
      {
        "value": ""
      },
      {
        "value": ""
      },
      {
        "value": ""
      },
      {
        "value": ""
      }
    ],
    [
      {
        "value": ""
      },
      {
        "value": ""
      },
      {
        "value": ""
      },
      {
        "value": ""
      },
      {
        "value": ""
      },
      {
        "value": ""
      },
      {
        "value": ""
      },
      {
        "value": ""
      },
      {
        "value": ""
      },
      {
        "value": ""
      },
      {
        "value": ""
      },
      {
        "value": ""
      }
    ],
    [
      {
        "value": 70.0
      },
      {
        "value": 54.0
      },
      {
        "value": 82.0
      },
      {
        "value": 91.0
      },
      {
        "value": 88.0
      },
      {
        "value": 93.0
      },
      {
        "value": 85.0
      },
      {
        "value": 80.0
      },
      {
        "value": 89.0
      },
      {
        "value": 90.0
      },
      {
        "value": 87.0
      },
      {
        "value": 92.0
      }
    ],
    [
      {
        "value": ""
      },
      {
        "value": ""
      },
      {
        "value": ""
      },
      {
        "value": 6.0
      },
      {
        "value": 4.0
      },
      {
        "value": 8.0
      },
      {
        "value": 6.0
      },
      {
        "value": 4.0
      },
      {
        "value": 10.0
      },
      {
        "value": 7.0
      },
      {
        "value": 5.0
      },
      {
        "value": 9.0
      }
    ],
    [
      {
        "value": ""
      },
      {
        "value": ""
      },
      {
        "value": ""
      },
      {
        "value": ""
      },
      {
        "value": ""
      },
      {
        "value": ""
      },
      {
        "value": 6.0
      },
      {
        "value": 4.0
      },
      {
        "value": 10.0
      },
      {
        "value": ""
      },
      {
        "value": ""
      },
      {
        "value": ""
      }
    ]
  ]
}