{
  "title": "level of hearing difficulty, hearing status and prevalence of any hearing difficulty by age group, by sex, household population aged 45 or older, canada excluding territories, 2008/2009",
  "top_root": {
    "name": "<TOP>",
    "value": "<TOP>",
    "type": "string",
    "line_idx": null,
    "children_dict": [
      {
        "name": "both sexes",
        "value": "both sexes",
        "type": "string",
        "children_dict": [
          {
            "name": "number '000",
            "value": "number '000",
            "type": "string",
            "children_dict": [],
            "line_idx": 0
          },
          {
            "name": "%",
            "value": "%",
            "type": "string",
            "children_dict": [],
            "line_idx": 1
          },
          {
            "name": "95% confidence interval",
            "value": "95% confidence interval",
            "type": "string",
            "children_dict": [
              {
                "name": "from",
                "value": "from",
                "type": "string",
                "children_dict": [],
                "line_idx": 2
              },
              {
                "name": "to",
                "value": "to",
                "type": "string",
                "children_dict": [],
                "line_idx": 3
              }
            ],
            "line_idx": null
          }
        ],
        "line_idx": null
      },
      {
        "name": "men",
        "value": "men",
        "type": "string",
        "children_dict": [
          {
            "name": "number '000",
            "value": "number '000",
            "type": "string",
            "children_dict": [],
            "line_idx": 4
          },
          {
            "name": "%",
            "value": "%",
            "type": "string",
            "children_dict": [],
            "line_idx": 5
          },
          {
            "name": "95% confidence interval",
            "value": "95% confidence interval",
            "type": "string",
            "children_dict": [
              {
                "name": "from",
                "value": "from",
                "type": "string",
                "children_dict": [],
                "line_idx": 6
              },
              {
                "name": "to",
                "value": "to",
                "type": "string",
                "children_dict": [],
                "line_idx": 7
              }
            ],
            "line_idx": null
          }
        ],
        "line_idx": null
      },
      {
        "name": "women",
        "value": "women",
        "type": "string",
        "children_dict": [
          {
            "name": "number '000",
            "value": "number '000",
            "type": "string",
            "children_dict": [],
            "line_idx": 8
          },
          {
            "name": "%",
            "value": "%",
            "type": "string",
            "children_dict": [],
            "line_idx": 9
          },
          {
            "name": "95% confidence interval",
            "value": "95% confidence interval",
            "type": "string",
            "children_dict": [
              {
                "name": "from",
                "value": "from",
                "type": "string",
                "children_dict": [],
                "line_idx": 10
              },
              {
                "name": "to",
                "value": "to",
                "type": "string",
                "children_dict": [],
                "line_idx": 11
              }
            ],
            "line_idx": null
          }
        ],
        "line_idx": null
      }
    ]
  },
  "left_root": {
    "name": "<LEFT>",
    "value": "<LEFT>",
    "type": "string",
    "line_idx": null,
    "children_dict": [
      {
        "name": "level of hearing difficulty",
        "value": "level of hearing difficulty",
        "type": "string",
        "children_dict": [
          {
            "name": "none",
            "value": "none",
            "type": "string",
            "children_dict": [],
            "line_idx": 1
          },
          {
            "name": "any hearing difficulty",
            "value": "any hearing difficulty",
            "type": "string",
            "children_dict": [
              {
                "name": "mild",
                "value": "mild",
                "type": "string",
                "children_dict": [],
                "line_idx": 3
              },
              {
                "name": "moderate or severe",
                "value": "moderate or severe",
                "type": "string",
                "children_dict": [],
                "line_idx": 4
              }
            ],
            "line_idx": 2
          }
        ],
        "line_idx": 0
      },
      {
        "name": "hearing status",
        "value": "hearing status",
        "type": "string",
        "children_dict": [
          {
            "name": "corrected",
            "value": "corrected",
            "type": "string",
            "children_dict": [],
            "line_idx": 6
          },
          {
            "name": "uncorrected",
            "value": "uncorrected",
            "type": "string",
            "children_dict": [],
            "line_idx": 7
          }
        ],
        "line_idx": 5
      },
      {
        "name": "age group",
        "value": "age group",
        "type": "string",
        "children_dict": [
          {
            "name": "45 to 59",
            "value": "45 to 59",
            "type": "string",
            "children_dict": [],
            "line_idx": 9
          },
          {
            "name": "60 to 74",
            "value": "60 to 74",
            "type": "string",
            "children_dict": [],
            "line_idx": 10
          },
          {
            "name": "75 or older",
            "value": "75 or older",
            "type": "string",
            "children_dict": [],
            "line_idx": 11
          }
        ],
        "line_idx": 8
      }
    ]
  },
  "data": [
    [
      {
        "value": ""
      },
      {
        "value": ""
      },
      {
        "value": ""
      },
      {
        "value": ""
      },
      {
        "value": ""
      },
      {
        "value": ""
      },
      {
        "value": ""
      },
      {
        "value": ""
      },
      {
        "value": ""
      },
      {
        "value": ""
      },
      {
        "value": ""
      },
      {
        "value": ""
      }
    ],
    [
      {
        "value": 12347.0
      },
      {
        "value": 93.5
      },
      {
        "value": 93.0
      },
      {
        "value": 93.9
      },
      {
        "value": 5804.0
      },
      {
        "value": 92.1
      },
      {
        "value": 91.4
      },
      {
        "value": 92.8
      },
      {
        "value": 6543.0
      },
      {
        "value": 94.7
      },
      {
        "value": 94.2
      },
      {
        "value": 95.1
      }
    ],
    [
      {
        "value": 864.0
      },
      {
        "value": 6.5
      },
      {
        "value": 6.1
      },
      {
        "value": 7.0
      },
      {
        "value": 497.0
      },
      {
        "value": 7.9
      },
      {
        "value": 7.2
      },
      {
        "value": 8.6
      },
      {
        "value": 367.0
      },
      {
        "value": 5.3
      },
      {
        "value": 4.9
      },
      {
        "value": 5.8
      }
    ],
    [
      {
        "value": 431.0
      },
      {
        "value": 3.3
      },
      {
        "value": 3.0
      },
      {
        "value": 3.6
      },
      {
        "value": 256.0
      },
      {
        "value": 4.1
      },
      {
        "value": 3.6
      },
      {
        "value": 4.5
      },
      {
        "value": 175.0
      },
      {
        "value": 2.5
      },
      {
        "value": 2.2
      },
      {
        "value": 2.9
      }
    ],
    [
      {
        "value": 433.0
      },
      {
        "value": 3.3
      },
      {
        "value": 3.0
      },
      {
        "value": 3.6
      },
      {
        "value": 241.0
      },
      {
        "value": 3.8
      },
      {
        "value": 3.4
      },
      {
        "value": 4.3
      },
      {
        "value": 192.0
      },
      {
        "value": 2.8
      },
      {
        "value": 2.5
      },
      {
        "value": 3.1
      }
    ],
    [
      {
        "value": ""
      },
      {
        "value": ""
      },
      {
        "value": ""
      },
      {
        "value": ""
      },
      {
        "value": ""
      },
      {
        "value": ""
      },
      {
        "value": ""
      },
      {
        "value": ""
      },
      {
        "value": ""
      },
      {
        "value": ""
      },
      {
        "value": ""
      },
      {
        "value": ""
      }
    ],
    [
      {
        "value": 592.0
      },
      {
        "value": 4.5
      },
      {
        "value": 4.2
      },
      {
        "value": 4.8
      },
      {
        "value": 339.0
      },
      {
        "value": 5.4
      },
      {
        "value": 4.9
      },
      {
        "value": 5.9
      },
      {
        "value": 254.0
      },
      {
        "value": 3.7
      },
      {
        "value": 3.3
      },
      {
        "value": 4.1
      }
    ],
    [
      {
        "value": 265.0
      },
      {
        "value": 2.0
      },
      {
        "value": 1.8
      },
      {
        "value": 2.3
      },
      {
        "value": 156.0
      },
      {
        "value": 2.5
      },
      {
        "value": 2.1
      },
      {
        "value": 3.0
      },
      {
        "value": 109.0
      },
      {
        "value": 1.6
      },
      {
        "value": 1.3
      },
      {
        "value": 1.9
      }
    ],
    [
      {
        "value": ""
      },
      {
        "value": ""
      },
      {
        "value": ""
      },
      {
        "value": ""
      },
      {
        "value": ""
      },
      {
        "value": ""
      },
      {
        "value": ""
      },
      {
        "value": ""
      },
      {
        "value": ""
      },
      {
        "value": ""
      },
      {
        "value": ""
      },
      {
        "value": ""
      }
    ],
    [
      {
        "value": 192.0
      },
      {
        "value": 2.7
      },
      {
        "value": 2.2
      },
      {
        "value": 3.2
      },
      {
        "value": 112.0
      },
      {
        "value": 3.2
      },
      {
        "value": 2.4
      },
      {
        "value": 4.2
      },
      {
        "value": 80.0
      },
      {
        "value": 2.2
      },
      {
        "value": 1.6
      },
      {
        "value": 2.9
      }
    ],
    [
      {
        "value": 291.0
      },
      {
        "value": 6.9
      },
      {
        "value": 6.3
      },
      {
        "value": 7.6
      },
      {
        "value": 196.0
      },
      {
        "value": 9.8
      },
      {
        "value": 8.7
      },
      {
        "value": 10.9
      },
      {
        "value": 95.0
      },
      {
        "value": 4.3
      },
      {
        "value": 3.7
      },
      {
        "value": 5.1
      }
    ],
    [
      {
        "value": 382.0
      },
      {
        "value": 20.8
      },
      {
        "value": 19.4
      },
      {
        "value": 22.2
      },
      {
        "value": 189.0
      },
      {
        "value": 24.6
      },
      {
        "value": 22.3
      },
      {
        "value": 27.0
      },
      {
        "value": 193.0
      },
      {
        "value": 18.0
      },
      {
        "value": 16.5
      },
      {
        "value": 19.6
      }
    ]
  ]
}