{
  "title": "table 3. higher education r&d expenditures, by r&d field: fys 2016-17",
  "top_root": {
    "name": "<TOP>",
    "value": "<TOP>",
    "type": "string",
    "line_idx": null,
    "children_dict": [
      {
        "name": "2016",
        "value": "2016",
        "type": "string",
        "children_dict": [],
        "line_idx": 0
      },
      {
        "name": "2017",
        "value": "2017",
        "type": "string",
        "children_dict": [],
        "line_idx": 1
      },
      {
        "name": "% change 2016-17",
        "value": "% change 2016-17",
        "type": "string",
        "children_dict": [],
        "line_idx": 2
      }
    ]
  },
  "left_root": {
    "name": "<LEFT>",
    "value": "<LEFT>",
    "type": "string",
    "line_idx": null,
    "children_dict": [
      {
        "name": "all r&d fields",
        "value": "all r&d fields",
        "type": "string",
        "children_dict": [
          {
            "name": "science",
            "value": "science",
            "type": "string",
            "children_dict": [
              {
                "name": "computer and information sciences",
                "value": "computer and information sciences",
                "type": "string",
                "children_dict": [],
                "line_idx": 2
              },
              {
                "name": "geosciences, atmospheric sciences, and ocean sciences",
                "value": "geosciences, atmospheric sciences, and ocean sciences",
                "type": "string",
                "children_dict": [
                  {
                    "name": "atmospheric science and meteorology",
                    "value": "atmospheric science and meteorology",
                    "type": "string",
                    "children_dict": [],
                    "line_idx": 4
                  },
                  {
                    "name": "geological and earth sciences",
                    "value": "geological and earth sciences",
                    "type": "string",
                    "children_dict": [],
                    "line_idx": 5
                  },
                  {
                    "name": "ocean sciences and marine sciences",
                    "value": "ocean sciences and marine sciences",
                    "type": "string",
                    "children_dict": [],
                    "line_idx": 6
                  },
                  {
                    "name": "geosciences, atmospheric sciences, and ocean sciences, nec",
                    "value": "geosciences, atmospheric sciences, and ocean sciences, nec",
                    "type": "string",
                    "children_dict": [],
                    "line_idx": 7
                  }
                ],
                "line_idx": 3
              },
              {
                "name": "life sciences",
                "value": "life sciences",
                "type": "string",
                "children_dict": [
                  {
                    "name": "agricultural sciences",
                    "value": "agricultural sciences",
                    "type": "string",
                    "children_dict": [],
                    "line_idx": 9
                  },
                  {
                    "name": "biological and biomedical sciences",
                    "value": "biological and biomedical sciences",
                    "type": "string",
                    "children_dict": [],
                    "line_idx": 10
                  },
                  {
                    "name": "health sciences",
                    "value": "health sciences",
                    "type": "string",
                    "children_dict": [],
                    "line_idx": 11
                  },
                  {
                    "name": "natural resources and conservation",
                    "value": "natural resources and conservation",
                    "type": "string",
                    "children_dict": [],
                    "line_idx": 12
                  },
                  {
                    "name": "life sciences, nec",
                    "value": "life sciences, nec",
                    "type": "string",
                    "children_dict": [],
                    "line_idx": 13
                  }
                ],
                "line_idx": 8
              },
              {
                "name": "mathematics and statistics",
                "value": "mathematics and statistics",
                "type": "string",
                "children_dict": [],
                "line_idx": 14
              },
              {
                "name": "physical sciences",
                "value": "physical sciences",
                "type": "string",
                "children_dict": [
                  {
                    "name": "astronomy and astrophysics",
                    "value": "astronomy and astrophysics",
                    "type": "string",
                    "children_dict": [],
                    "line_idx": 16
                  },
                  {
                    "name": "chemistry",
                    "value": "chemistry",
                    "type": "string",
                    "children_dict": [],
                    "line_idx": 17
                  },
                  {
                    "name": "materials science",
                    "value": "materials science",
                    "type": "string",
                    "children_dict": [],
                    "line_idx": 18
                  },
                  {
                    "name": "physics",
                    "value": "physics",
                    "type": "string",
                    "children_dict": [],
                    "line_idx": 19
                  },
                  {
                    "name": "physical sciences, nec",
                    "value": "physical sciences, nec",
                    "type": "string",
                    "children_dict": [],
                    "line_idx": 20
                  }
                ],
                "line_idx": 15
              },
              {
                "name": "psychology",
                "value": "psychology",
                "type": "string",
                "children_dict": [],
                "line_idx": 21
              },
              {
                "name": "social sciences",
                "value": "social sciences",
                "type": "string",
                "children_dict": [
                  {
                    "name": "anthropology",
                    "value": "anthropology",
                    "type": "string",
                    "children_dict": [],
                    "line_idx": 23
                  },
                  {
                    "name": "economics",
                    "value": "economics",
                    "type": "string",
                    "children_dict": [],
                    "line_idx": 24
                  },
                  {
                    "name": "political science and government",
                    "value": "political science and government",
                    "type": "string",
                    "children_dict": [],
                    "line_idx": 25
                  },
                  {
                    "name": "sociology, demography, and population studies",
                    "value": "sociology, demography, and population studies",
                    "type": "string",
                    "children_dict": [],
                    "line_idx": 26
                  },
                  {
                    "name": "social sciences, nec",
                    "value": "social sciences, nec",
                    "type": "string",
                    "children_dict": [],
                    "line_idx": 27
                  }
                ],
                "line_idx": 22
              },
              {
                "name": "sciences, nec",
                "value": "sciences, nec",
                "type": "string",
                "children_dict": [],
                "line_idx": 28
              }
            ],
            "line_idx": 1
          },
          {
            "name": "engineering",
            "value": "engineering",
            "type": "string",
            "children_dict": [
              {
                "name": "aerospace, aeronautical, and astronautical engineering",
                "value": "aerospace, aeronautical, and astronautical engineering",
                "type": "string",
                "children_dict": [],
                "line_idx": 30
              },
              {
                "name": "bioengineering and biomedical engineering",
                "value": "bioengineering and biomedical engineering",
                "type": "string",
                "children_dict": [],
                "line_idx": 31
              },
              {
                "name": "chemical engineering",
                "value": "chemical engineering",
                "type": "string",
                "children_dict": [],
                "line_idx": 32
              },
              {
                "name": "civil engineering",
                "value": "civil engineering",
                "type": "string",
                "children_dict": [],
                "line_idx": 33
              },
              {
                "name": "electrical, electronic, and communications engineering",
                "value": "electrical, electronic, and communications engineering",
                "type": "string",
                "children_dict": [],
                "line_idx": 34
              },
              {
                "name": "industrial and manufacturing engineering",
                "value": "industrial and manufacturing engineering",
                "type": "string",
                "children_dict": [],
                "line_idx": 35
              },
              {
                "name": "mechanical engineering",
                "value": "mechanical engineering",
                "type": "string",
                "children_dict": [],
                "line_idx": 36
              },
              {
                "name": "metallurgical and materials engineering",
                "value": "metallurgical and materials engineering",
                "type": "string",
                "children_dict": [],
                "line_idx": 37
              },
              {
                "name": "engineering, nec",
                "value": "engineering, nec",
                "type": "string",
                "children_dict": [],
                "line_idx": 38
              }
            ],
            "line_idx": 29
          },
          {
            "name": "non-s&e",
            "value": "non-s&e",
            "type": "string",
            "children_dict": [
              {
                "name": "business management and business administration",
                "value": "business management and business administration",
                "type": "string",
                "children_dict": [],
                "line_idx": 40
              },
              {
                "name": "communication and communications technologies",
                "value": "communication and communications technologies",
                "type": "string",
                "children_dict": [],
                "line_idx": 41
              },
              {
                "name": "education",
                "value": "education",
                "type": "string",
                "children_dict": [],
                "line_idx": 42
              },
              {
                "name": "humanities",
                "value": "humanities",
                "type": "string",
                "children_dict": [],
                "line_idx": 43
              },
              {
                "name": "law",
                "value": "law",
                "type": "string",
                "children_dict": [],
                "line_idx": 44
              },
              {
                "name": "social work",
                "value": "social work",
                "type": "string",
                "children_dict": [],
                "line_idx": 45
              },
              {
                "name": "visual and performing arts",
                "value": "visual and performing arts",
                "type": "string",
                "children_dict": [],
                "line_idx": 46
              },
              {
                "name": "non-s&e, nec",
                "value": "non-s&e, nec",
                "type": "string",
                "children_dict": [],
                "line_idx": 47
              }
            ],
            "line_idx": 39
          }
        ],
        "line_idx": 0
      }
    ]
  },
  "data": [
    [
      {
        "value": 71795275.0
      },
      {
        "value": 75174941.0
      },
      {
        "value": 4.7
      }
    ],
    [
      {
        "value": 56266661.0
      },
      {
        "value": 58932076.0
      },
      {
        "value": 4.7
      }
    ],
    [
      {
        "value": 2078154.0
      },
      {
        "value": 2191762.0
      },
      {
        "value": 5.5
      }
    ],
    [
      {
        "value": 3085624.0
      },
      {
        "value": 3154446.0
      },
      {
        "value": 2.2
      }
    ],
    [
      {
        "value": 626457.0
      },
      {
        "value": 623871.0
      },
      {
        "value": -0.4
      }
    ],
    [
      {
        "value": 1000064.0
      },
      {
        "value": 1086382.0
      },
      {
        "value": 8.6
      }
    ],
    [
      {
        "value": 1097963.0
      },
      {
        "value": 1101625.0
      },
      {
        "value": 0.3
      }
    ],
    [
      {
        "value": 361140.0
      },
      {
        "value": 342568.0
      },
      {
        "value": -5.1
      }
    ],
    [
      {
        "value": 40868307.0
      },
      {
        "value": 43095195.0
      },
      {
        "value": 5.4
      }
    ],
    [
      {
        "value": 3294989.0
      },
      {
        "value": 3282797.0
      },
      {
        "value": -0.4
      }
    ],
    [
      {
        "value": 13044385.0
      },
      {
        "value": 13708543.0
      },
      {
        "value": 5.1
      }
    ],
    [
      {
        "value": 22374973.0
      },
      {
        "value": 23983549.0
      },
      {
        "value": 7.2
      }
    ],
    [
      {
        "value": 690376.0
      },
      {
        "value": 686729.0
      },
      {
        "value": -0.5
      }
    ],
    [
      {
        "value": 1463584.0
      },
      {
        "value": 1433577.0
      },
      {
        "value": -2.1
      }
    ],
    [
      {
        "value": 681562.0
      },
      {
        "value": 701085.0
      },
      {
        "value": 2.9
      }
    ],
    [
      {
        "value": 4888752.0
      },
      {
        "value": 5049175.0
      },
      {
        "value": 3.3
      }
    ],
    [
      {
        "value": 622101.0
      },
      {
        "value": 648744.0
      },
      {
        "value": 4.3
      }
    ],
    [
      {
        "value": 1774776.0
      },
      {
        "value": 1792738.0
      },
      {
        "value": 1.0
      }
    ],
    [
      {
        "value": 173314.0
      },
      {
        "value": 227682.0
      },
      {
        "value": 31.4
      }
    ],
    [
      {
        "value": 2118434.0
      },
      {
        "value": 2154152.0
      },
      {
        "value": 1.7
      }
    ],
    [
      {
        "value": 200127.0
      },
      {
        "value": 225859.0
      },
      {
        "value": 12.9
      }
    ],
    [
      {
        "value": 1219432.0
      },
      {
        "value": 1242853.0
      },
      {
        "value": 1.9
      }
    ],
    [
      {
        "value": 2368285.0
      },
      {
        "value": 2550173.0
      },
      {
        "value": 7.7
      }
    ],
    [
      {
        "value": 96638.0
      },
      {
        "value": 111199.0
      },
      {
        "value": 15.1
      }
    ],
    [
      {
        "value": 399250.0
      },
      {
        "value": 434743.0
      },
      {
        "value": 8.9
      }
    ],
    [
      {
        "value": 385305.0
      },
      {
        "value": 404512.0
      },
      {
        "value": 5.0
      }
    ],
    [
      {
        "value": 503931.0
      },
      {
        "value": 551645.0
      },
      {
        "value": 9.5
      }
    ],
    [
      {
        "value": 983161.0
      },
      {
        "value": 1048074.0
      },
      {
        "value": 6.6
      }
    ],
    [
      {
        "value": 1076545.0
      },
      {
        "value": 947387.0
      },
      {
        "value": -12.0
      }
    ],
    [
      {
        "value": 11381183.0
      },
      {
        "value": 11897397.0
      },
      {
        "value": 4.5
      }
    ],
    [
      {
        "value": 883194.0
      },
      {
        "value": 994422.0
      },
      {
        "value": 12.6
      }
    ],
    [
      {
        "value": 1084749.0
      },
      {
        "value": 1220451.0
      },
      {
        "value": 12.5
      }
    ],
    [
      {
        "value": 885107.0
      },
      {
        "value": 933776.0
      },
      {
        "value": 5.5
      }
    ],
    [
      {
        "value": 1330778.0
      },
      {
        "value": 1302098.0
      },
      {
        "value": -2.2
      }
    ],
    [
      {
        "value": 2517183.0
      },
      {
        "value": 2727498.0
      },
      {
        "value": 8.4
      }
    ],
    [
      {
        "value": 238780.0
      },
      {
        "value": 344224.0
      },
      {
        "value": 44.2
      }
    ],
    [
      {
        "value": 1435690.0
      },
      {
        "value": 1531092.0
      },
      {
        "value": 6.6
      }
    ],
    [
      {
        "value": 744333.0
      },
      {
        "value": 736717.0
      },
      {
        "value": -1.0
      }
    ],
    [
      {
        "value": 2261369.0
      },
      {
        "value": 2107119.0
      },
      {
        "value": -6.8
      }
    ],
    [
      {
        "value": 4147431.0
      },
      {
        "value": 4345468.0
      },
      {
        "value": 4.8
      }
    ],
    [
      {
        "value": 647858.0
      },
      {
        "value": 731868.0
      },
      {
        "value": 13.0
      }
    ],
    [
      {
        "value": 167872.0
      },
      {
        "value": 205561.0
      },
      {
        "value": 22.5
      }
    ],
    [
      {
        "value": 1337779.0
      },
      {
        "value": 1380221.0
      },
      {
        "value": 3.2
      }
    ],
    [
      {
        "value": 445995.0
      },
      {
        "value": 498700.0
      },
      {
        "value": 11.8
      }
    ],
    [
      {
        "value": 184588.0
      },
      {
        "value": 223829.0
      },
      {
        "value": 21.3
      }
    ],
    [
      {
        "value": 211920.0
      },
      {
        "value": 236069.0
      },
      {
        "value": 11.4
      }
    ],
    [
      {
        "value": 138608.0
      },
      {
        "value": 130807.0
      },
      {
        "value": -5.6
      }
    ],
    [
      {
        "value": 1012811.0
      },
      {
        "value": 938413.0
      },
      {
        "value": -7.3
      }
    ]
  ]
}