{
  "title": "regular season",
  "top_root": {
    "name": "<TOP>",
    "value": "<TOP>",
    "type": "string",
    "line_idx": null,
    "children_dict": [
      {
        "name": "games",
        "value": "games",
        "type": "string",
        "children_dict": [
          {
            "name": "g",
            "value": "g",
            "type": "string",
            "children_dict": [],
            "line_idx": 0
          },
          {
            "name": "gs",
            "value": "gs",
            "type": "string",
            "children_dict": [],
            "line_idx": 1
          }
        ],
        "line_idx": null
      },
      {
        "name": "rushing",
        "value": "rushing",
        "type": "string",
        "children_dict": [
          {
            "name": "att",
            "value": "att",
            "type": "string",
            "children_dict": [],
            "line_idx": 2
          },
          {
            "name": "yards",
            "value": "yards",
            "type": "string",
            "children_dict": [],
            "line_idx": 3
          },
          {
            "name": "avg",
            "value": "avg",
            "type": "string",
            "children_dict": [],
            "line_idx": 4
          },
          {
            "name": "long",
            "value": "long",
            "type": "string",
            "children_dict": [],
            "line_idx": 5
          },
          {
            "name": "td",
            "value": "td",
            "type": "string",
            "children_dict": [],
            "line_idx": 6
          }
        ],
        "line_idx": null
      },
      {
        "name": "receiving",
        "value": "receiving",
        "type": "string",
        "children_dict": [
          {
            "name": "rec",
            "value": "rec",
            "type": "string",
            "children_dict": [],
            "line_idx": 7
          },
          {
            "name": "yards",
            "value": "yards",
            "type": "string",
            "children_dict": [],
            "line_idx": 8
          },
          {
            "name": "avg",
            "value": "avg",
            "type": "string",
            "children_dict": [],
            "line_idx": 9
          },
          {
            "name": "long",
            "value": "long",
            "type": "string",
            "children_dict": [],
            "line_idx": 10
          },
          {
            "name": "td",
            "value": "td",
            "type": "string",
            "children_dict": [],
            "line_idx": 11
          }
        ],
        "line_idx": null
      },
      {
        "name": "fumbles",
        "value": "fumbles",
        "type": "string",
        "children_dict": [
          {
            "name": "fum",
            "value": "fum",
            "type": "string",
            "children_dict": [],
            "line_idx": 12
          },
          {
            "name": "lost",
            "value": "lost",
            "type": "string",
            "children_dict": [],
            "line_idx": 13
          }
        ],
        "line_idx": null
      }
    ]
  },
  "left_root": {
    "name": "<LEFT>",
    "value": "<LEFT>",
    "type": "string",
    "line_idx": null,
    "children_dict": [
      {
        "name": "2017",
        "value": "2017",
        "type": "string",
        "children_dict": [
          {
            "name": "gb",
            "value": "gb",
            "type": "string",
            "children_dict": [],
            "line_idx": 0
          }
        ],
        "line_idx": null
      },
      {
        "name": "2018",
        "value": "2018",
        "type": "string",
        "children_dict": [
          {
            "name": "gb",
            "value": "gb",
            "type": "string",
            "children_dict": [],
            "line_idx": 1
          }
        ],
        "line_idx": null
      },
      {
        "name": "career",
        "value": "career",
        "type": "string",
        "children_dict": [],
        "line_idx": 2
      },
      {
        "name": "source: nfl.com",
        "value": "source: nfl.com",
        "type": "string",
        "children_dict": [],
        "line_idx": 3
      }
    ]
  },
  "data": [
    [
      {
        "value": 12.0
      },
      {
        "value": 4.0
      },
      {
        "value": 81.0
      },
      {
        "value": 488.0
      },
      {
        "value": 5.5
      },
      {
        "value": 46.0
      },
      {
        "value": 4.0
      },
      {
        "value": 9.0
      },
      {
        "value": 22.0
      },
      {
        "value": 2.4
      },
      {
        "value": 9.0
      },
      {
        "value": 0.0
      },
      {
        "value": 0.0
      },
      {
        "value": 0.0
      }
    ],
    [
      {
        "value": 12.0
      },
      {
        "value": 8.0
      },
      {
        "value": 133.0
      },
      {
        "value": 728.0
      },
      {
        "value": 5.5
      },
      {
        "value": 67.0
      },
      {
        "value": 8.0
      },
      {
        "value": 26.0
      },
      {
        "value": 206.0
      },
      {
        "value": 7.9
      },
      {
        "value": 24.0
      },
      {
        "value": 1.0
      },
      {
        "value": 1.0
      },
      {
        "value": 1.0
      }
    ],
    [
      {
        "value": 24.0
      },
      {
        "value": 12.0
      },
      {
        "value": 214.0
      },
      {
        "value": 1176.0
      },
      {
        "value": 5.5
      },
      {
        "value": 49.0
      },
      {
        "value": 12.0
      },
      {
        "value": 35.0
      },
      {
        "value": 228.0
      },
      {
        "value": 6.5
      },
      {
        "value": 24.0
      },
      {
        "value": 1.0
      },
      {
        "value": 1.0
      },
      {
        "value": 1.0
      }
    ],
    [
      {
        "value": ""
      },
      {
        "value": ""
      },
      {
        "value": ""
      },
      {
        "value": ""
      },
      {
        "value": ""
      },
      {
        "value": ""
      },
      {
        "value": ""
      },
      {
        "value": ""
      },
      {
        "value": ""
      },
      {
        "value": ""
      },
      {
        "value": ""
      },
      {
        "value": ""
      },
      {
        "value": ""
      },
      {
        "value": ""
      }
    ]
  ]
}