{
  "title": "managerial record",
  "top_root": {
    "name": "<TOP>",
    "value": "<TOP>",
    "type": "string",
    "line_idx": null,
    "children_dict": [
      {
        "name": "regular season record",
        "value": "regular season record",
        "type": "string",
        "children_dict": [
          {
            "name": "g",
            "value": "g",
            "type": "string",
            "children_dict": [],
            "line_idx": 0
          },
          {
            "name": "w",
            "value": "w",
            "type": "string",
            "children_dict": [],
            "line_idx": 1
          },
          {
            "name": "l",
            "value": "l",
            "type": "string",
            "children_dict": [],
            "line_idx": 2
          },
          {
            "name": "win %",
            "value": "win %",
            "type": "string",
            "children_dict": [],
            "line_idx": 3
          }
        ],
        "line_idx": null
      },
      {
        "name": "post-season record",
        "value": "post-season record",
        "type": "string",
        "children_dict": [
          {
            "name": "g",
            "value": "g",
            "type": "string",
            "children_dict": [],
            "line_idx": 4
          },
          {
            "name": "w",
            "value": "w",
            "type": "string",
            "children_dict": [],
            "line_idx": 5
          },
          {
            "name": "l",
            "value": "l",
            "type": "string",
            "children_dict": [],
            "line_idx": 6
          },
          {
            "name": "win %",
            "value": "win %",
            "type": "string",
            "children_dict": [],
            "line_idx": 7
          }
        ],
        "line_idx": null
      }
    ]
  },
  "left_root": {
    "name": "<LEFT>",
    "value": "<LEFT>",
    "type": "string",
    "line_idx": null,
    "children_dict": [
      {
        "name": "toronto blue jays",
        "value": "toronto blue jays",
        "type": "string",
        "children_dict": [
          {
            "name": "1986",
            "value": "1986",
            "type": "string",
            "children_dict": [
              {
                "name": "1989",
                "value": "1989",
                "type": "string",
                "children_dict": [],
                "line_idx": 0
              }
            ],
            "line_idx": null
          }
        ],
        "line_idx": null
      },
      {
        "name": "boston red sox",
        "value": "boston red sox",
        "type": "string",
        "children_dict": [
          {
            "name": "1997",
            "value": "1997",
            "type": "string",
            "children_dict": [
              {
                "name": "2001",
                "value": "2001",
                "type": "string",
                "children_dict": [],
                "line_idx": 1
              }
            ],
            "line_idx": null
          }
        ],
        "line_idx": null
      },
      {
        "name": "houston astros",
        "value": "houston astros",
        "type": "string",
        "children_dict": [
          {
            "name": "2002",
            "value": "2002",
            "type": "string",
            "children_dict": [
              {
                "name": "2004",
                "value": "2004",
                "type": "string",
                "children_dict": [],
                "line_idx": 2
              }
            ],
            "line_idx": null
          }
        ],
        "line_idx": null
      },
      {
        "name": "total",
        "value": "total",
        "type": "string",
        "children_dict": [],
        "line_idx": 3
      },
      {
        "name": "ref.:",
        "value": "ref.:",
        "type": "string",
        "children_dict": [],
        "line_idx": 4
      }
    ]
  },
  "data": [
    [
      {
        "value": 522.0
      },
      {
        "value": 281.0
      },
      {
        "value": 241.0
      },
      {
        "value": 0.538
      },
      {
        "value": "-"
      },
      {
        "value": "-"
      },
      {
        "value": "-"
      },
      {
        "value": "-"
      }
    ],
    [
      {
        "value": 766.0
      },
      {
        "value": 414.0
      },
      {
        "value": 352.0
      },
      {
        "value": 0.54
      },
      {
        "value": 14.0
      },
      {
        "value": 5.0
      },
      {
        "value": 9.0
      },
      {
        "value": 0.357
      }
    ],
    [
      {
        "value": 412.0
      },
      {
        "value": 215.0
      },
      {
        "value": 197.0
      },
      {
        "value": 0.522
      },
      {
        "value": "-"
      },
      {
        "value": "-"
      },
      {
        "value": "-"
      },
      {
        "value": "-"
      }
    ],
    [
      {
        "value": 1700.0
      },
      {
        "value": 910.0
      },
      {
        "value": 790.0
      },
      {
        "value": 0.535
      },
      {
        "value": 14.0
      },
      {
        "value": 5.0
      },
      {
        "value": 9.0
      },
      {
        "value": 0.357
      }
    ],
    [
      {
        "value": ""
      },
      {
        "value": ""
      },
      {
        "value": ""
      },
      {
        "value": ""
      },
      {
        "value": ""
      },
      {
        "value": ""
      },
      {
        "value": ""
      },
      {
        "value": ""
      }
    ]
  ]
}