{
  "title": "regular season",
  "top_root": {
    "name": "<TOP>",
    "value": "<TOP>",
    "type": "string",
    "line_idx": null,
    "children_dict": [
      {
        "name": "tackles",
        "value": "tackles",
        "type": "string",
        "children_dict": [
          {
            "name": "comb",
            "value": "comb",
            "type": "string",
            "children_dict": [],
            "line_idx": 0
          },
          {
            "name": "total",
            "value": "total",
            "type": "string",
            "children_dict": [],
            "line_idx": 1
          },
          {
            "name": "ast",
            "value": "ast",
            "type": "string",
            "children_dict": [],
            "line_idx": 2
          },
          {
            "name": "sck",
            "value": "sck",
            "type": "string",
            "children_dict": [],
            "line_idx": 3
          },
          {
            "name": "sfty",
            "value": "sfty",
            "type": "string",
            "children_dict": [],
            "line_idx": 4
          }
        ],
        "line_idx": null
      },
      {
        "name": "interceptions",
        "value": "interceptions",
        "type": "string",
        "children_dict": [
          {
            "name": "pdef",
            "value": "pdef",
            "type": "string",
            "children_dict": [],
            "line_idx": 5
          },
          {
            "name": "int",
            "value": "int",
            "type": "string",
            "children_dict": [],
            "line_idx": 6
          },
          {
            "name": "yds",
            "value": "yds",
            "type": "string",
            "children_dict": [],
            "line_idx": 7
          },
          {
            "name": "avg",
            "value": "avg",
            "type": "string",
            "children_dict": [],
            "line_idx": 8
          },
          {
            "name": "lng",
            "value": "lng",
            "type": "string",
            "children_dict": [],
            "line_idx": 9
          },
          {
            "name": "tds",
            "value": "tds",
            "type": "string",
            "children_dict": [],
            "line_idx": 10
          }
        ],
        "line_idx": null
      },
      {
        "name": "fumbles",
        "value": "fumbles",
        "type": "string",
        "children_dict": [
          {
            "name": "ff",
            "value": "ff",
            "type": "string",
            "children_dict": [],
            "line_idx": 11
          },
          {
            "name": "fr",
            "value": "fr",
            "type": "string",
            "children_dict": [],
            "line_idx": 12
          }
        ],
        "line_idx": null
      }
    ]
  },
  "left_root": {
    "name": "<LEFT>",
    "value": "<LEFT>",
    "type": "string",
    "line_idx": null,
    "children_dict": [
      {
        "name": "2007",
        "value": "2007",
        "type": "string",
        "children_dict": [
          {
            "name": "car",
            "value": "car",
            "type": "string",
            "children_dict": [
              {
                "name": "3",
                "value": "3",
                "type": "string",
                "children_dict": [
                  {
                    "name": "2",
                    "value": "2",
                    "type": "string",
                    "children_dict": [],
                    "line_idx": 0
                  }
                ],
                "line_idx": null
              }
            ],
            "line_idx": null
          }
        ],
        "line_idx": null
      },
      {
        "name": "2008",
        "value": "2008",
        "type": "string",
        "children_dict": [
          {
            "name": "car",
            "value": "car",
            "type": "string",
            "children_dict": [
              {
                "name": "16",
                "value": "16",
                "type": "string",
                "children_dict": [
                  {
                    "name": "0",
                    "value": "0",
                    "type": "string",
                    "children_dict": [],
                    "line_idx": 1
                  }
                ],
                "line_idx": null
              }
            ],
            "line_idx": null
          }
        ],
        "line_idx": null
      },
      {
        "name": "2009",
        "value": "2009",
        "type": "string",
        "children_dict": [
          {
            "name": "car",
            "value": "car",
            "type": "string",
            "children_dict": [
              {
                "name": "13",
                "value": "13",
                "type": "string",
                "children_dict": [
                  {
                    "name": "2",
                    "value": "2",
                    "type": "string",
                    "children_dict": [],
                    "line_idx": 2
                  }
                ],
                "line_idx": null
              }
            ],
            "line_idx": null
          }
        ],
        "line_idx": null
      },
      {
        "name": "2010",
        "value": "2010",
        "type": "string",
        "children_dict": [
          {
            "name": "car",
            "value": "car",
            "type": "string",
            "children_dict": [
              {
                "name": "16",
                "value": "16",
                "type": "string",
                "children_dict": [
                  {
                    "name": "16",
                    "value": "16",
                    "type": "string",
                    "children_dict": [],
                    "line_idx": 3
                  }
                ],
                "line_idx": null
              }
            ],
            "line_idx": null
          }
        ],
        "line_idx": null
      },
      {
        "name": "2011",
        "value": "2011",
        "type": "string",
        "children_dict": [
          {
            "name": "car",
            "value": "car",
            "type": "string",
            "children_dict": [
              {
                "name": "15",
                "value": "15",
                "type": "string",
                "children_dict": [
                  {
                    "name": "15",
                    "value": "15",
                    "type": "string",
                    "children_dict": [],
                    "line_idx": 4
                  }
                ],
                "line_idx": null
              }
            ],
            "line_idx": null
          }
        ],
        "line_idx": null
      },
      {
        "name": "2012",
        "value": "2012",
        "type": "string",
        "children_dict": [
          {
            "name": "car",
            "value": "car",
            "type": "string",
            "children_dict": [
              {
                "name": "16",
                "value": "16",
                "type": "string",
                "children_dict": [
                  {
                    "name": "16",
                    "value": "16",
                    "type": "string",
                    "children_dict": [],
                    "line_idx": 5
                  }
                ],
                "line_idx": null
              }
            ],
            "line_idx": null
          }
        ],
        "line_idx": null
      },
      {
        "name": "2013",
        "value": "2013",
        "type": "string",
        "children_dict": [
          {
            "name": "car",
            "value": "car",
            "type": "string",
            "children_dict": [
              {
                "name": "14",
                "value": "14",
                "type": "string",
                "children_dict": [
                  {
                    "name": "14",
                    "value": "14",
                    "type": "string",
                    "children_dict": [],
                    "line_idx": 6
                  }
                ],
                "line_idx": null
              }
            ],
            "line_idx": null
          }
        ],
        "line_idx": null
      },
      {
        "name": "2014",
        "value": "2014",
        "type": "string",
        "children_dict": [
          {
            "name": "car",
            "value": "car",
            "type": "string",
            "children_dict": [
              {
                "name": "16",
                "value": "16",
                "type": "string",
                "children_dict": [
                  {
                    "name": "16",
                    "value": "16",
                    "type": "string",
                    "children_dict": [],
                    "line_idx": 7
                  }
                ],
                "line_idx": null
              }
            ],
            "line_idx": null
          }
        ],
        "line_idx": null
      },
      {
        "name": "2015",
        "value": "2015",
        "type": "string",
        "children_dict": [
          {
            "name": "car",
            "value": "car",
            "type": "string",
            "children_dict": [
              {
                "name": "9",
                "value": "9",
                "type": "string",
                "children_dict": [
                  {
                    "name": "9",
                    "value": "9",
                    "type": "string",
                    "children_dict": [],
                    "line_idx": 8
                  }
                ],
                "line_idx": null
              }
            ],
            "line_idx": null
          }
        ],
        "line_idx": null
      },
      {
        "name": "2016",
        "value": "2016",
        "type": "string",
        "children_dict": [
          {
            "name": "car",
            "value": "car",
            "type": "string",
            "children_dict": [
              {
                "name": "13",
                "value": "13",
                "type": "string",
                "children_dict": [
                  {
                    "name": "13",
                    "value": "13",
                    "type": "string",
                    "children_dict": [],
                    "line_idx": 9
                  }
                ],
                "line_idx": null
              }
            ],
            "line_idx": null
          }
        ],
        "line_idx": null
      },
      {
        "name": "2017",
        "value": "2017",
        "type": "string",
        "children_dict": [
          {
            "name": "car",
            "value": "car",
            "type": "string",
            "children_dict": [
              {
                "name": "12",
                "value": "12",
                "type": "string",
                "children_dict": [
                  {
                    "name": "11",
                    "value": "11",
                    "type": "string",
                    "children_dict": [],
                    "line_idx": 10
                  }
                ],
                "line_idx": null
              }
            ],
            "line_idx": null
          }
        ],
        "line_idx": null
      },
      {
        "name": "total",
        "value": "total",
        "type": "string",
        "children_dict": [],
        "line_idx": 11
      },
      {
        "name": "143",
        "value": "143",
        "type": "string",
        "children_dict": [
          {
            "name": "114",
            "value": "114",
            "type": "string",
            "children_dict": [],
            "line_idx": 11
          }
        ],
        "line_idx": null
      }
    ]
  },
  "data": [
    [
      {
        "value": 2
      },
      {
        "value": 1
      },
      {
        "value": 1
      },
      {
        "value": 0.0
      },
      {
        "value": 0
      },
      {
        "value": 0
      },
      {
        "value": 0
      },
      {
        "value": 0
      },
      {
        "value": 0
      },
      {
        "value": 0
      },
      {
        "value": 0
      },
      {
        "value": 0
      },
      {
        "value": 0.0
      }
    ],
    [
      {
        "value": 25
      },
      {
        "value": 20
      },
      {
        "value": 5
      },
      {
        "value": 6.0
      },
      {
        "value": 0
      },
      {
        "value": 7
      },
      {
        "value": 0
      },
      {
        "value": 0
      },
      {
        "value": 0
      },
      {
        "value": 0
      },
      {
        "value": 0
      },
      {
        "value": 1
      },
      {
        "value": 1.0
      }
    ],
    [
      {
        "value": 25
      },
      {
        "value": 17
      },
      {
        "value": 8
      },
      {
        "value": 4.0
      },
      {
        "value": 0
      },
      {
        "value": 3
      },
      {
        "value": 0
      },
      {
        "value": 0
      },
      {
        "value": 0
      },
      {
        "value": 0
      },
      {
        "value": 0
      },
      {
        "value": 2
      },
      {
        "value": 0.0
      }
    ],
    [
      {
        "value": 62
      },
      {
        "value": 51
      },
      {
        "value": 11
      },
      {
        "value": 11.5
      },
      {
        "value": 0
      },
      {
        "value": 1
      },
      {
        "value": 0
      },
      {
        "value": 0
      },
      {
        "value": 0
      },
      {
        "value": 0
      },
      {
        "value": 0
      },
      {
        "value": 1
      },
      {
        "value": 0.0
      }
    ],
    [
      {
        "value": 40
      },
      {
        "value": 30
      },
      {
        "value": 10
      },
      {
        "value": 9.0
      },
      {
        "value": 0
      },
      {
        "value": 4
      },
      {
        "value": 0
      },
      {
        "value": 0
      },
      {
        "value": 0
      },
      {
        "value": 0
      },
      {
        "value": 0
      },
      {
        "value": 1
      },
      {
        "value": 0.0
      }
    ],
    [
      {
        "value": 41
      },
      {
        "value": 30
      },
      {
        "value": 11
      },
      {
        "value": 12.5
      },
      {
        "value": 0
      },
      {
        "value": 4
      },
      {
        "value": 0
      },
      {
        "value": 0
      },
      {
        "value": 0
      },
      {
        "value": 0
      },
      {
        "value": 0
      },
      {
        "value": 7
      },
      {
        "value": 1.0
      }
    ],
    [
      {
        "value": 31
      },
      {
        "value": 25
      },
      {
        "value": 6
      },
      {
        "value": 11.0
      },
      {
        "value": 0
      },
      {
        "value": 0
      },
      {
        "value": 0
      },
      {
        "value": 0
      },
      {
        "value": 0
      },
      {
        "value": 0
      },
      {
        "value": 0
      },
      {
        "value": 1
      },
      {
        "value": 1.0
      }
    ],
    [
      {
        "value": 41
      },
      {
        "value": 29
      },
      {
        "value": 12
      },
      {
        "value": 8.5
      },
      {
        "value": 0
      },
      {
        "value": 2
      },
      {
        "value": 0
      },
      {
        "value": 0
      },
      {
        "value": 0
      },
      {
        "value": 0
      },
      {
        "value": 0
      },
      {
        "value": 3
      },
      {
        "value": 1.0
      }
    ],
    [
      {
        "value": 12
      },
      {
        "value": 5
      },
      {
        "value": 7
      },
      {
        "value": 1.0
      },
      {
        "value": 0
      },
      {
        "value": 1
      },
      {
        "value": 0
      },
      {
        "value": 0
      },
      {
        "value": 0
      },
      {
        "value": 0
      },
      {
        "value": 0
      },
      {
        "value": 0
      },
      {
        "value": 0.0
      }
    ],
    [
      {
        "value": 26
      },
      {
        "value": 14
      },
      {
        "value": 12
      },
      {
        "value": 4.0
      },
      {
        "value": 0
      },
      {
        "value": 2
      },
      {
        "value": 0
      },
      {
        "value": 0
      },
      {
        "value": 0
      },
      {
        "value": 0
      },
      {
        "value": 0
      },
      {
        "value": 3
      },
      {
        "value": 0.0
      }
    ],
    [
      {
        "value": 16
      },
      {
        "value": 4
      },
      {
        "value": 12
      },
      {
        "value": 0.0
      },
      {
        "value": 1
      },
      {
        "value": 0
      },
      {
        "value": 0
      },
      {
        "value": 0
      },
      {
        "value": 0
      },
      {
        "value": 0
      },
      {
        "value": 0
      },
      {
        "value": 0
      },
      {
        "value": "none"
      }
    ],
    [
      {
        "value": 321
      },
      {
        "value": 226
      },
      {
        "value": 95
      },
      {
        "value": 67.5
      },
      {
        "value": 0
      },
      {
        "value": 25
      },
      {
        "value": 0
      },
      {
        "value": 0
      },
      {
        "value": 0
      },
      {
        "value": 0
      },
      {
        "value": 0
      },
      {
        "value": 19
      },
      {
        "value": 4.0
      }
    ]
  ]
}