{
  "title": "as a player",
  "top_root": {
    "name": "<TOP>",
    "value": "<TOP>",
    "type": "string",
    "line_idx": null,
    "children_dict": [
      {
        "name": "league",
        "value": "league",
        "type": "string",
        "children_dict": [
          {
            "name": "division",
            "value": "division",
            "type": "string",
            "children_dict": [],
            "line_idx": 0
          },
          {
            "name": "apps",
            "value": "apps",
            "type": "string",
            "children_dict": [],
            "line_idx": 1
          },
          {
            "name": "goals",
            "value": "goals",
            "type": "string",
            "children_dict": [],
            "line_idx": 2
          }
        ],
        "line_idx": null
      },
      {
        "name": "fa cup",
        "value": "fa cup",
        "type": "string",
        "children_dict": [
          {
            "name": "apps",
            "value": "apps",
            "type": "string",
            "children_dict": [],
            "line_idx": 3
          },
          {
            "name": "goals",
            "value": "goals",
            "type": "string",
            "children_dict": [],
            "line_idx": 4
          }
        ],
        "line_idx": null
      },
      {
        "name": "league cup",
        "value": "league cup",
        "type": "string",
        "children_dict": [
          {
            "name": "apps",
            "value": "apps",
            "type": "string",
            "children_dict": [],
            "line_idx": 5
          },
          {
            "name": "goals",
            "value": "goals",
            "type": "string",
            "children_dict": [],
            "line_idx": 6
          }
        ],
        "line_idx": null
      }
    ]
  },
  "left_root": {
    "name": "<LEFT>",
    "value": "<LEFT>",
    "type": "string",
    "line_idx": null,
    "children_dict": [
      {
        "name": "coventry city",
        "value": "coventry city",
        "type": "string",
        "children_dict": [
          {
            "name": "1968-69",
            "value": "1968-69",
            "type": "string",
            "children_dict": [],
            "line_idx": 0
          },
          {
            "name": "1969-70",
            "value": "1969-70",
            "type": "string",
            "children_dict": [],
            "line_idx": 1
          },
          {
            "name": "total",
            "value": "total",
            "type": "string",
            "children_dict": [],
            "line_idx": 2
          }
        ],
        "line_idx": null
      },
      {
        "name": "norwich city",
        "value": "norwich city",
        "type": "string",
        "children_dict": [
          {
            "name": "1969-70",
            "value": "1969-70",
            "type": "string",
            "children_dict": [],
            "line_idx": 3
          },
          {
            "name": "1970-71",
            "value": "1970-71",
            "type": "string",
            "children_dict": [],
            "line_idx": 4
          },
          {
            "name": "1971-72",
            "value": "1971-72",
            "type": "string",
            "children_dict": [],
            "line_idx": 5
          },
          {
            "name": "1972-73",
            "value": "1972-73",
            "type": "string",
            "children_dict": [],
            "line_idx": 6
          },
          {
            "name": "1973-74",
            "value": "1973-74",
            "type": "string",
            "children_dict": [],
            "line_idx": 7
          },
          {
            "name": "total",
            "value": "total",
            "type": "string",
            "children_dict": [],
            "line_idx": 8
          }
        ],
        "line_idx": null
      },
      {
        "name": "west ham united",
        "value": "west ham united",
        "type": "string",
        "children_dict": [
          {
            "name": "1973-74",
            "value": "1973-74",
            "type": "string",
            "children_dict": [],
            "line_idx": 9
          },
          {
            "name": "1974-75",
            "value": "1974-75",
            "type": "string",
            "children_dict": [],
            "line_idx": 10
          },
          {
            "name": "1975-76",
            "value": "1975-76",
            "type": "string",
            "children_dict": [],
            "line_idx": 11
          },
          {
            "name": "1976-77",
            "value": "1976-77",
            "type": "string",
            "children_dict": [],
            "line_idx": 12
          },
          {
            "name": "total",
            "value": "total",
            "type": "string",
            "children_dict": [],
            "line_idx": 13
          }
        ],
        "line_idx": null
      },
      {
        "name": "norwich city",
        "value": "norwich city",
        "type": "string",
        "children_dict": [
          {
            "name": "1976-77",
            "value": "1976-77",
            "type": "string",
            "children_dict": [],
            "line_idx": 14
          },
          {
            "name": "1977-78",
            "value": "1977-78",
            "type": "string",
            "children_dict": [],
            "line_idx": 15
          },
          {
            "name": "1978-79",
            "value": "1978-79",
            "type": "string",
            "children_dict": [],
            "line_idx": 16
          },
          {
            "name": "1979-80",
            "value": "1979-80",
            "type": "string",
            "children_dict": [],
            "line_idx": 17
          },
          {
            "name": "1980-81",
            "value": "1980-81",
            "type": "string",
            "children_dict": [],
            "line_idx": 18
          },
          {
            "name": "1981-82",
            "value": "1981-82",
            "type": "string",
            "children_dict": [],
            "line_idx": 19
          },
          {
            "name": "total",
            "value": "total",
            "type": "string",
            "children_dict": [],
            "line_idx": 20
          }
        ],
        "line_idx": null
      },
      {
        "name": "tampa bay rowdies",
        "value": "tampa bay rowdies",
        "type": "string",
        "children_dict": [
          {
            "name": "1978",
            "value": "1978",
            "type": "string",
            "children_dict": [],
            "line_idx": 21
          }
        ],
        "line_idx": null
      },
      {
        "name": "millwall",
        "value": "millwall",
        "type": "string",
        "children_dict": [
          {
            "name": "1981-82",
            "value": "1981-82",
            "type": "string",
            "children_dict": [],
            "line_idx": 22
          }
        ],
        "line_idx": null
      },
      {
        "name": "career total",
        "value": "career total",
        "type": "string",
        "children_dict": [],
        "line_idx": 23
      }
    ]
  },
  "data": [
    [
      {
        "value": "first division"
      },
      {
        "value": 1
      },
      {
        "value": 0
      },
      {
        "value": 0.0
      },
      {
        "value": 0.0
      },
      {
        "value": 0
      },
      {
        "value": 0
      }
    ],
    [
      {
        "value": "first division"
      },
      {
        "value": 4
      },
      {
        "value": 1
      },
      {
        "value": 0.0
      },
      {
        "value": 0.0
      },
      {
        "value": 0
      },
      {
        "value": 0
      }
    ],
    [
      {
        "value": ""
      },
      {
        "value": 5
      },
      {
        "value": 1
      },
      {
        "value": 0.0
      },
      {
        "value": 0.0
      },
      {
        "value": 0
      },
      {
        "value": 0
      }
    ],
    [
      {
        "value": "second division"
      },
      {
        "value": 30
      },
      {
        "value": 2
      },
      {
        "value": 1.0
      },
      {
        "value": 0.0
      },
      {
        "value": 0
      },
      {
        "value": 0
      }
    ],
    [
      {
        "value": "second division"
      },
      {
        "value": 40
      },
      {
        "value": 1
      },
      {
        "value": 1.0
      },
      {
        "value": 0.0
      },
      {
        "value": 4
      },
      {
        "value": 0
      }
    ],
    [
      {
        "value": "second division"
      },
      {
        "value": 40
      },
      {
        "value": 8
      },
      {
        "value": 1.0
      },
      {
        "value": 0.0
      },
      {
        "value": 5
      },
      {
        "value": 2
      }
    ],
    [
      {
        "value": "first division"
      },
      {
        "value": 38
      },
      {
        "value": 7
      },
      {
        "value": 3.0
      },
      {
        "value": 0.0
      },
      {
        "value": 7
      },
      {
        "value": 5
      }
    ],
    [
      {
        "value": "first division"
      },
      {
        "value": 14
      },
      {
        "value": 1
      },
      {
        "value": 1.0
      },
      {
        "value": 0.0
      },
      {
        "value": 2
      },
      {
        "value": 0
      }
    ],
    [
      {
        "value": ""
      },
      {
        "value": 162
      },
      {
        "value": 19
      },
      {
        "value": 7.0
      },
      {
        "value": 0.0
      },
      {
        "value": 18
      },
      {
        "value": 7
      }
    ],
    [
      {
        "value": "first division"
      },
      {
        "value": 24
      },
      {
        "value": 4
      },
      {
        "value": 2.0
      },
      {
        "value": 0.0
      },
      {
        "value": 0
      },
      {
        "value": 0
      }
    ],
    [
      {
        "value": "first division"
      },
      {
        "value": 40
      },
      {
        "value": 4
      },
      {
        "value": 8.0
      },
      {
        "value": 0.0
      },
      {
        "value": 3
      },
      {
        "value": 0
      }
    ],
    [
      {
        "value": "first division"
      },
      {
        "value": 39
      },
      {
        "value": 2
      },
      {
        "value": 1.0
      },
      {
        "value": 0.0
      },
      {
        "value": 5
      },
      {
        "value": 1
      }
    ],
    [
      {
        "value": "first division"
      },
      {
        "value": 12
      },
      {
        "value": 1
      },
      {
        "value": 0.0
      },
      {
        "value": 0.0
      },
      {
        "value": 3
      },
      {
        "value": 1
      }
    ],
    [
      {
        "value": ""
      },
      {
        "value": 115
      },
      {
        "value": 11
      },
      {
        "value": 11.0
      },
      {
        "value": 0.0
      },
      {
        "value": 11
      },
      {
        "value": 2
      }
    ],
    [
      {
        "value": "first division"
      },
      {
        "value": 3
      },
      {
        "value": 0
      },
      {
        "value": 0.0
      },
      {
        "value": 0.0
      },
      {
        "value": 0
      },
      {
        "value": 0
      }
    ],
    [
      {
        "value": "first division"
      },
      {
        "value": 18
      },
      {
        "value": 0
      },
      {
        "value": 0.0
      },
      {
        "value": 0.0
      },
      {
        "value": 0
      },
      {
        "value": 0
      }
    ],
    [
      {
        "value": "first division"
      },
      {
        "value": 17
      },
      {
        "value": 1
      },
      {
        "value": 0.0
      },
      {
        "value": 0.0
      },
      {
        "value": 0
      },
      {
        "value": 0
      }
    ],
    [
      {
        "value": "first division"
      },
      {
        "value": 40
      },
      {
        "value": 2
      },
      {
        "value": 3.0
      },
      {
        "value": 1.0
      },
      {
        "value": 6
      },
      {
        "value": 2
      }
    ],
    [
      {
        "value": "first division"
      },
      {
        "value": 42
      },
      {
        "value": 3
      },
      {
        "value": 2.0
      },
      {
        "value": 0.0
      },
      {
        "value": 4
      },
      {
        "value": 0
      }
    ],
    [
      {
        "value": "second division"
      },
      {
        "value": 8
      },
      {
        "value": 0
      },
      {
        "value": 0.0
      },
      {
        "value": 0.0
      },
      {
        "value": 0
      },
      {
        "value": 0
      }
    ],
    [
      {
        "value": ""
      },
      {
        "value": 128
      },
      {
        "value": 6
      },
      {
        "value": 5.0
      },
      {
        "value": 1.0
      },
      {
        "value": 10
      },
      {
        "value": 2
      }
    ],
    [
      {
        "value": "nasl"
      },
      {
        "value": 25
      },
      {
        "value": 5
      },
      {
        "value": "-"
      },
      {
        "value": "-"
      },
      {
        "value": 25
      },
      {
        "value": 5
      }
    ],
    [
      {
        "value": "third division"
      },
      {
        "value": 5
      },
      {
        "value": 1
      },
      {
        "value": 0.0
      },
      {
        "value": 0.0
      },
      {
        "value": 0
      },
      {
        "value": 0
      }
    ],
    [
      {
        "value": ""
      },
      {
        "value": 440
      },
      {
        "value": 43
      },
      {
        "value": 23.0
      },
      {
        "value": 1.0
      },
      {
        "value": 39
      },
      {
        "value": 11
      }
    ]
  ]
}