{
  "title": "percentage distribution of black male workers and other male workers aged 25 to 59, by industry sector and generation, canada, 2016",
  "top_root": {
    "name": "<TOP>",
    "value": "<TOP>",
    "type": "string",
    "line_idx": null,
    "children_dict": [
      {
        "name": "black male workers",
        "value": "black male workers",
        "type": "string",
        "children_dict": [
          {
            "name": "immigrant",
            "value": "immigrant",
            "type": "string",
            "children_dict": [],
            "line_idx": 0
          },
          {
            "name": "second generation",
            "value": "second generation",
            "type": "string",
            "children_dict": [],
            "line_idx": 1
          },
          {
            "name": "third generation or more",
            "value": "third generation or more",
            "type": "string",
            "children_dict": [],
            "line_idx": 2
          },
          {
            "name": "total",
            "value": "total",
            "type": "string",
            "children_dict": [],
            "line_idx": 3
          }
        ],
        "line_idx": null
      },
      {
        "name": "other male workers",
        "value": "other male workers",
        "type": "string",
        "children_dict": [
          {
            "name": "immigrant",
            "value": "immigrant",
            "type": "string",
            "children_dict": [],
            "line_idx": 4
          },
          {
            "name": "second generation",
            "value": "second generation",
            "type": "string",
            "children_dict": [],
            "line_idx": 5
          },
          {
            "name": "third generation or more",
            "value": "third generation or more",
            "type": "string",
            "children_dict": [],
            "line_idx": 6
          },
          {
            "name": "total",
            "value": "total",
            "type": "string",
            "children_dict": [],
            "line_idx": 7
          }
        ],
        "line_idx": null
      }
    ]
  },
  "left_root": {
    "name": "<LEFT>",
    "value": "<LEFT>",
    "type": "string",
    "line_idx": null,
    "children_dict": [
      {
        "name": "percent",
        "value": "percent",
        "type": "string",
        "children_dict": [
          {
            "name": "agriculture, forestry, fishing and hunting",
            "value": "agriculture, forestry, fishing and hunting",
            "type": "string",
            "children_dict": [],
            "line_idx": 0
          },
          {
            "name": "mining, quarrying, and oil and gas extraction",
            "value": "mining, quarrying, and oil and gas extraction",
            "type": "string",
            "children_dict": [],
            "line_idx": 1
          },
          {
            "name": "utilities",
            "value": "utilities",
            "type": "string",
            "children_dict": [],
            "line_idx": 2
          },
          {
            "name": "construction",
            "value": "construction",
            "type": "string",
            "children_dict": [],
            "line_idx": 3
          },
          {
            "name": "manufacturing",
            "value": "manufacturing",
            "type": "string",
            "children_dict": [],
            "line_idx": 4
          },
          {
            "name": "wholesale trade",
            "value": "wholesale trade",
            "type": "string",
            "children_dict": [],
            "line_idx": 5
          },
          {
            "name": "retail trade",
            "value": "retail trade",
            "type": "string",
            "children_dict": [],
            "line_idx": 6
          },
          {
            "name": "transportation and warehousing",
            "value": "transportation and warehousing",
            "type": "string",
            "children_dict": [],
            "line_idx": 7
          },
          {
            "name": "information and cultural industries",
            "value": "information and cultural industries",
            "type": "string",
            "children_dict": [],
            "line_idx": 8
          },
          {
            "name": "finance and insurance",
            "value": "finance and insurance",
            "type": "string",
            "children_dict": [],
            "line_idx": 9
          },
          {
            "name": "real estate and rental and leasing",
            "value": "real estate and rental and leasing",
            "type": "string",
            "children_dict": [],
            "line_idx": 10
          },
          {
            "name": "professional, scientific and technical services",
            "value": "professional, scientific and technical services",
            "type": "string",
            "children_dict": [],
            "line_idx": 11
          },
          {
            "name": "administrative and support, waste management and remediation services",
            "value": "administrative and support, waste management and remediation services",
            "type": "string",
            "children_dict": [],
            "line_idx": 12
          },
          {
            "name": "educational services",
            "value": "educational services",
            "type": "string",
            "children_dict": [],
            "line_idx": 13
          },
          {
            "name": "health care and social assistance",
            "value": "health care and social assistance",
            "type": "string",
            "children_dict": [],
            "line_idx": 14
          },
          {
            "name": "arts, entertainment and recreation",
            "value": "arts, entertainment and recreation",
            "type": "string",
            "children_dict": [],
            "line_idx": 15
          },
          {
            "name": "accommodation and food services",
            "value": "accommodation and food services",
            "type": "string",
            "children_dict": [],
            "line_idx": 16
          },
          {
            "name": "other services",
            "value": "other services",
            "type": "string",
            "children_dict": [],
            "line_idx": 17
          },
          {
            "name": "public administration",
            "value": "public administration",
            "type": "string",
            "children_dict": [],
            "line_idx": 18
          },
          {
            "name": "total",
            "value": "total",
            "type": "string",
            "children_dict": [],
            "line_idx": 19
          }
        ],
        "line_idx": null
      }
    ]
  },
  "data": [
    [
      {
        "value": 0.7
      },
      {
        "value": 0.3
      },
      {
        "value": 1.3
      },
      {
        "value": 0.8
      },
      {
        "value": 1.2
      },
      {
        "value": 1.8
      },
      {
        "value": 3.7
      },
      {
        "value": 2.8
      }
    ],
    [
      {
        "value": 1.3
      },
      {
        "value": 0.7
      },
      {
        "value": 2.3
      },
      {
        "value": 1.2
      },
      {
        "value": 1.2
      },
      {
        "value": 1.7
      },
      {
        "value": 3.6
      },
      {
        "value": 2.7
      }
    ],
    [
      {
        "value": 0.5
      },
      {
        "value": 0.6
      },
      {
        "value": 0.6
      },
      {
        "value": 0.5
      },
      {
        "value": 0.7
      },
      {
        "value": 1.1
      },
      {
        "value": 1.5
      },
      {
        "value": 1.2
      }
    ],
    [
      {
        "value": 8.0
      },
      {
        "value": 7.5
      },
      {
        "value": 13.7
      },
      {
        "value": 8.1
      },
      {
        "value": 10.2
      },
      {
        "value": 12.8
      },
      {
        "value": 14.9
      },
      {
        "value": 13.4
      }
    ],
    [
      {
        "value": 24.2
      },
      {
        "value": 17.3
      },
      {
        "value": 29.0
      },
      {
        "value": 23.1
      },
      {
        "value": 27.4
      },
      {
        "value": 28.1
      },
      {
        "value": 36.6
      },
      {
        "value": 32.9
      }
    ],
    [
      {
        "value": 4.5
      },
      {
        "value": 4.4
      },
      {
        "value": 3.4
      },
      {
        "value": 4.3
      },
      {
        "value": 4.9
      },
      {
        "value": 5.3
      },
      {
        "value": 5.0
      },
      {
        "value": 5.0
      }
    ],
    [
      {
        "value": 7.1
      },
      {
        "value": 9.9
      },
      {
        "value": 8.6
      },
      {
        "value": 7.9
      },
      {
        "value": 8.6
      },
      {
        "value": 8.7
      },
      {
        "value": 8.3
      },
      {
        "value": 8.4
      }
    ],
    [
      {
        "value": 12.2
      },
      {
        "value": 8.6
      },
      {
        "value": 8.3
      },
      {
        "value": 11.1
      },
      {
        "value": 9.2
      },
      {
        "value": 6.2
      },
      {
        "value": 6.6
      },
      {
        "value": 7.1
      }
    ],
    [
      {
        "value": 2.8
      },
      {
        "value": 5.4
      },
      {
        "value": 2.8
      },
      {
        "value": 3.3
      },
      {
        "value": 3.0
      },
      {
        "value": 3.6
      },
      {
        "value": 2.5
      },
      {
        "value": 2.8
      }
    ],
    [
      {
        "value": 4.3
      },
      {
        "value": 6.2
      },
      {
        "value": 2.7
      },
      {
        "value": 4.6
      },
      {
        "value": 5.1
      },
      {
        "value": 5.3
      },
      {
        "value": 2.8
      },
      {
        "value": 3.7
      }
    ],
    [
      {
        "value": 1.7
      },
      {
        "value": 1.9
      },
      {
        "value": 2.0
      },
      {
        "value": 1.7
      },
      {
        "value": 2.2
      },
      {
        "value": 2.3
      },
      {
        "value": 1.6
      },
      {
        "value": 1.8
      }
    ],
    [
      {
        "value": 6.6
      },
      {
        "value": 8.4
      },
      {
        "value": 5.1
      },
      {
        "value": 6.9
      },
      {
        "value": 11.2
      },
      {
        "value": 9.9
      },
      {
        "value": 6.8
      },
      {
        "value": 8.4
      }
    ],
    [
      {
        "value": 9.9
      },
      {
        "value": 8.8
      },
      {
        "value": 9.0
      },
      {
        "value": 9.7
      },
      {
        "value": 4.8
      },
      {
        "value": 4.3
      },
      {
        "value": 4.4
      },
      {
        "value": 4.5
      }
    ],
    [
      {
        "value": 4.3
      },
      {
        "value": 4.3
      },
      {
        "value": 4.2
      },
      {
        "value": 4.5
      },
      {
        "value": 4.0
      },
      {
        "value": 5.4
      },
      {
        "value": 4.5
      },
      {
        "value": 4.6
      }
    ],
    [
      {
        "value": 7.5
      },
      {
        "value": 5.7
      },
      {
        "value": 4.3
      },
      {
        "value": 6.9
      },
      {
        "value": 4.7
      },
      {
        "value": 4.5
      },
      {
        "value": 3.9
      },
      {
        "value": 4.1
      }
    ],
    [
      {
        "value": 1.1
      },
      {
        "value": 3.4
      },
      {
        "value": 2.6
      },
      {
        "value": 1.7
      },
      {
        "value": 1.1
      },
      {
        "value": 2.0
      },
      {
        "value": 1.8
      },
      {
        "value": 1.7
      }
    ],
    [
      {
        "value": 3.9
      },
      {
        "value": 5.8
      },
      {
        "value": 6.1
      },
      {
        "value": 4.5
      },
      {
        "value": 6.7
      },
      {
        "value": 3.8
      },
      {
        "value": 3.0
      },
      {
        "value": 4.2
      }
    ],
    [
      {
        "value": 4.3
      },
      {
        "value": 3.3
      },
      {
        "value": 3.4
      },
      {
        "value": 4.1
      },
      {
        "value": 3.6
      },
      {
        "value": 3.4
      },
      {
        "value": 3.9
      },
      {
        "value": 3.8
      }
    ],
    [
      {
        "value": 5.6
      },
      {
        "value": 6.8
      },
      {
        "value": 8.4
      },
      {
        "value": 5.8
      },
      {
        "value": 3.5
      },
      {
        "value": 7.3
      },
      {
        "value": 8.3
      },
      {
        "value": 6.9
      }
    ],
    [
      {
        "value": 100.0
      },
      {
        "value": 100.0
      },
      {
        "value": 100.0
      },
      {
        "value": 100.0
      },
      {
        "value": 100.0
      },
      {
        "value": 100.0
      },
      {
        "value": 100.0
      },
      {
        "value": 100.0
      }
    ]
  ]
}