{
  "title": "likelihood of an immigranttable 4 note 1 owning a private incorporated business compared to the canadian-born,table 4 note 2 selected industries, by immigrant class, 2010",
  "top_root": {
    "name": "<TOP>",
    "value": "<TOP>",
    "type": "string",
    "line_idx": null,
    "children_dict": [
      {
        "name": "all immigrants",
        "value": "all immigrants",
        "type": "string",
        "children_dict": [],
        "line_idx": 0
      },
      {
        "name": "immigrant class",
        "value": "immigrant class",
        "type": "string",
        "children_dict": [
          {
            "name": "family",
            "value": "family",
            "type": "string",
            "children_dict": [],
            "line_idx": 1
          },
          {
            "name": "economic",
            "value": "economic",
            "type": "string",
            "children_dict": [],
            "line_idx": 2
          },
          {
            "name": "refugee",
            "value": "refugee",
            "type": "string",
            "children_dict": [],
            "line_idx": 3
          }
        ],
        "line_idx": null
      }
    ]
  },
  "left_root": {
    "name": "<LEFT>",
    "value": "<LEFT>",
    "type": "string",
    "line_idx": null,
    "children_dict": [
      {
        "name": "ratio",
        "value": "ratio",
        "type": "string",
        "children_dict": [
          {
            "name": "all industries",
            "value": "all industries",
            "type": "string",
            "children_dict": [],
            "line_idx": 0
          },
          {
            "name": "industry group",
            "value": "industry group",
            "type": "string",
            "children_dict": [
              {
                "name": "knowledge-based industries",
                "value": "knowledge-based industries",
                "type": "string",
                "children_dict": [],
                "line_idx": 2
              },
              {
                "name": "engineering and information technology",
                "value": "engineering and information technology",
                "type": "string",
                "children_dict": [],
                "line_idx": 3
              },
              {
                "name": "retail (grocery) and food services",
                "value": "retail (grocery) and food services",
                "type": "string",
                "children_dict": [],
                "line_idx": 4
              },
              {
                "name": "taxi, janitorial, landscaping",
                "value": "taxi, janitorial, landscaping",
                "type": "string",
                "children_dict": [],
                "line_idx": 5
              },
              {
                "name": "lessor of real estate",
                "value": "lessor of real estate",
                "type": "string",
                "children_dict": [],
                "line_idx": 6
              }
            ],
            "line_idx": 1
          }
        ],
        "line_idx": null
      }
    ]
  },
  "data": [
    [
      {
        "value": 1.0
      },
      {
        "value": 0.9
      },
      {
        "value": 1.0
      },
      {
        "value": 0.7
      }
    ],
    [
      {
        "value": ""
      },
      {
        "value": ""
      },
      {
        "value": ""
      },
      {
        "value": ""
      }
    ],
    [
      {
        "value": 1.2
      },
      {
        "value": 0.7
      },
      {
        "value": 1.8
      },
      {
        "value": 0.5
      }
    ],
    [
      {
        "value": 1.3
      },
      {
        "value": 0.7
      },
      {
        "value": 2.0
      },
      {
        "value": 0.5
      }
    ],
    [
      {
        "value": 1.7
      },
      {
        "value": 1.6
      },
      {
        "value": 1.5
      },
      {
        "value": 1.6
      }
    ],
    [
      {
        "value": ""
      },
      {
        "value": ""
      },
      {
        "value": ""
      },
      {
        "value": ""
      }
    ],
    [
      {
        "value": ""
      },
      {
        "value": ""
      },
      {
        "value": ""
      },
      {
        "value": ""
      }
    ]
  ]
}