{
  "title": "college statistics",
  "top_root": {
    "name": "<TOP>",
    "value": "<TOP>",
    "type": "string",
    "line_idx": null,
    "children_dict": [
      {
        "name": "passing",
        "value": "passing",
        "type": "string",
        "children_dict": [
          {
            "name": "comp",
            "value": "comp",
            "type": "string",
            "children_dict": [],
            "line_idx": 0
          },
          {
            "name": "att",
            "value": "att",
            "type": "string",
            "children_dict": [],
            "line_idx": 1
          },
          {
            "name": "pct",
            "value": "pct",
            "type": "string",
            "children_dict": [],
            "line_idx": 2
          },
          {
            "name": "yds",
            "value": "yds",
            "type": "string",
            "children_dict": [],
            "line_idx": 3
          },
          {
            "name": "y/a",
            "value": "y/a",
            "type": "string",
            "children_dict": [],
            "line_idx": 4
          },
          {
            "name": "td",
            "value": "td",
            "type": "string",
            "children_dict": [],
            "line_idx": 5
          },
          {
            "name": "int",
            "value": "int",
            "type": "string",
            "children_dict": [],
            "line_idx": 6
          }
        ],
        "line_idx": null
      },
      {
        "name": "rushing",
        "value": "rushing",
        "type": "string",
        "children_dict": [
          {
            "name": "att",
            "value": "att",
            "type": "string",
            "children_dict": [],
            "line_idx": 7
          },
          {
            "name": "yds",
            "value": "yds",
            "type": "string",
            "children_dict": [],
            "line_idx": 8
          },
          {
            "name": "avg",
            "value": "avg",
            "type": "string",
            "children_dict": [],
            "line_idx": 9
          },
          {
            "name": "td",
            "value": "td",
            "type": "string",
            "children_dict": [],
            "line_idx": 10
          }
        ],
        "line_idx": null
      }
    ]
  },
  "left_root": {
    "name": "<LEFT>",
    "value": "<LEFT>",
    "type": "string",
    "line_idx": null,
    "children_dict": [
      {
        "name": "2008",
        "value": "2008",
        "type": "string",
        "children_dict": [
          {
            "name": "buffalo",
            "value": "buffalo",
            "type": "string",
            "children_dict": [],
            "line_idx": 0
          }
        ],
        "line_idx": null
      },
      {
        "name": "2009",
        "value": "2009",
        "type": "string",
        "children_dict": [
          {
            "name": "buffalo",
            "value": "buffalo",
            "type": "string",
            "children_dict": [],
            "line_idx": 1
          }
        ],
        "line_idx": null
      },
      {
        "name": "2011",
        "value": "2011",
        "type": "string",
        "children_dict": [
          {
            "name": "california",
            "value": "california",
            "type": "string",
            "children_dict": [],
            "line_idx": 2
          }
        ],
        "line_idx": null
      },
      {
        "name": "2012",
        "value": "2012",
        "type": "string",
        "children_dict": [
          {
            "name": "california",
            "value": "california",
            "type": "string",
            "children_dict": [],
            "line_idx": 3
          }
        ],
        "line_idx": null
      },
      {
        "name": "career",
        "value": "career",
        "type": "string",
        "children_dict": [],
        "line_idx": 4
      }
    ]
  },
  "data": [
    [
      {
        "value": 1.0
      },
      {
        "value": 3.0
      },
      {
        "value": 33.3
      },
      {
        "value": 7.0
      },
      {
        "value": 2.3
      },
      {
        "value": 0.0
      },
      {
        "value": 0.0
      },
      {
        "value": 8.0
      },
      {
        "value": 56.0
      },
      {
        "value": 7.0
      },
      {
        "value": 0.0
      }
    ],
    [
      {
        "value": 218.0
      },
      {
        "value": 379.0
      },
      {
        "value": 57.5
      },
      {
        "value": 2694.0
      },
      {
        "value": 7.1
      },
      {
        "value": 18.0
      },
      {
        "value": 15.0
      },
      {
        "value": 87.0
      },
      {
        "value": 300.0
      },
      {
        "value": 3.4
      },
      {
        "value": 1.0
      }
    ],
    [
      {
        "value": 231.0
      },
      {
        "value": 405.0
      },
      {
        "value": 57.0
      },
      {
        "value": 2990.0
      },
      {
        "value": 7.4
      },
      {
        "value": 17.0
      },
      {
        "value": 12.0
      },
      {
        "value": 84.0
      },
      {
        "value": 108.0
      },
      {
        "value": 1.3
      },
      {
        "value": 4.0
      }
    ],
    [
      {
        "value": 180.0
      },
      {
        "value": 296.0
      },
      {
        "value": 60.8
      },
      {
        "value": 2214.0
      },
      {
        "value": 7.5
      },
      {
        "value": 12.0
      },
      {
        "value": 10.0
      },
      {
        "value": 98.0
      },
      {
        "value": 32.0
      },
      {
        "value": 0.3
      },
      {
        "value": 3.0
      }
    ],
    [
      {
        "value": 630.0
      },
      {
        "value": 1081.0
      },
      {
        "value": 58.3
      },
      {
        "value": 7905.0
      },
      {
        "value": 7.3
      },
      {
        "value": 47.0
      },
      {
        "value": 37.0
      },
      {
        "value": 277.0
      },
      {
        "value": 496.0
      },
      {
        "value": 1.8
      },
      {
        "value": 8.0
      }
    ]
  ]
}