{
  "title": "notable singles",
  "top_root": {
    "name": "<TOP>",
    "value": "<TOP>",
    "type": "string",
    "line_idx": null,
    "children_dict": [
      {
        "name": "chart positions",
        "value": "chart positions",
        "type": "string",
        "children_dict": [
          {
            "name": "uk",
            "value": "uk",
            "type": "string",
            "children_dict": [],
            "line_idx": 0
          },
          {
            "name": "au",
            "value": "au",
            "type": "string",
            "children_dict": [],
            "line_idx": 1
          },
          {
            "name": "ca",
            "value": "ca",
            "type": "string",
            "children_dict": [],
            "line_idx": 2
          },
          {
            "name": "us",
            "value": "us",
            "type": "string",
            "children_dict": [],
            "line_idx": 3
          },
          {
            "name": "us mod",
            "value": "us mod",
            "type": "string",
            "children_dict": [],
            "line_idx": 4
          }
        ],
        "line_idx": null
      },
      {
        "name": "album",
        "value": "album",
        "type": "string",
        "children_dict": [],
        "line_idx": 5
      }
    ]
  },
  "left_root": {
    "name": "<LEFT>",
    "value": "<LEFT>",
    "type": "string",
    "line_idx": null,
    "children_dict": [
      {
        "name": "1977",
        "value": "1977",
        "type": "string",
        "children_dict": [
          {
            "name": "hold back the night",
            "value": "hold back the night",
            "type": "string",
            "children_dict": [],
            "line_idx": 0
          },
          {
            "name": "(let me get) sweet on you",
            "value": "(let me get) sweet on you",
            "type": "string",
            "children_dict": [],
            "line_idx": 1
          }
        ],
        "line_idx": null
      },
      {
        "name": "1978",
        "value": "1978",
        "type": "string",
        "children_dict": [
          {
            "name": "the new york shuffle",
            "value": "the new york shuffle",
            "type": "string",
            "children_dict": [],
            "line_idx": 2
          },
          {
            "name": "hey lord, don't ask me questions",
            "value": "hey lord, don't ask me questions",
            "type": "string",
            "children_dict": [],
            "line_idx": 3
          }
        ],
        "line_idx": null
      },
      {
        "name": "1979",
        "value": "1979",
        "type": "string",
        "children_dict": [
          {
            "name": "protection",
            "value": "protection",
            "type": "string",
            "children_dict": [],
            "line_idx": 4
          },
          {
            "name": "discovering japan",
            "value": "discovering japan",
            "type": "string",
            "children_dict": [],
            "line_idx": 5
          },
          {
            "name": "local girls",
            "value": "local girls",
            "type": "string",
            "children_dict": [],
            "line_idx": 6
          },
          {
            "name": "i want you back",
            "value": "i want you back",
            "type": "string",
            "children_dict": [],
            "line_idx": 7
          }
        ],
        "line_idx": null
      },
      {
        "name": "1982",
        "value": "1982",
        "type": "string",
        "children_dict": [
          {
            "name": "temporary beauty",
            "value": "temporary beauty",
            "type": "string",
            "children_dict": [],
            "line_idx": 8
          }
        ],
        "line_idx": null
      },
      {
        "name": "1983",
        "value": "1983",
        "type": "string",
        "children_dict": [
          {
            "name": "life gets better",
            "value": "life gets better",
            "type": "string",
            "children_dict": [],
            "line_idx": 9
          }
        ],
        "line_idx": null
      },
      {
        "name": "1985",
        "value": "1985",
        "type": "string",
        "children_dict": [
          {
            "name": "wake up",
            "value": "wake up",
            "type": "string",
            "children_dict": [],
            "line_idx": 10
          }
        ],
        "line_idx": null
      },
      {
        "name": "1988",
        "value": "1988",
        "type": "string",
        "children_dict": [
          {
            "name": "get started. start a fire",
            "value": "get started. start a fire",
            "type": "string",
            "children_dict": [],
            "line_idx": 11
          },
          {
            "name": "don't let it break you down",
            "value": "don't let it break you down",
            "type": "string",
            "children_dict": [],
            "line_idx": 12
          }
        ],
        "line_idx": null
      },
      {
        "name": "1989",
        "value": "1989",
        "type": "string",
        "children_dict": [
          {
            "name": "big man on paper",
            "value": "big man on paper",
            "type": "string",
            "children_dict": [],
            "line_idx": 13
          }
        ],
        "line_idx": null
      }
    ]
  },
  "data": [
    [
      {
        "value": 24.0
      },
      {
        "value": "-"
      },
      {
        "value": "-"
      },
      {
        "value": 58.0
      },
      {
        "value": "-"
      },
      {
        "value": "the pink parker"
      }
    ],
    [
      {
        "value": 24.0
      },
      {
        "value": "-"
      },
      {
        "value": "-"
      },
      {
        "value": 107.0
      },
      {
        "value": "-"
      },
      {
        "value": "the pink parker"
      }
    ],
    [
      {
        "value": "-"
      },
      {
        "value": 49.0
      },
      {
        "value": "-"
      },
      {
        "value": "-"
      },
      {
        "value": "-"
      },
      {
        "value": "stick to me"
      }
    ],
    [
      {
        "value": 32.0
      },
      {
        "value": 24.0
      },
      {
        "value": "-"
      },
      {
        "value": "-"
      },
      {
        "value": "-"
      },
      {
        "value": "the parkerilla"
      }
    ],
    [
      {
        "value": "-"
      },
      {
        "value": 46.0
      },
      {
        "value": "-"
      },
      {
        "value": "-"
      },
      {
        "value": "-"
      },
      {
        "value": "squeezing out sparks"
      }
    ],
    [
      {
        "value": "-"
      },
      {
        "value": "-"
      },
      {
        "value": "-"
      },
      {
        "value": "-"
      },
      {
        "value": "-"
      },
      {
        "value": "squeezing out sparks"
      }
    ],
    [
      {
        "value": "-"
      },
      {
        "value": "-"
      },
      {
        "value": "-"
      },
      {
        "value": "-"
      },
      {
        "value": "-"
      },
      {
        "value": "squeezing out sparks"
      }
    ],
    [
      {
        "value": "-"
      },
      {
        "value": 46.0
      },
      {
        "value": "-"
      },
      {
        "value": 103.0
      },
      {
        "value": "-"
      },
      {
        "value": "non-lp"
      }
    ],
    [
      {
        "value": 50.0
      },
      {
        "value": "-"
      },
      {
        "value": "-"
      },
      {
        "value": "-"
      },
      {
        "value": "-"
      },
      {
        "value": "another grey area"
      }
    ],
    [
      {
        "value": "-"
      },
      {
        "value": 35.0
      },
      {
        "value": "-"
      },
      {
        "value": 94.0
      },
      {
        "value": "-"
      },
      {
        "value": "the real macaw"
      }
    ],
    [
      {
        "value": "-"
      },
      {
        "value": "-"
      },
      {
        "value": 94.0
      },
      {
        "value": 39.0
      },
      {
        "value": "-"
      },
      {
        "value": "steady nerves"
      }
    ],
    [
      {
        "value": "-"
      },
      {
        "value": "-"
      },
      {
        "value": 85.0
      },
      {
        "value": "-"
      },
      {
        "value": "-"
      },
      {
        "value": "the mona lisa's sister"
      }
    ],
    [
      {
        "value": "-"
      },
      {
        "value": "-"
      },
      {
        "value": "-"
      },
      {
        "value": "-"
      },
      {
        "value": 27.0
      },
      {
        "value": "the mona lisa's sister"
      }
    ],
    [
      {
        "value": "-"
      },
      {
        "value": "-"
      },
      {
        "value": "-"
      },
      {
        "value": "-"
      },
      {
        "value": 18.0
      },
      {
        "value": "human soul"
      }
    ]
  ]
}