{
  "title": "club",
  "top_root": {
    "name": "<TOP>",
    "value": "<TOP>",
    "type": "string",
    "line_idx": null,
    "children_dict": [
      {
        "name": "league",
        "value": "league",
        "type": "string",
        "children_dict": [
          {
            "name": "division",
            "value": "division",
            "type": "string",
            "children_dict": [],
            "line_idx": 0
          },
          {
            "name": "apps",
            "value": "apps",
            "type": "string",
            "children_dict": [],
            "line_idx": 1
          },
          {
            "name": "goals",
            "value": "goals",
            "type": "string",
            "children_dict": [],
            "line_idx": 2
          }
        ],
        "line_idx": null
      },
      {
        "name": "cup",
        "value": "cup",
        "type": "string",
        "children_dict": [
          {
            "name": "apps",
            "value": "apps",
            "type": "string",
            "children_dict": [],
            "line_idx": 3
          },
          {
            "name": "goals",
            "value": "goals",
            "type": "string",
            "children_dict": [],
            "line_idx": 4
          }
        ],
        "line_idx": null
      },
      {
        "name": "europe",
        "value": "europe",
        "type": "string",
        "children_dict": [
          {
            "name": "apps",
            "value": "apps",
            "type": "string",
            "children_dict": [],
            "line_idx": 5
          },
          {
            "name": "goals",
            "value": "goals",
            "type": "string",
            "children_dict": [],
            "line_idx": 6
          }
        ],
        "line_idx": null
      },
      {
        "name": "total",
        "value": "total",
        "type": "string",
        "children_dict": [
          {
            "name": "apps",
            "value": "apps",
            "type": "string",
            "children_dict": [],
            "line_idx": 7
          },
          {
            "name": "goals",
            "value": "goals",
            "type": "string",
            "children_dict": [],
            "line_idx": 8
          }
        ],
        "line_idx": null
      }
    ]
  },
  "left_root": {
    "name": "<LEFT>",
    "value": "<LEFT>",
    "type": "string",
    "line_idx": null,
    "children_dict": [
      {
        "name": "fiorentina",
        "value": "fiorentina",
        "type": "string",
        "children_dict": [
          {
            "name": "2001-02",
            "value": "2001-02",
            "type": "string",
            "children_dict": [],
            "line_idx": 0
          },
          {
            "name": "total",
            "value": "total",
            "type": "string",
            "children_dict": [],
            "line_idx": 1
          }
        ],
        "line_idx": null
      },
      {
        "name": "sampdoria",
        "value": "sampdoria",
        "type": "string",
        "children_dict": [
          {
            "name": "2002-03",
            "value": "2002-03",
            "type": "string",
            "children_dict": [],
            "line_idx": 2
          },
          {
            "name": "2003-04",
            "value": "2003-04",
            "type": "string",
            "children_dict": [],
            "line_idx": 3
          },
          {
            "name": "2004-05",
            "value": "2004-05",
            "type": "string",
            "children_dict": [],
            "line_idx": 4
          },
          {
            "name": "2005-06",
            "value": "2005-06",
            "type": "string",
            "children_dict": [],
            "line_idx": 5
          },
          {
            "name": "2006-07",
            "value": "2006-07",
            "type": "string",
            "children_dict": [],
            "line_idx": 6
          },
          {
            "name": "2007-08",
            "value": "2007-08",
            "type": "string",
            "children_dict": [],
            "line_idx": 7
          },
          {
            "name": "2008-09",
            "value": "2008-09",
            "type": "string",
            "children_dict": [],
            "line_idx": 8
          },
          {
            "name": "2009-10",
            "value": "2009-10",
            "type": "string",
            "children_dict": [],
            "line_idx": 9
          },
          {
            "name": "2010-11",
            "value": "2010-11",
            "type": "string",
            "children_dict": [],
            "line_idx": 10
          },
          {
            "name": "2011-12",
            "value": "2011-12",
            "type": "string",
            "children_dict": [],
            "line_idx": 11
          },
          {
            "name": "2012-13",
            "value": "2012-13",
            "type": "string",
            "children_dict": [],
            "line_idx": 12
          },
          {
            "name": "2013-14",
            "value": "2013-14",
            "type": "string",
            "children_dict": [],
            "line_idx": 13
          },
          {
            "name": "2014-15",
            "value": "2014-15",
            "type": "string",
            "children_dict": [],
            "line_idx": 14
          },
          {
            "name": "2015-16",
            "value": "2015-16",
            "type": "string",
            "children_dict": [],
            "line_idx": 15
          },
          {
            "name": "2016-17",
            "value": "2016-17",
            "type": "string",
            "children_dict": [],
            "line_idx": 16
          },
          {
            "name": "total",
            "value": "total",
            "type": "string",
            "children_dict": [],
            "line_idx": 17
          }
        ],
        "line_idx": null
      },
      {
        "name": "internazionale",
        "value": "internazionale",
        "type": "string",
        "children_dict": [
          {
            "name": "2011-12",
            "value": "2011-12",
            "type": "string",
            "children_dict": [],
            "line_idx": 18
          },
          {
            "name": "total",
            "value": "total",
            "type": "string",
            "children_dict": [],
            "line_idx": 19
          }
        ],
        "line_idx": null
      },
      {
        "name": "career total",
        "value": "career total",
        "type": "string",
        "children_dict": [],
        "line_idx": 20
      }
    ]
  },
  "data": [
    [
      {
        "value": "serie a"
      },
      {
        "value": 10
      },
      {
        "value": 0
      },
      {
        "value": 1.0
      },
      {
        "value": 0.0
      },
      {
        "value": "-"
      },
      {
        "value": "-"
      },
      {
        "value": 11.0
      },
      {
        "value": 0.0
      }
    ],
    [
      {
        "value": ""
      },
      {
        "value": 10
      },
      {
        "value": 0
      },
      {
        "value": 1.0
      },
      {
        "value": 0.0
      },
      {
        "value": 0.0
      },
      {
        "value": 0.0
      },
      {
        "value": 11.0
      },
      {
        "value": 0.0
      }
    ],
    [
      {
        "value": "serie a"
      },
      {
        "value": 32
      },
      {
        "value": 1
      },
      {
        "value": 5.0
      },
      {
        "value": 0.0
      },
      {
        "value": "-"
      },
      {
        "value": "-"
      },
      {
        "value": 37.0
      },
      {
        "value": 1.0
      }
    ],
    [
      {
        "value": "serie a"
      },
      {
        "value": 31
      },
      {
        "value": 0
      },
      {
        "value": 1.0
      },
      {
        "value": 0.0
      },
      {
        "value": "-"
      },
      {
        "value": "-"
      },
      {
        "value": 32.0
      },
      {
        "value": 0.0
      }
    ],
    [
      {
        "value": "serie a"
      },
      {
        "value": 37
      },
      {
        "value": 0
      },
      {
        "value": 1.0
      },
      {
        "value": 0.0
      },
      {
        "value": "-"
      },
      {
        "value": "-"
      },
      {
        "value": 38.0
      },
      {
        "value": 0.0
      }
    ],
    [
      {
        "value": "serie a"
      },
      {
        "value": 31
      },
      {
        "value": 1
      },
      {
        "value": 2.0
      },
      {
        "value": 0.0
      },
      {
        "value": 3.0
      },
      {
        "value": 0.0
      },
      {
        "value": 36.0
      },
      {
        "value": 1.0
      }
    ],
    [
      {
        "value": "serie a"
      },
      {
        "value": 36
      },
      {
        "value": 2
      },
      {
        "value": 7.0
      },
      {
        "value": 0.0
      },
      {
        "value": "-"
      },
      {
        "value": "-"
      },
      {
        "value": 43.0
      },
      {
        "value": 2.0
      }
    ],
    [
      {
        "value": "serie a"
      },
      {
        "value": 33
      },
      {
        "value": 1
      },
      {
        "value": 2.0
      },
      {
        "value": 1.0
      },
      {
        "value": 5.0
      },
      {
        "value": 0.0
      },
      {
        "value": 40.0
      },
      {
        "value": 2.0
      }
    ],
    [
      {
        "value": "serie a"
      },
      {
        "value": 25
      },
      {
        "value": 2
      },
      {
        "value": 4.0
      },
      {
        "value": 0.0
      },
      {
        "value": 2.0
      },
      {
        "value": 0.0
      },
      {
        "value": 31.0
      },
      {
        "value": 2.0
      }
    ],
    [
      {
        "value": "serie a"
      },
      {
        "value": 36
      },
      {
        "value": 2
      },
      {
        "value": 2.0
      },
      {
        "value": 1.0
      },
      {
        "value": "-"
      },
      {
        "value": "-"
      },
      {
        "value": 38.0
      },
      {
        "value": 3.0
      }
    ],
    [
      {
        "value": "serie a"
      },
      {
        "value": 34
      },
      {
        "value": 1
      },
      {
        "value": 2.0
      },
      {
        "value": 0.0
      },
      {
        "value": 6.0
      },
      {
        "value": 0.0
      },
      {
        "value": 42.0
      },
      {
        "value": 1.0
      }
    ],
    [
      {
        "value": "serie b"
      },
      {
        "value": 22
      },
      {
        "value": 1
      },
      {
        "value": 2.0
      },
      {
        "value": 0.0
      },
      {
        "value": "-"
      },
      {
        "value": "-"
      },
      {
        "value": 24.0
      },
      {
        "value": 1.0
      }
    ],
    [
      {
        "value": "serie a"
      },
      {
        "value": 15
      },
      {
        "value": 0
      },
      {
        "value": 0.0
      },
      {
        "value": 0.0
      },
      {
        "value": "-"
      },
      {
        "value": "-"
      },
      {
        "value": 15.0
      },
      {
        "value": 0.0
      }
    ],
    [
      {
        "value": "serie a"
      },
      {
        "value": 32
      },
      {
        "value": 1
      },
      {
        "value": 1.0
      },
      {
        "value": 0.0
      },
      {
        "value": "-"
      },
      {
        "value": "-"
      },
      {
        "value": 33.0
      },
      {
        "value": 1.0
      }
    ],
    [
      {
        "value": "serie a"
      },
      {
        "value": 36
      },
      {
        "value": 1
      },
      {
        "value": 1.0
      },
      {
        "value": 0.0
      },
      {
        "value": "-"
      },
      {
        "value": "-"
      },
      {
        "value": 37.0
      },
      {
        "value": 1.0
      }
    ],
    [
      {
        "value": "serie a"
      },
      {
        "value": 7
      },
      {
        "value": 0
      },
      {
        "value": "-"
      },
      {
        "value": "-"
      },
      {
        "value": 1.0
      },
      {
        "value": 0.0
      },
      {
        "value": 8.0
      },
      {
        "value": 0.0
      }
    ],
    [
      {
        "value": "serie a"
      },
      {
        "value": 4
      },
      {
        "value": 0
      },
      {
        "value": 1.0
      },
      {
        "value": 0.0
      },
      {
        "value": "-"
      },
      {
        "value": "-"
      },
      {
        "value": 5.0
      },
      {
        "value": 0.0
      }
    ],
    [
      {
        "value": ""
      },
      {
        "value": 411
      },
      {
        "value": 13
      },
      {
        "value": 31.0
      },
      {
        "value": 2.0
      },
      {
        "value": 17.0
      },
      {
        "value": 0.0
      },
      {
        "value": 459.0
      },
      {
        "value": 15.0
      }
    ],
    [
      {
        "value": "serie a"
      },
      {
        "value": 3
      },
      {
        "value": 0
      },
      {
        "value": "-"
      },
      {
        "value": "-"
      },
      {
        "value": 3.0
      },
      {
        "value": 0.0
      },
      {
        "value": "none"
      },
      {
        "value": "none"
      }
    ],
    [
      {
        "value": ""
      },
      {
        "value": 3
      },
      {
        "value": 0
      },
      {
        "value": 0.0
      },
      {
        "value": 0.0
      },
      {
        "value": 0.0
      },
      {
        "value": 0.0
      },
      {
        "value": 3.0
      },
      {
        "value": 0.0
      }
    ],
    [
      {
        "value": ""
      },
      {
        "value": 424
      },
      {
        "value": 13
      },
      {
        "value": 32.0
      },
      {
        "value": 2.0
      },
      {
        "value": 17.0
      },
      {
        "value": 0.0
      },
      {
        "value": 473.0
      },
      {
        "value": 15.0
      }
    ]
  ]
}