{
  "title": "revisions to employment generated by tourism",
  "top_root": {
    "name": "<TOP>",
    "value": "<TOP>",
    "type": "string",
    "line_idx": null,
    "children_dict": [
      {
        "name": "revised estimate",
        "value": "revised estimate",
        "type": "string",
        "children_dict": [
          {
            "name": "thousands of jobs",
            "value": "thousands of jobs",
            "type": "string",
            "children_dict": [],
            "line_idx": 0
          }
        ],
        "line_idx": null
      },
      {
        "name": "previous estimate",
        "value": "previous estimate",
        "type": "string",
        "children_dict": [
          {
            "name": "thousands of jobs",
            "value": "thousands of jobs",
            "type": "string",
            "children_dict": [],
            "line_idx": 1
          }
        ],
        "line_idx": null
      },
      {
        "name": "revision",
        "value": "revision",
        "type": "string",
        "children_dict": [
          {
            "name": "thousands of jobs",
            "value": "thousands of jobs",
            "type": "string",
            "children_dict": [],
            "line_idx": 2
          }
        ],
        "line_idx": null
      },
      {
        "name": "revision",
        "value": "revision",
        "type": "string",
        "children_dict": [
          {
            "name": "%",
            "value": "%",
            "type": "string",
            "children_dict": [],
            "line_idx": 3
          }
        ],
        "line_idx": null
      },
      {
        "name": "revised estimate",
        "value": "revised estimate",
        "type": "string",
        "children_dict": [
          {
            "name": "annual % change",
            "value": "annual % change",
            "type": "string",
            "children_dict": [],
            "line_idx": 4
          }
        ],
        "line_idx": null
      },
      {
        "name": "previous estimate",
        "value": "previous estimate",
        "type": "string",
        "children_dict": [
          {
            "name": "annual % change",
            "value": "annual % change",
            "type": "string",
            "children_dict": [],
            "line_idx": 5
          }
        ],
        "line_idx": null
      },
      {
        "name": "revision",
        "value": "revision",
        "type": "string",
        "children_dict": [
          {
            "name": "% points",
            "value": "% points",
            "type": "string",
            "children_dict": [],
            "line_idx": 6
          }
        ],
        "line_idx": null
      }
    ]
  },
  "left_root": {
    "name": "<LEFT>",
    "value": "<LEFT>",
    "type": "string",
    "line_idx": null,
    "children_dict": [
      {
        "name": "transportation",
        "value": "transportation",
        "type": "string",
        "children_dict": [
          {
            "name": "2012",
            "value": "2012",
            "type": "string",
            "children_dict": [],
            "line_idx": 1
          },
          {
            "name": "2013",
            "value": "2013",
            "type": "string",
            "children_dict": [],
            "line_idx": 2
          },
          {
            "name": "2014",
            "value": "2014",
            "type": "string",
            "children_dict": [],
            "line_idx": 3
          },
          {
            "name": "2015",
            "value": "2015",
            "type": "string",
            "children_dict": [],
            "line_idx": 4
          }
        ],
        "line_idx": 0
      },
      {
        "name": "accommodation",
        "value": "accommodation",
        "type": "string",
        "children_dict": [
          {
            "name": "2012",
            "value": "2012",
            "type": "string",
            "children_dict": [],
            "line_idx": 6
          },
          {
            "name": "2013",
            "value": "2013",
            "type": "string",
            "children_dict": [],
            "line_idx": 7
          },
          {
            "name": "2014",
            "value": "2014",
            "type": "string",
            "children_dict": [],
            "line_idx": 8
          },
          {
            "name": "2015",
            "value": "2015",
            "type": "string",
            "children_dict": [],
            "line_idx": 9
          }
        ],
        "line_idx": 5
      },
      {
        "name": "food and beverage services",
        "value": "food and beverage services",
        "type": "string",
        "children_dict": [
          {
            "name": "2012",
            "value": "2012",
            "type": "string",
            "children_dict": [],
            "line_idx": 11
          },
          {
            "name": "2013",
            "value": "2013",
            "type": "string",
            "children_dict": [],
            "line_idx": 12
          },
          {
            "name": "2014",
            "value": "2014",
            "type": "string",
            "children_dict": [],
            "line_idx": 13
          },
          {
            "name": "2015",
            "value": "2015",
            "type": "string",
            "children_dict": [],
            "line_idx": 14
          }
        ],
        "line_idx": 10
      },
      {
        "name": "other tourism industries",
        "value": "other tourism industries",
        "type": "string",
        "children_dict": [
          {
            "name": "2012",
            "value": "2012",
            "type": "string",
            "children_dict": [],
            "line_idx": 16
          },
          {
            "name": "2013",
            "value": "2013",
            "type": "string",
            "children_dict": [],
            "line_idx": 17
          },
          {
            "name": "2014",
            "value": "2014",
            "type": "string",
            "children_dict": [],
            "line_idx": 18
          },
          {
            "name": "2015",
            "value": "2015",
            "type": "string",
            "children_dict": [],
            "line_idx": 19
          }
        ],
        "line_idx": 15
      },
      {
        "name": "total tourism industries",
        "value": "total tourism industries",
        "type": "string",
        "children_dict": [
          {
            "name": "2012",
            "value": "2012",
            "type": "string",
            "children_dict": [],
            "line_idx": 21
          },
          {
            "name": "2013",
            "value": "2013",
            "type": "string",
            "children_dict": [],
            "line_idx": 22
          },
          {
            "name": "2014",
            "value": "2014",
            "type": "string",
            "children_dict": [],
            "line_idx": 23
          },
          {
            "name": "2015",
            "value": "2015",
            "type": "string",
            "children_dict": [],
            "line_idx": 24
          }
        ],
        "line_idx": 20
      },
      {
        "name": "total other industries",
        "value": "total other industries",
        "type": "string",
        "children_dict": [
          {
            "name": "2012",
            "value": "2012",
            "type": "string",
            "children_dict": [],
            "line_idx": 26
          },
          {
            "name": "2013",
            "value": "2013",
            "type": "string",
            "children_dict": [],
            "line_idx": 27
          },
          {
            "name": "2014",
            "value": "2014",
            "type": "string",
            "children_dict": [],
            "line_idx": 28
          },
          {
            "name": "2015",
            "value": "2015",
            "type": "string",
            "children_dict": [],
            "line_idx": 29
          }
        ],
        "line_idx": 25
      },
      {
        "name": "tourism activities",
        "value": "tourism activities",
        "type": "string",
        "children_dict": [
          {
            "name": "2012",
            "value": "2012",
            "type": "string",
            "children_dict": [],
            "line_idx": 31
          },
          {
            "name": "2013",
            "value": "2013",
            "type": "string",
            "children_dict": [],
            "line_idx": 32
          },
          {
            "name": "2014",
            "value": "2014",
            "type": "string",
            "children_dict": [],
            "line_idx": 33
          },
          {
            "name": "2015",
            "value": "2015",
            "type": "string",
            "children_dict": [],
            "line_idx": 34
          }
        ],
        "line_idx": 30
      }
    ]
  },
  "data": [
    [
      {
        "value": ""
      },
      {
        "value": ""
      },
      {
        "value": ""
      },
      {
        "value": ""
      },
      {
        "value": ""
      },
      {
        "value": ""
      },
      {
        "value": ""
      }
    ],
    [
      {
        "value": 80.7
      },
      {
        "value": 72.0
      },
      {
        "value": 8.7
      },
      {
        "value": 12.0
      },
      {
        "value": 3.4
      },
      {
        "value": 2.5
      },
      {
        "value": 0.8
      }
    ],
    [
      {
        "value": 83.1
      },
      {
        "value": 73.3
      },
      {
        "value": 9.8
      },
      {
        "value": 13.4
      },
      {
        "value": 3.0
      },
      {
        "value": 1.8
      },
      {
        "value": 1.2
      }
    ],
    [
      {
        "value": 84.7
      },
      {
        "value": 75.1
      },
      {
        "value": 9.6
      },
      {
        "value": 12.9
      },
      {
        "value": 2.0
      },
      {
        "value": 2.4
      },
      {
        "value": -0.5
      }
    ],
    [
      {
        "value": 84.4
      },
      {
        "value": 75.4
      },
      {
        "value": 8.9
      },
      {
        "value": 11.8
      },
      {
        "value": -0.4
      },
      {
        "value": 0.5
      },
      {
        "value": -0.9
      }
    ],
    [
      {
        "value": ""
      },
      {
        "value": ""
      },
      {
        "value": ""
      },
      {
        "value": ""
      },
      {
        "value": ""
      },
      {
        "value": ""
      },
      {
        "value": ""
      }
    ],
    [
      {
        "value": 139.6
      },
      {
        "value": 154.4
      },
      {
        "value": -14.8
      },
      {
        "value": -9.6
      },
      {
        "value": 0.6
      },
      {
        "value": 0.7
      },
      {
        "value": 0.0
      }
    ],
    [
      {
        "value": 140.9
      },
      {
        "value": 156.5
      },
      {
        "value": -15.6
      },
      {
        "value": -10.0
      },
      {
        "value": 0.9
      },
      {
        "value": 1.3
      },
      {
        "value": -0.4
      }
    ],
    [
      {
        "value": 140.7
      },
      {
        "value": 156.4
      },
      {
        "value": -15.7
      },
      {
        "value": -10.1
      },
      {
        "value": -0.1
      },
      {
        "value": 0.0
      },
      {
        "value": -0.1
      }
    ],
    [
      {
        "value": 142.7
      },
      {
        "value": 158.5
      },
      {
        "value": -15.9
      },
      {
        "value": -10.0
      },
      {
        "value": 1.4
      },
      {
        "value": 1.3
      },
      {
        "value": 0.1
      }
    ],
    [
      {
        "value": ""
      },
      {
        "value": ""
      },
      {
        "value": ""
      },
      {
        "value": ""
      },
      {
        "value": ""
      },
      {
        "value": ""
      },
      {
        "value": ""
      }
    ],
    [
      {
        "value": 203.0
      },
      {
        "value": 158.5
      },
      {
        "value": 44.6
      },
      {
        "value": 28.1
      },
      {
        "value": 2.7
      },
      {
        "value": 2.7
      },
      {
        "value": 0.0
      }
    ],
    [
      {
        "value": 210.3
      },
      {
        "value": 164.1
      },
      {
        "value": 46.1
      },
      {
        "value": 28.1
      },
      {
        "value": 3.6
      },
      {
        "value": 3.6
      },
      {
        "value": 0.0
      }
    ],
    [
      {
        "value": 216.4
      },
      {
        "value": 167.5
      },
      {
        "value": 48.9
      },
      {
        "value": 29.2
      },
      {
        "value": 2.9
      },
      {
        "value": 2.1
      },
      {
        "value": 0.9
      }
    ],
    [
      {
        "value": 221.0
      },
      {
        "value": 171.3
      },
      {
        "value": 49.7
      },
      {
        "value": 29.0
      },
      {
        "value": 2.1
      },
      {
        "value": 2.3
      },
      {
        "value": -0.2
      }
    ],
    [
      {
        "value": ""
      },
      {
        "value": ""
      },
      {
        "value": ""
      },
      {
        "value": ""
      },
      {
        "value": ""
      },
      {
        "value": ""
      },
      {
        "value": ""
      }
    ],
    [
      {
        "value": 111.5
      },
      {
        "value": 110.8
      },
      {
        "value": 0.7
      },
      {
        "value": 0.6
      },
      {
        "value": 0.2
      },
      {
        "value": 0.0
      },
      {
        "value": 0.1
      }
    ],
    [
      {
        "value": 108.8
      },
      {
        "value": 109.4
      },
      {
        "value": -0.6
      },
      {
        "value": -0.5
      },
      {
        "value": -2.4
      },
      {
        "value": -1.3
      },
      {
        "value": -1.1
      }
    ],
    [
      {
        "value": 109.4
      },
      {
        "value": 111.3
      },
      {
        "value": -1.9
      },
      {
        "value": -1.7
      },
      {
        "value": 0.5
      },
      {
        "value": 1.7
      },
      {
        "value": -1.2
      }
    ],
    [
      {
        "value": 111.4
      },
      {
        "value": 114.0
      },
      {
        "value": -2.5
      },
      {
        "value": -2.2
      },
      {
        "value": 1.9
      },
      {
        "value": 2.4
      },
      {
        "value": -0.5
      }
    ],
    [
      {
        "value": ""
      },
      {
        "value": ""
      },
      {
        "value": ""
      },
      {
        "value": ""
      },
      {
        "value": ""
      },
      {
        "value": ""
      },
      {
        "value": ""
      }
    ],
    [
      {
        "value": 534.8
      },
      {
        "value": 495.7
      },
      {
        "value": 39.1
      },
      {
        "value": 7.9
      },
      {
        "value": 1.7
      },
      {
        "value": 1.4
      },
      {
        "value": 0.3
      }
    ],
    [
      {
        "value": 543.0
      },
      {
        "value": 503.3
      },
      {
        "value": 39.7
      },
      {
        "value": 7.9
      },
      {
        "value": 1.5
      },
      {
        "value": 1.5
      },
      {
        "value": 0.0
      }
    ],
    [
      {
        "value": 551.2
      },
      {
        "value": 510.3
      },
      {
        "value": 40.9
      },
      {
        "value": 8.0
      },
      {
        "value": 1.5
      },
      {
        "value": 1.4
      },
      {
        "value": 0.1
      }
    ],
    [
      {
        "value": 559.4
      },
      {
        "value": 519.2
      },
      {
        "value": 40.2
      },
      {
        "value": 7.7
      },
      {
        "value": 1.5
      },
      {
        "value": 1.7
      },
      {
        "value": -0.3
      }
    ],
    [
      {
        "value": ""
      },
      {
        "value": ""
      },
      {
        "value": ""
      },
      {
        "value": ""
      },
      {
        "value": ""
      },
      {
        "value": ""
      },
      {
        "value": ""
      }
    ],
    [
      {
        "value": 141.0
      },
      {
        "value": 113.8
      },
      {
        "value": 27.2
      },
      {
        "value": 23.9
      },
      {
        "value": 1.7
      },
      {
        "value": 1.9
      },
      {
        "value": -0.3
      }
    ],
    [
      {
        "value": 144.7
      },
      {
        "value": 115.6
      },
      {
        "value": 29.2
      },
      {
        "value": 25.2
      },
      {
        "value": 2.6
      },
      {
        "value": 1.6
      },
      {
        "value": 1.1
      }
    ],
    [
      {
        "value": 149.1
      },
      {
        "value": 117.3
      },
      {
        "value": 31.8
      },
      {
        "value": 27.1
      },
      {
        "value": 3.0
      },
      {
        "value": 1.5
      },
      {
        "value": 1.6
      }
    ],
    [
      {
        "value": 149.1
      },
      {
        "value": 118.2
      },
      {
        "value": 30.9
      },
      {
        "value": 26.1
      },
      {
        "value": 0.0
      },
      {
        "value": 0.8
      },
      {
        "value": -0.8
      }
    ],
    [
      {
        "value": ""
      },
      {
        "value": ""
      },
      {
        "value": ""
      },
      {
        "value": ""
      },
      {
        "value": ""
      },
      {
        "value": ""
      },
      {
        "value": ""
      }
    ],
    [
      {
        "value": 675.8
      },
      {
        "value": 609.5
      },
      {
        "value": 66.3
      },
      {
        "value": 10.9
      },
      {
        "value": 1.7
      },
      {
        "value": 1.5
      },
      {
        "value": 0.2
      }
    ],
    [
      {
        "value": 687.7
      },
      {
        "value": 618.9
      },
      {
        "value": 68.8
      },
      {
        "value": 11.1
      },
      {
        "value": 1.8
      },
      {
        "value": 1.5
      },
      {
        "value": 0.2
      }
    ],
    [
      {
        "value": 700.3
      },
      {
        "value": 627.6
      },
      {
        "value": 72.7
      },
      {
        "value": 11.6
      },
      {
        "value": 1.8
      },
      {
        "value": 1.4
      },
      {
        "value": 0.4
      }
    ],
    [
      {
        "value": 708.5
      },
      {
        "value": 637.4
      },
      {
        "value": 71.1
      },
      {
        "value": 11.2
      },
      {
        "value": 1.2
      },
      {
        "value": 1.6
      },
      {
        "value": -0.4
      }
    ]
  ]
}