{
  "title": "description of depression and suicidal ideation, household population aged 15 to 24, canada excluding territories, 2012",
  "top_root": {
    "name": "<TOP>",
    "value": "<TOP>",
    "type": "string",
    "line_idx": null,
    "children_dict": [
      {
        "name": "%",
        "value": "%",
        "type": "string",
        "children_dict": [],
        "line_idx": 0
      },
      {
        "name": "95% confidence interval",
        "value": "95% confidence interval",
        "type": "string",
        "children_dict": [
          {
            "name": "from",
            "value": "from",
            "type": "string",
            "children_dict": [],
            "line_idx": 1
          },
          {
            "name": "to",
            "value": "to",
            "type": "string",
            "children_dict": [],
            "line_idx": 2
          }
        ],
        "line_idx": null
      }
    ]
  },
  "left_root": {
    "name": "<LEFT>",
    "value": "<LEFT>",
    "type": "string",
    "line_idx": null,
    "children_dict": [
      {
        "name": "depression",
        "value": "depression",
        "type": "string",
        "children_dict": [
          {
            "name": "lifetime",
            "value": "lifetime",
            "type": "string",
            "children_dict": [],
            "line_idx": 1
          },
          {
            "name": "past 12 months",
            "value": "past 12 months",
            "type": "string",
            "children_dict": [],
            "line_idx": 2
          }
        ],
        "line_idx": 0
      },
      {
        "name": "suicidal thoughts",
        "value": "suicidal thoughts",
        "type": "string",
        "children_dict": [
          {
            "name": "lifetime",
            "value": "lifetime",
            "type": "string",
            "children_dict": [],
            "line_idx": 4
          },
          {
            "name": "past 12 months",
            "value": "past 12 months",
            "type": "string",
            "children_dict": [],
            "line_idx": 5
          }
        ],
        "line_idx": 3
      },
      {
        "name": "suicide plan",
        "value": "suicide plan",
        "type": "string",
        "children_dict": [
          {
            "name": "lifetime",
            "value": "lifetime",
            "type": "string",
            "children_dict": [],
            "line_idx": 7
          },
          {
            "name": "past 12 months",
            "value": "past 12 months",
            "type": "string",
            "children_dict": [],
            "line_idx": 8
          }
        ],
        "line_idx": 6
      },
      {
        "name": "suicide attempt",
        "value": "suicide attempt",
        "type": "string",
        "children_dict": [
          {
            "name": "lifetime",
            "value": "lifetime",
            "type": "string",
            "children_dict": [],
            "line_idx": 10
          },
          {
            "name": "past 12 months",
            "value": "past 12 months",
            "type": "string",
            "children_dict": [],
            "line_idx": 11
          }
        ],
        "line_idx": 9
      },
      {
        "name": "ever (lifetime) consulted professional about symptoms of depression",
        "value": "ever (lifetime) consulted professional about symptoms of depression",
        "type": "string",
        "children_dict": [
          {
            "name": "no",
            "value": "no",
            "type": "string",
            "children_dict": [],
            "line_idx": 13
          },
          {
            "name": "yes",
            "value": "yes",
            "type": "string",
            "children_dict": [],
            "line_idx": 14
          }
        ],
        "line_idx": 12
      },
      {
        "name": "duration of worst episode of symptoms of depression",
        "value": "duration of worst episode of symptoms of depression",
        "type": "string",
        "children_dict": [
          {
            "name": "less than 1 month",
            "value": "less than 1 month",
            "type": "string",
            "children_dict": [],
            "line_idx": 16
          },
          {
            "name": "1 month to less than 6 months",
            "value": "1 month to less than 6 months",
            "type": "string",
            "children_dict": [],
            "line_idx": 17
          },
          {
            "name": "6 months to less than 1 year",
            "value": "6 months to less than 1 year",
            "type": "string",
            "children_dict": [],
            "line_idx": 18
          },
          {
            "name": "1 year or more",
            "value": "1 year or more",
            "type": "string",
            "children_dict": [],
            "line_idx": 19
          }
        ],
        "line_idx": 15
      },
      {
        "name": "recency of depression",
        "value": "recency of depression",
        "type": "string",
        "children_dict": [
          {
            "name": "past month",
            "value": "past month",
            "type": "string",
            "children_dict": [],
            "line_idx": 21
          },
          {
            "name": "1 to 6 months ago",
            "value": "1 to 6 months ago",
            "type": "string",
            "children_dict": [],
            "line_idx": 22
          },
          {
            "name": "more than 6 months ago",
            "value": "more than 6 months ago",
            "type": "string",
            "children_dict": [],
            "line_idx": 23
          }
        ],
        "line_idx": 20
      }
    ]
  },
  "data": [
    [
      {
        "value": ""
      },
      {
        "value": ""
      },
      {
        "value": ""
      }
    ],
    [
      {
        "value": 10.7
      },
      {
        "value": 9.3
      },
      {
        "value": 12.1
      }
    ],
    [
      {
        "value": 7.1
      },
      {
        "value": 6.0
      },
      {
        "value": 8.4
      }
    ],
    [
      {
        "value": ""
      },
      {
        "value": ""
      },
      {
        "value": ""
      }
    ],
    [
      {
        "value": 14.1
      },
      {
        "value": 12.6
      },
      {
        "value": 15.7
      }
    ],
    [
      {
        "value": 5.8
      },
      {
        "value": 4.9
      },
      {
        "value": 6.9
      }
    ],
    [
      {
        "value": ""
      },
      {
        "value": ""
      },
      {
        "value": ""
      }
    ],
    [
      {
        "value": 4.9
      },
      {
        "value": 4.1
      },
      {
        "value": 5.8
      }
    ],
    [
      {
        "value": 2.2
      },
      {
        "value": 1.6
      },
      {
        "value": 2.9
      }
    ],
    [
      {
        "value": ""
      },
      {
        "value": ""
      },
      {
        "value": ""
      }
    ],
    [
      {
        "value": 3.5
      },
      {
        "value": 2.8
      },
      {
        "value": 4.4
      }
    ],
    [
      {
        "value": 1.0
      },
      {
        "value": 0.6
      },
      {
        "value": 1.7
      }
    ],
    [
      {
        "value": ""
      },
      {
        "value": ""
      },
      {
        "value": ""
      }
    ],
    [
      {
        "value": 39.4
      },
      {
        "value": 33.1
      },
      {
        "value": 46.1
      }
    ],
    [
      {
        "value": 60.6
      },
      {
        "value": 53.9
      },
      {
        "value": 66.9
      }
    ],
    [
      {
        "value": ""
      },
      {
        "value": ""
      },
      {
        "value": ""
      }
    ],
    [
      {
        "value": 15.1
      },
      {
        "value": 10.5
      },
      {
        "value": 21.0
      }
    ],
    [
      {
        "value": 52.3
      },
      {
        "value": 44.5
      },
      {
        "value": 60.0
      }
    ],
    [
      {
        "value": 14.3
      },
      {
        "value": 9.8
      },
      {
        "value": 20.4
      }
    ],
    [
      {
        "value": 18.4
      },
      {
        "value": 13.6
      },
      {
        "value": 24.4
      }
    ],
    [
      {
        "value": ""
      },
      {
        "value": ""
      },
      {
        "value": ""
      }
    ],
    [
      {
        "value": 21.4
      },
      {
        "value": 15.0
      },
      {
        "value": 29.6
      }
    ],
    [
      {
        "value": 40.9
      },
      {
        "value": 32.9
      },
      {
        "value": 49.5
      }
    ],
    [
      {
        "value": 37.7
      },
      {
        "value": 29.9
      },
      {
        "value": 46.1
      }
    ]
  ]
}