{
  "title": "guilty cases completed in youth court, by type of offence and select sentence, canada, 2013/2014",
  "top_root": {
    "name": "<TOP>",
    "value": "<TOP>",
    "type": "string",
    "line_idx": null,
    "children_dict": [
      {
        "name": "total guilty cases",
        "value": "total guilty cases",
        "type": "string",
        "children_dict": [
          {
            "name": "number",
            "value": "number",
            "type": "string",
            "children_dict": [],
            "line_idx": 0
          }
        ],
        "line_idx": null
      },
      {
        "name": "custody",
        "value": "custody",
        "type": "string",
        "children_dict": [
          {
            "name": "number",
            "value": "number",
            "type": "string",
            "children_dict": [],
            "line_idx": 1
          },
          {
            "name": "percent",
            "value": "percent",
            "type": "string",
            "children_dict": [],
            "line_idx": 2
          },
          {
            "name": "median length",
            "value": "median length",
            "type": "string",
            "children_dict": [],
            "line_idx": 3
          }
        ],
        "line_idx": null
      },
      {
        "name": "probation",
        "value": "probation",
        "type": "string",
        "children_dict": [
          {
            "name": "number",
            "value": "number",
            "type": "string",
            "children_dict": [],
            "line_idx": 4
          },
          {
            "name": "percent",
            "value": "percent",
            "type": "string",
            "children_dict": [],
            "line_idx": 5
          },
          {
            "name": "median length",
            "value": "median length",
            "type": "string",
            "children_dict": [],
            "line_idx": 6
          }
        ],
        "line_idx": null
      },
      {
        "name": "community service order",
        "value": "community service order",
        "type": "string",
        "children_dict": [
          {
            "name": "number",
            "value": "number",
            "type": "string",
            "children_dict": [],
            "line_idx": 7
          },
          {
            "name": "percent",
            "value": "percent",
            "type": "string",
            "children_dict": [],
            "line_idx": 8
          }
        ],
        "line_idx": null
      }
    ]
  },
  "left_root": {
    "name": "<LEFT>",
    "value": "<LEFT>",
    "type": "string",
    "line_idx": null,
    "children_dict": [
      {
        "name": "violent offences",
        "value": "violent offences",
        "type": "string",
        "children_dict": [
          {
            "name": "homicide",
            "value": "homicide",
            "type": "string",
            "children_dict": [],
            "line_idx": 1
          },
          {
            "name": "attempted murder",
            "value": "attempted murder",
            "type": "string",
            "children_dict": [],
            "line_idx": 2
          },
          {
            "name": "robbery",
            "value": "robbery",
            "type": "string",
            "children_dict": [],
            "line_idx": 3
          },
          {
            "name": "sexual assault",
            "value": "sexual assault",
            "type": "string",
            "children_dict": [],
            "line_idx": 4
          },
          {
            "name": "other sexual offences",
            "value": "other sexual offences",
            "type": "string",
            "children_dict": [],
            "line_idx": 5
          },
          {
            "name": "major assault",
            "value": "major assault",
            "type": "string",
            "children_dict": [],
            "line_idx": 6
          },
          {
            "name": "common assault",
            "value": "common assault",
            "type": "string",
            "children_dict": [],
            "line_idx": 7
          },
          {
            "name": "uttering threats",
            "value": "uttering threats",
            "type": "string",
            "children_dict": [],
            "line_idx": 8
          },
          {
            "name": "criminal harassment",
            "value": "criminal harassment",
            "type": "string",
            "children_dict": [],
            "line_idx": 9
          },
          {
            "name": "other crimes against persons",
            "value": "other crimes against persons",
            "type": "string",
            "children_dict": [],
            "line_idx": 10
          }
        ],
        "line_idx": 0
      },
      {
        "name": "property offences",
        "value": "property offences",
        "type": "string",
        "children_dict": [
          {
            "name": "theft",
            "value": "theft",
            "type": "string",
            "children_dict": [],
            "line_idx": 12
          },
          {
            "name": "break and enter",
            "value": "break and enter",
            "type": "string",
            "children_dict": [],
            "line_idx": 13
          },
          {
            "name": "fraud",
            "value": "fraud",
            "type": "string",
            "children_dict": [],
            "line_idx": 14
          },
          {
            "name": "mischief",
            "value": "mischief",
            "type": "string",
            "children_dict": [],
            "line_idx": 15
          },
          {
            "name": "possess stolen property",
            "value": "possess stolen property",
            "type": "string",
            "children_dict": [],
            "line_idx": 16
          },
          {
            "name": "other property crimes",
            "value": "other property crimes",
            "type": "string",
            "children_dict": [],
            "line_idx": 17
          }
        ],
        "line_idx": 11
      },
      {
        "name": "administration of justice offences",
        "value": "administration of justice offences",
        "type": "string",
        "children_dict": [
          {
            "name": "fail to appear",
            "value": "fail to appear",
            "type": "string",
            "children_dict": [],
            "line_idx": 19
          },
          {
            "name": "breach of probation",
            "value": "breach of probation",
            "type": "string",
            "children_dict": [],
            "line_idx": 20
          },
          {
            "name": "unlawfully at large",
            "value": "unlawfully at large",
            "type": "string",
            "children_dict": [],
            "line_idx": 21
          },
          {
            "name": "fail to comply with order",
            "value": "fail to comply with order",
            "type": "string",
            "children_dict": [],
            "line_idx": 22
          },
          {
            "name": "other administration of justice",
            "value": "other administration of justice",
            "type": "string",
            "children_dict": [],
            "line_idx": 23
          }
        ],
        "line_idx": 18
      },
      {
        "name": "other criminal code offences",
        "value": "other criminal code offences",
        "type": "string",
        "children_dict": [
          {
            "name": "weapons",
            "value": "weapons",
            "type": "string",
            "children_dict": [],
            "line_idx": 25
          },
          {
            "name": "prostitution",
            "value": "prostitution",
            "type": "string",
            "children_dict": [],
            "line_idx": 26
          },
          {
            "name": "disturbing the peace",
            "value": "disturbing the peace",
            "type": "string",
            "children_dict": [],
            "line_idx": 27
          },
          {
            "name": "residual criminal code",
            "value": "residual criminal code",
            "type": "string",
            "children_dict": [],
            "line_idx": 28
          }
        ],
        "line_idx": 24
      },
      {
        "name": "criminal code",
        "value": "criminal code",
        "type": "string",
        "children_dict": [],
        "line_idx": 29
      },
      {
        "name": "criminal code traffic offences",
        "value": "criminal code traffic offences",
        "type": "string",
        "children_dict": [
          {
            "name": "impaired driving",
            "value": "impaired driving",
            "type": "string",
            "children_dict": [],
            "line_idx": 31
          },
          {
            "name": "other criminal code traffic",
            "value": "other criminal code traffic",
            "type": "string",
            "children_dict": [],
            "line_idx": 32
          }
        ],
        "line_idx": 30
      },
      {
        "name": "total criminal code offences",
        "value": "total criminal code offences",
        "type": "string",
        "children_dict": [],
        "line_idx": 33
      },
      {
        "name": "other federal statute offences",
        "value": "other federal statute offences",
        "type": "string",
        "children_dict": [
          {
            "name": "drug possession",
            "value": "drug possession",
            "type": "string",
            "children_dict": [],
            "line_idx": 35
          },
          {
            "name": "other drug offences",
            "value": "other drug offences",
            "type": "string",
            "children_dict": [],
            "line_idx": 36
          },
          {
            "name": "youth criminal justice act",
            "value": "youth criminal justice act",
            "type": "string",
            "children_dict": [],
            "line_idx": 37
          },
          {
            "name": "residual federal statutes",
            "value": "residual federal statutes",
            "type": "string",
            "children_dict": [],
            "line_idx": 38
          }
        ],
        "line_idx": 34
      },
      {
        "name": "total offences",
        "value": "total offences",
        "type": "string",
        "children_dict": [],
        "line_idx": 39
      }
    ]
  },
  "data": [
    [
      {
        "value": 6482
      },
      {
        "value": 1054
      },
      {
        "value": 16
      },
      {
        "value": 80
      },
      {
        "value": 4302
      },
      {
        "value": 66
      },
      {
        "value": 365
      },
      {
        "value": 1292
      },
      {
        "value": 20
      }
    ],
    [
      {
        "value": 21
      },
      {
        "value": 17
      },
      {
        "value": 81
      },
      {
        "value": 1090
      },
      {
        "value": 4
      },
      {
        "value": 19
      },
      {
        "value": 730
      },
      {
        "value": 1
      },
      {
        "value": 5
      }
    ],
    [
      {
        "value": 9
      },
      {
        "value": 7
      },
      {
        "value": 78
      },
      {
        "value": 710
      },
      {
        "value": 3
      },
      {
        "value": 33
      },
      {
        "value": 360
      },
      {
        "value": 0
      },
      {
        "value": 0
      }
    ],
    [
      {
        "value": 1040
      },
      {
        "value": 359
      },
      {
        "value": 35
      },
      {
        "value": 120
      },
      {
        "value": 737
      },
      {
        "value": 71
      },
      {
        "value": 365
      },
      {
        "value": 235
      },
      {
        "value": 23
      }
    ],
    [
      {
        "value": 457
      },
      {
        "value": 63
      },
      {
        "value": 14
      },
      {
        "value": 180
      },
      {
        "value": 320
      },
      {
        "value": 70
      },
      {
        "value": 540
      },
      {
        "value": 42
      },
      {
        "value": 9
      }
    ],
    [
      {
        "value": 407
      },
      {
        "value": 33
      },
      {
        "value": 8
      },
      {
        "value": 180
      },
      {
        "value": 291
      },
      {
        "value": 71
      },
      {
        "value": 450
      },
      {
        "value": 73
      },
      {
        "value": 18
      }
    ],
    [
      {
        "value": 1478
      },
      {
        "value": 265
      },
      {
        "value": 18
      },
      {
        "value": 60
      },
      {
        "value": 997
      },
      {
        "value": 67
      },
      {
        "value": 365
      },
      {
        "value": 299
      },
      {
        "value": 20
      }
    ],
    [
      {
        "value": 1858
      },
      {
        "value": 131
      },
      {
        "value": 7
      },
      {
        "value": 20
      },
      {
        "value": 1114
      },
      {
        "value": 60
      },
      {
        "value": 365
      },
      {
        "value": 337
      },
      {
        "value": 18
      }
    ],
    [
      {
        "value": 987
      },
      {
        "value": 132
      },
      {
        "value": 13
      },
      {
        "value": 40
      },
      {
        "value": 670
      },
      {
        "value": 68
      },
      {
        "value": 360
      },
      {
        "value": 240
      },
      {
        "value": 24
      }
    ],
    [
      {
        "value": 80
      },
      {
        "value": 9
      },
      {
        "value": 11
      },
      {
        "value": 24
      },
      {
        "value": 58
      },
      {
        "value": 73
      },
      {
        "value": 365
      },
      {
        "value": 21
      },
      {
        "value": 26
      }
    ],
    [
      {
        "value": 145
      },
      {
        "value": 38
      },
      {
        "value": 26
      },
      {
        "value": 150
      },
      {
        "value": 108
      },
      {
        "value": 74
      },
      {
        "value": 365
      },
      {
        "value": 44
      },
      {
        "value": 30
      }
    ],
    [
      {
        "value": 6469
      },
      {
        "value": 743
      },
      {
        "value": 11
      },
      {
        "value": 45
      },
      {
        "value": 4141
      },
      {
        "value": 64
      },
      {
        "value": 360
      },
      {
        "value": 1757
      },
      {
        "value": 27
      }
    ],
    [
      {
        "value": 2083
      },
      {
        "value": 212
      },
      {
        "value": 10
      },
      {
        "value": 30
      },
      {
        "value": 1201
      },
      {
        "value": 58
      },
      {
        "value": 360
      },
      {
        "value": 584
      },
      {
        "value": 28
      }
    ],
    [
      {
        "value": 1890
      },
      {
        "value": 266
      },
      {
        "value": 14
      },
      {
        "value": 90
      },
      {
        "value": 1387
      },
      {
        "value": 73
      },
      {
        "value": 365
      },
      {
        "value": 497
      },
      {
        "value": 26
      }
    ],
    [
      {
        "value": 255
      },
      {
        "value": 35
      },
      {
        "value": 14
      },
      {
        "value": 50
      },
      {
        "value": 156
      },
      {
        "value": 61
      },
      {
        "value": 365
      },
      {
        "value": 75
      },
      {
        "value": 29
      }
    ],
    [
      {
        "value": 1067
      },
      {
        "value": 78
      },
      {
        "value": 7
      },
      {
        "value": 30
      },
      {
        "value": 612
      },
      {
        "value": 57
      },
      {
        "value": 365
      },
      {
        "value": 261
      },
      {
        "value": 24
      }
    ],
    [
      {
        "value": 971
      },
      {
        "value": 128
      },
      {
        "value": 13
      },
      {
        "value": 40
      },
      {
        "value": 633
      },
      {
        "value": 65
      },
      {
        "value": 360
      },
      {
        "value": 280
      },
      {
        "value": 29
      }
    ],
    [
      {
        "value": 203
      },
      {
        "value": 24
      },
      {
        "value": 12
      },
      {
        "value": 60
      },
      {
        "value": 152
      },
      {
        "value": 75
      },
      {
        "value": 365
      },
      {
        "value": 60
      },
      {
        "value": 30
      }
    ],
    [
      {
        "value": 2723
      },
      {
        "value": 574
      },
      {
        "value": 21
      },
      {
        "value": 18
      },
      {
        "value": 1172
      },
      {
        "value": 43
      },
      {
        "value": 365
      },
      {
        "value": 485
      },
      {
        "value": 18
      }
    ],
    [
      {
        "value": 110
      },
      {
        "value": 13
      },
      {
        "value": 12
      },
      {
        "value": 3
      },
      {
        "value": 42
      },
      {
        "value": 38
      },
      {
        "value": 365
      },
      {
        "value": 18
      },
      {
        "value": 16
      }
    ],
    [
      {
        "value": 74
      },
      {
        "value": 9
      },
      {
        "value": 12
      },
      {
        "value": 15
      },
      {
        "value": 30
      },
      {
        "value": 41
      },
      {
        "value": 365
      },
      {
        "value": 16
      },
      {
        "value": 22
      }
    ],
    [
      {
        "value": 219
      },
      {
        "value": 157
      },
      {
        "value": 72
      },
      {
        "value": 20
      },
      {
        "value": 40
      },
      {
        "value": 18
      },
      {
        "value": 365
      },
      {
        "value": 22
      },
      {
        "value": 10
      }
    ],
    [
      {
        "value": 1776
      },
      {
        "value": 302
      },
      {
        "value": 17
      },
      {
        "value": 12
      },
      {
        "value": 779
      },
      {
        "value": 44
      },
      {
        "value": 365
      },
      {
        "value": 311
      },
      {
        "value": 18
      }
    ],
    [
      {
        "value": 544
      },
      {
        "value": 93
      },
      {
        "value": 17
      },
      {
        "value": 20
      },
      {
        "value": 281
      },
      {
        "value": 52
      },
      {
        "value": 365
      },
      {
        "value": 118
      },
      {
        "value": 22
      }
    ],
    [
      {
        "value": 1317
      },
      {
        "value": 202
      },
      {
        "value": 15
      },
      {
        "value": 60
      },
      {
        "value": 836
      },
      {
        "value": 63
      },
      {
        "value": 360
      },
      {
        "value": 333
      },
      {
        "value": 25
      }
    ],
    [
      {
        "value": 856
      },
      {
        "value": 156
      },
      {
        "value": 18
      },
      {
        "value": 54
      },
      {
        "value": 511
      },
      {
        "value": 60
      },
      {
        "value": 365
      },
      {
        "value": 129
      },
      {
        "value": 15
      }
    ],
    [
      {
        "value": 3
      },
      {
        "value": 1
      },
      {
        "value": 33
      },
      {
        "value": 360
      },
      {
        "value": 3
      },
      {
        "value": 100
      },
      {
        "value": 180
      },
      {
        "value": 0
      },
      {
        "value": 0
      }
    ],
    [
      {
        "value": 37
      },
      {
        "value": 1
      },
      {
        "value": 3
      },
      {
        "value": 14
      },
      {
        "value": 21
      },
      {
        "value": 57
      },
      {
        "value": 270
      },
      {
        "value": 6
      },
      {
        "value": 16
      }
    ],
    [
      {
        "value": 421
      },
      {
        "value": 44
      },
      {
        "value": 10
      },
      {
        "value": 120
      },
      {
        "value": 301
      },
      {
        "value": 71
      },
      {
        "value": 360
      },
      {
        "value": 198
      },
      {
        "value": 47
      }
    ],
    [
      {
        "value": 16991
      },
      {
        "value": 2573
      },
      {
        "value": 15
      },
      {
        "value": 40
      },
      {
        "value": 10451
      },
      {
        "value": 62
      },
      {
        "value": 365
      },
      {
        "value": 3867
      },
      {
        "value": 23
      }
    ],
    [
      {
        "value": 494
      },
      {
        "value": 47
      },
      {
        "value": 10
      },
      {
        "value": 80
      },
      {
        "value": 224
      },
      {
        "value": 45
      },
      {
        "value": 365
      },
      {
        "value": 89
      },
      {
        "value": 18
      }
    ],
    [
      {
        "value": 251
      },
      {
        "value": 2
      },
      {
        "value": 1
      },
      {
        "value": 235
      },
      {
        "value": 69
      },
      {
        "value": 27
      },
      {
        "value": 363
      },
      {
        "value": 40
      },
      {
        "value": 16
      }
    ],
    [
      {
        "value": 243
      },
      {
        "value": 45
      },
      {
        "value": 19
      },
      {
        "value": 80
      },
      {
        "value": 155
      },
      {
        "value": 64
      },
      {
        "value": 365
      },
      {
        "value": 49
      },
      {
        "value": 20
      }
    ],
    [
      {
        "value": 17485
      },
      {
        "value": 2620
      },
      {
        "value": 15
      },
      {
        "value": 42
      },
      {
        "value": 10675
      },
      {
        "value": 61
      },
      {
        "value": 365
      },
      {
        "value": 3956
      },
      {
        "value": 23
      }
    ],
    [
      {
        "value": 5039
      },
      {
        "value": 741
      },
      {
        "value": 15
      },
      {
        "value": 20
      },
      {
        "value": 2317
      },
      {
        "value": 46
      },
      {
        "value": 270
      },
      {
        "value": 1645
      },
      {
        "value": 33
      }
    ],
    [
      {
        "value": 435
      },
      {
        "value": 5
      },
      {
        "value": 1
      },
      {
        "value": 20
      },
      {
        "value": 196
      },
      {
        "value": 45
      },
      {
        "value": 360
      },
      {
        "value": 92
      },
      {
        "value": 21
      }
    ],
    [
      {
        "value": 354
      },
      {
        "value": 39
      },
      {
        "value": 11
      },
      {
        "value": 90
      },
      {
        "value": 258
      },
      {
        "value": 73
      },
      {
        "value": 365
      },
      {
        "value": 71
      },
      {
        "value": 20
      }
    ],
    [
      {
        "value": 3086
      },
      {
        "value": 657
      },
      {
        "value": 21
      },
      {
        "value": 16
      },
      {
        "value": 1161
      },
      {
        "value": 38
      },
      {
        "value": 270
      },
      {
        "value": 900
      },
      {
        "value": 29
      }
    ],
    [
      {
        "value": 1164
      },
      {
        "value": 40
      },
      {
        "value": 3
      },
      {
        "value": 80
      },
      {
        "value": 702
      },
      {
        "value": 60
      },
      {
        "value": 180
      },
      {
        "value": 582
      },
      {
        "value": 50
      }
    ],
    [
      {
        "value": 22524
      },
      {
        "value": 3361
      },
      {
        "value": 15
      },
      {
        "value": 39
      },
      {
        "value": 12992
      },
      {
        "value": 58
      },
      {
        "value": 360
      },
      {
        "value": 5601
      },
      {
        "value": 25
      }
    ]
  ]
}