{
  "title": "nfl statistics",
  "top_root": {
    "name": "<TOP>",
    "value": "<TOP>",
    "type": "string",
    "line_idx": null,
    "children_dict": [
      {
        "name": "games",
        "value": "games",
        "type": "string",
        "children_dict": [
          {
            "name": "g",
            "value": "g",
            "type": "string",
            "children_dict": [],
            "line_idx": 0
          },
          {
            "name": "gs",
            "value": "gs",
            "type": "string",
            "children_dict": [],
            "line_idx": 1
          }
        ],
        "line_idx": null
      },
      {
        "name": "rushing",
        "value": "rushing",
        "type": "string",
        "children_dict": [
          {
            "name": "att",
            "value": "att",
            "type": "string",
            "children_dict": [],
            "line_idx": 2
          },
          {
            "name": "yards",
            "value": "yards",
            "type": "string",
            "children_dict": [],
            "line_idx": 3
          },
          {
            "name": "avg",
            "value": "avg",
            "type": "string",
            "children_dict": [],
            "line_idx": 4
          },
          {
            "name": "long",
            "value": "long",
            "type": "string",
            "children_dict": [],
            "line_idx": 5
          },
          {
            "name": "td",
            "value": "td",
            "type": "string",
            "children_dict": [],
            "line_idx": 6
          }
        ],
        "line_idx": null
      },
      {
        "name": "receiving",
        "value": "receiving",
        "type": "string",
        "children_dict": [
          {
            "name": "rec",
            "value": "rec",
            "type": "string",
            "children_dict": [],
            "line_idx": 7
          },
          {
            "name": "yards",
            "value": "yards",
            "type": "string",
            "children_dict": [],
            "line_idx": 8
          },
          {
            "name": "avg",
            "value": "avg",
            "type": "string",
            "children_dict": [],
            "line_idx": 9
          },
          {
            "name": "long",
            "value": "long",
            "type": "string",
            "children_dict": [],
            "line_idx": 10
          },
          {
            "name": "td",
            "value": "td",
            "type": "string",
            "children_dict": [],
            "line_idx": 11
          }
        ],
        "line_idx": null
      }
    ]
  },
  "left_root": {
    "name": "<LEFT>",
    "value": "<LEFT>",
    "type": "string",
    "line_idx": null,
    "children_dict": [
      {
        "name": "2008",
        "value": "2008",
        "type": "string",
        "children_dict": [
          {
            "name": "oak",
            "value": "oak",
            "type": "string",
            "children_dict": [],
            "line_idx": 0
          }
        ],
        "line_idx": null
      },
      {
        "name": "2009",
        "value": "2009",
        "type": "string",
        "children_dict": [
          {
            "name": "oak",
            "value": "oak",
            "type": "string",
            "children_dict": [],
            "line_idx": 1
          }
        ],
        "line_idx": null
      },
      {
        "name": "2010",
        "value": "2010",
        "type": "string",
        "children_dict": [
          {
            "name": "oak",
            "value": "oak",
            "type": "string",
            "children_dict": [],
            "line_idx": 2
          }
        ],
        "line_idx": null
      },
      {
        "name": "2011",
        "value": "2011",
        "type": "string",
        "children_dict": [
          {
            "name": "oak",
            "value": "oak",
            "type": "string",
            "children_dict": [],
            "line_idx": 3
          }
        ],
        "line_idx": null
      },
      {
        "name": "2012",
        "value": "2012",
        "type": "string",
        "children_dict": [
          {
            "name": "oak",
            "value": "oak",
            "type": "string",
            "children_dict": [],
            "line_idx": 4
          }
        ],
        "line_idx": null
      },
      {
        "name": "2013",
        "value": "2013",
        "type": "string",
        "children_dict": [
          {
            "name": "oak",
            "value": "oak",
            "type": "string",
            "children_dict": [],
            "line_idx": 5
          }
        ],
        "line_idx": null
      },
      {
        "name": "2014",
        "value": "2014",
        "type": "string",
        "children_dict": [
          {
            "name": "oak",
            "value": "oak",
            "type": "string",
            "children_dict": [],
            "line_idx": 6
          }
        ],
        "line_idx": null
      },
      {
        "name": "2015",
        "value": "2015",
        "type": "string",
        "children_dict": [
          {
            "name": "dal",
            "value": "dal",
            "type": "string",
            "children_dict": [],
            "line_idx": 7
          }
        ],
        "line_idx": null
      },
      {
        "name": "2016",
        "value": "2016",
        "type": "string",
        "children_dict": [
          {
            "name": "dal",
            "value": "dal",
            "type": "string",
            "children_dict": [],
            "line_idx": 8
          }
        ],
        "line_idx": null
      },
      {
        "name": "2017",
        "value": "2017",
        "type": "string",
        "children_dict": [
          {
            "name": "dal",
            "value": "dal",
            "type": "string",
            "children_dict": [],
            "line_idx": 9
          }
        ],
        "line_idx": null
      },
      {
        "name": "career",
        "value": "career",
        "type": "string",
        "children_dict": [],
        "line_idx": 10
      }
    ]
  },
  "data": [
    [
      {
        "value": 13.0
      },
      {
        "value": 5.0
      },
      {
        "value": 113.0
      },
      {
        "value": 499.0
      },
      {
        "value": 4.4
      },
      {
        "value": 50.0
      },
      {
        "value": 4.0
      },
      {
        "value": 29.0
      },
      {
        "value": 285.0
      },
      {
        "value": 9.8
      },
      {
        "value": 27.0
      },
      {
        "value": 0.0
      }
    ],
    [
      {
        "value": 12.0
      },
      {
        "value": 7.0
      },
      {
        "value": 104.0
      },
      {
        "value": 357.0
      },
      {
        "value": 3.4
      },
      {
        "value": 28.0
      },
      {
        "value": 1.0
      },
      {
        "value": 21.0
      },
      {
        "value": 245.0
      },
      {
        "value": 11.7
      },
      {
        "value": 48.0
      },
      {
        "value": 0.0
      }
    ],
    [
      {
        "value": 13.0
      },
      {
        "value": 13.0
      },
      {
        "value": 223.0
      },
      {
        "value": 1157.0
      },
      {
        "value": 5.2
      },
      {
        "value": 57.0
      },
      {
        "value": 7.0
      },
      {
        "value": 47.0
      },
      {
        "value": 507.0
      },
      {
        "value": 10.8
      },
      {
        "value": 67.0
      },
      {
        "value": 3.0
      }
    ],
    [
      {
        "value": 7.0
      },
      {
        "value": 7.0
      },
      {
        "value": 113.0
      },
      {
        "value": 614.0
      },
      {
        "value": 5.4
      },
      {
        "value": 70.0
      },
      {
        "value": 4.0
      },
      {
        "value": 19.0
      },
      {
        "value": 154.0
      },
      {
        "value": 8.1
      },
      {
        "value": 26.0
      },
      {
        "value": 1.0
      }
    ],
    [
      {
        "value": 12.0
      },
      {
        "value": 12.0
      },
      {
        "value": 216.0
      },
      {
        "value": 707.0
      },
      {
        "value": 3.3
      },
      {
        "value": 64.0
      },
      {
        "value": 2.0
      },
      {
        "value": 42.0
      },
      {
        "value": 258.0
      },
      {
        "value": 6.1
      },
      {
        "value": 20.0
      },
      {
        "value": 1.0
      }
    ],
    [
      {
        "value": 10.0
      },
      {
        "value": 7.0
      },
      {
        "value": 114.0
      },
      {
        "value": 379.0
      },
      {
        "value": 3.3
      },
      {
        "value": 30.0
      },
      {
        "value": 5.0
      },
      {
        "value": 17.0
      },
      {
        "value": 108.0
      },
      {
        "value": 6.4
      },
      {
        "value": 16.0
      },
      {
        "value": 0.0
      }
    ],
    [
      {
        "value": 16.0
      },
      {
        "value": 12.0
      },
      {
        "value": 155.0
      },
      {
        "value": 534.0
      },
      {
        "value": 3.4
      },
      {
        "value": 25.0
      },
      {
        "value": 2.0
      },
      {
        "value": 36.0
      },
      {
        "value": 212.0
      },
      {
        "value": 5.9
      },
      {
        "value": 23.0
      },
      {
        "value": 0.0
      }
    ],
    [
      {
        "value": 16.0
      },
      {
        "value": 10.0
      },
      {
        "value": 239.0
      },
      {
        "value": 1089.0
      },
      {
        "value": 4.6
      },
      {
        "value": 50.0
      },
      {
        "value": 3.0
      },
      {
        "value": 40.0
      },
      {
        "value": 328.0
      },
      {
        "value": 8.2
      },
      {
        "value": 21.0
      },
      {
        "value": 0.0
      }
    ],
    [
      {
        "value": 3.0
      },
      {
        "value": 1.0
      },
      {
        "value": 24.0
      },
      {
        "value": 87.0
      },
      {
        "value": 3.6
      },
      {
        "value": 24.0
      },
      {
        "value": 0.0
      },
      {
        "value": 3.0
      },
      {
        "value": 17.0
      },
      {
        "value": 5.7
      },
      {
        "value": 11.0
      },
      {
        "value": 0.0
      }
    ],
    [
      {
        "value": 1.0
      },
      {
        "value": 0.0
      },
      {
        "value": 1.0
      },
      {
        "value": 2.0
      },
      {
        "value": 2.0
      },
      {
        "value": 2.0
      },
      {
        "value": 0.0
      },
      {
        "value": 0.0
      },
      {
        "value": 0.0
      },
      {
        "value": 0.0
      },
      {
        "value": 0.0
      },
      {
        "value": 0.0
      }
    ],
    [
      {
        "value": 103.0
      },
      {
        "value": 74.0
      },
      {
        "value": 1302.0
      },
      {
        "value": 5421.0
      },
      {
        "value": 4.2
      },
      {
        "value": 70.0
      },
      {
        "value": 28.0
      },
      {
        "value": 254.0
      },
      {
        "value": 2114.0
      },
      {
        "value": 8.3
      },
      {
        "value": 67.0
      },
      {
        "value": 5.0
      }
    ]
  ]
}