{
  "title": "prevalence of disability among women and men aged 15 or older, by immigrant status and age group, canada, 2011",
  "top_root": {
    "name": "<TOP>",
    "value": "<TOP>",
    "type": "string",
    "line_idx": null,
    "children_dict": [
      {
        "name": "women",
        "value": "women",
        "type": "string",
        "children_dict": [
          {
            "name": "non-immigrant",
            "value": "non-immigrant",
            "type": "string",
            "children_dict": [],
            "line_idx": 0
          },
          {
            "name": "immigrant",
            "value": "immigrant",
            "type": "string",
            "children_dict": [],
            "line_idx": 1
          }
        ],
        "line_idx": null
      },
      {
        "name": "men",
        "value": "men",
        "type": "string",
        "children_dict": [
          {
            "name": "non-immigrant",
            "value": "non-immigrant",
            "type": "string",
            "children_dict": [],
            "line_idx": 2
          },
          {
            "name": "immigrant",
            "value": "immigrant",
            "type": "string",
            "children_dict": [],
            "line_idx": 3
          }
        ],
        "line_idx": null
      }
    ]
  },
  "left_root": {
    "name": "<LEFT>",
    "value": "<LEFT>",
    "type": "string",
    "line_idx": null,
    "children_dict": [
      {
        "name": "percent",
        "value": "percent",
        "type": "string",
        "children_dict": [
          {
            "name": "15 or older",
            "value": "15 or older",
            "type": "string",
            "children_dict": [
              {
                "name": "15 to 24",
                "value": "15 to 24",
                "type": "string",
                "children_dict": [],
                "line_idx": 1
              },
              {
                "name": "25 to 54",
                "value": "25 to 54",
                "type": "string",
                "children_dict": [],
                "line_idx": 2
              },
              {
                "name": "55 to 64",
                "value": "55 to 64",
                "type": "string",
                "children_dict": [],
                "line_idx": 3
              },
              {
                "name": "65 or older",
                "value": "65 or older",
                "type": "string",
                "children_dict": [],
                "line_idx": 4
              }
            ],
            "line_idx": 0
          }
        ],
        "line_idx": null
      }
    ]
  },
  "data": [
    [
      {
        "value": 14.6
      },
      {
        "value": 15.9
      },
      {
        "value": 13.0
      },
      {
        "value": 11.5
      }
    ],
    [
      {
        "value": 4.7
      },
      {
        "value": 2.6
      },
      {
        "value": 4.8
      },
      {
        "value": 3.1
      }
    ],
    [
      {
        "value": 10.5
      },
      {
        "value": 6.9
      },
      {
        "value": 9.1
      },
      {
        "value": 5.7
      }
    ],
    [
      {
        "value": 20.5
      },
      {
        "value": 21.8
      },
      {
        "value": 20.8
      },
      {
        "value": 14.4
      }
    ],
    [
      {
        "value": 32.9
      },
      {
        "value": 40.8
      },
      {
        "value": 31.0
      },
      {
        "value": 30.2
      }
    ]
  ]
}