{
  "title": "singles",
  "top_root": {
    "name": "<TOP>",
    "value": "<TOP>",
    "type": "string",
    "line_idx": null,
    "children_dict": [
      {
        "name": "christian peak chart positions",
        "value": "christian peak chart positions",
        "type": "string",
        "children_dict": [
          {
            "name": "christian",
            "value": "christian",
            "type": "string",
            "children_dict": [],
            "line_idx": 0
          },
          {
            "name": "airplay",
            "value": "airplay",
            "type": "string",
            "children_dict": [],
            "line_idx": 1
          },
          {
            "name": "inspo",
            "value": "inspo",
            "type": "string",
            "children_dict": [],
            "line_idx": 2
          },
          {
            "name": "ac",
            "value": "ac",
            "type": "string",
            "children_dict": [],
            "line_idx": 3
          },
          {
            "name": "chr",
            "value": "chr",
            "type": "string",
            "children_dict": [],
            "line_idx": 4
          },
          {
            "name": "rock",
            "value": "rock",
            "type": "string",
            "children_dict": [],
            "line_idx": 5
          },
          {
            "name": "metal",
            "value": "metal",
            "type": "string",
            "children_dict": [],
            "line_idx": 6
          }
        ],
        "line_idx": null
      },
      {
        "name": "album",
        "value": "album",
        "type": "string",
        "children_dict": [],
        "line_idx": 7
      }
    ]
  },
  "left_root": {
    "name": "<LEFT>",
    "value": "<LEFT>",
    "type": "string",
    "line_idx": null,
    "children_dict": [
      {
        "name": "1991",
        "value": "1991",
        "type": "string",
        "children_dict": [
          {
            "name": "my god",
            "value": "my god",
            "type": "string",
            "children_dict": [],
            "line_idx": 0
          }
        ],
        "line_idx": null
      },
      {
        "name": "1992",
        "value": "1992",
        "type": "string",
        "children_dict": [
          {
            "name": "who do you love?",
            "value": "who do you love?",
            "type": "string",
            "children_dict": [],
            "line_idx": 1
          },
          {
            "name": "audio world",
            "value": "audio world",
            "type": "string",
            "children_dict": [],
            "line_idx": 2
          }
        ],
        "line_idx": null
      },
      {
        "name": "1994",
        "value": "1994",
        "type": "string",
        "children_dict": [
          {
            "name": "my world view",
            "value": "my world view",
            "type": "string",
            "children_dict": [],
            "line_idx": 3
          },
          {
            "name": "we're a band",
            "value": "we're a band",
            "type": "string",
            "children_dict": [],
            "line_idx": 4
          },
          {
            "name": "big house",
            "value": "big house",
            "type": "string",
            "children_dict": [],
            "line_idx": 5
          },
          {
            "name": "\"can't take god away",
            "value": "\"can't take god away",
            "type": "string",
            "children_dict": [],
            "line_idx": 6
          },
          {
            "name": "rest easy",
            "value": "rest easy",
            "type": "string",
            "children_dict": [],
            "line_idx": 7
          },
          {
            "name": "don't censor me",
            "value": "don't censor me",
            "type": "string",
            "children_dict": [],
            "line_idx": 8
          }
        ],
        "line_idx": null
      },
      {
        "name": "1995",
        "value": "1995",
        "type": "string",
        "children_dict": [
          {
            "name": "a.k.a. public school",
            "value": "a.k.a. public school",
            "type": "string",
            "children_dict": [],
            "line_idx": 9
          },
          {
            "name": "righteous rocker #3",
            "value": "righteous rocker #3",
            "type": "string",
            "children_dict": [],
            "line_idx": 10
          }
        ],
        "line_idx": null
      },
      {
        "name": "1996",
        "value": "1996",
        "type": "string",
        "children_dict": [
          {
            "name": "never gonna be as big as jesus",
            "value": "never gonna be as big as jesus",
            "type": "string",
            "children_dict": [],
            "line_idx": 11
          },
          {
            "name": "secret",
            "value": "secret",
            "type": "string",
            "children_dict": [],
            "line_idx": 12
          },
          {
            "name": "walk on water",
            "value": "walk on water",
            "type": "string",
            "children_dict": [],
            "line_idx": 13
          },
          {
            "name": "i'm not the king",
            "value": "i'm not the king",
            "type": "string",
            "children_dict": [],
            "line_idx": 14
          },
          {
            "name": "good people",
            "value": "good people",
            "type": "string",
            "children_dict": [],
            "line_idx": 15
          }
        ],
        "line_idx": null
      },
      {
        "name": "1997",
        "value": "1997",
        "type": "string",
        "children_dict": [
          {
            "name": "free ride",
            "value": "free ride",
            "type": "string",
            "children_dict": [],
            "line_idx": 16
          },
          {
            "name": "man of god",
            "value": "man of god",
            "type": "string",
            "children_dict": [],
            "line_idx": 17
          },
          {
            "name": "some kind of zombie",
            "value": "some kind of zombie",
            "type": "string",
            "children_dict": [],
            "line_idx": 18
          },
          {
            "name": "people like me",
            "value": "people like me",
            "type": "string",
            "children_dict": [],
            "line_idx": 19
          }
        ],
        "line_idx": null
      },
      {
        "name": "1998",
        "value": "1998",
        "type": "string",
        "children_dict": [
          {
            "name": "blitz",
            "value": "blitz",
            "type": "string",
            "children_dict": [],
            "line_idx": 20
          },
          {
            "name": "chevette",
            "value": "chevette",
            "type": "string",
            "children_dict": [],
            "line_idx": 21
          },
          {
            "name": "god-shaped hole",
            "value": "god-shaped hole",
            "type": "string",
            "children_dict": [],
            "line_idx": 22
          }
        ],
        "line_idx": null
      },
      {
        "name": "1999",
        "value": "1999",
        "type": "string",
        "children_dict": [
          {
            "name": "new body",
            "value": "new body",
            "type": "string",
            "children_dict": [],
            "line_idx": 23
          },
          {
            "name": "get down",
            "value": "get down",
            "type": "string",
            "children_dict": [],
            "line_idx": 24
          },
          {
            "name": "hands and feet",
            "value": "hands and feet",
            "type": "string",
            "children_dict": [],
            "line_idx": 25
          }
        ],
        "line_idx": null
      },
      {
        "name": "2000",
        "value": "2000",
        "type": "string",
        "children_dict": [
          {
            "name": "underdog",
            "value": "underdog",
            "type": "string",
            "children_dict": [],
            "line_idx": 26
          },
          {
            "name": "good life",
            "value": "good life",
            "type": "string",
            "children_dict": [],
            "line_idx": 27
          }
        ],
        "line_idx": null
      },
      {
        "name": "2001",
        "value": "2001",
        "type": "string",
        "children_dict": [
          {
            "name": "mighty good leader",
            "value": "mighty good leader",
            "type": "string",
            "children_dict": [],
            "line_idx": 28
          },
          {
            "name": "one like you",
            "value": "one like you",
            "type": "string",
            "children_dict": [],
            "line_idx": 29
          },
          {
            "name": "will not fade",
            "value": "will not fade",
            "type": "string",
            "children_dict": [],
            "line_idx": 30
          },
          {
            "name": "beautiful",
            "value": "beautiful",
            "type": "string",
            "children_dict": [],
            "line_idx": 31
          },
          {
            "name": "lonely man",
            "value": "lonely man",
            "type": "string",
            "children_dict": [],
            "line_idx": 32
          }
        ],
        "line_idx": null
      },
      {
        "name": "2002",
        "value": "2002",
        "type": "string",
        "children_dict": [
          {
            "name": "rejoice",
            "value": "rejoice",
            "type": "string",
            "children_dict": [],
            "line_idx": 33
          }
        ],
        "line_idx": null
      },
      {
        "name": "2003",
        "value": "2003",
        "type": "string",
        "children_dict": [
          {
            "name": "\"dirty\"/\"ocean floor\"",
            "value": "\"dirty\"/\"ocean floor\"",
            "type": "string",
            "children_dict": [],
            "line_idx": 34
          },
          {
            "name": "pierced",
            "value": "pierced",
            "type": "string",
            "children_dict": [],
            "line_idx": 35
          },
          {
            "name": "church punks",
            "value": "church punks",
            "type": "string",
            "children_dict": [],
            "line_idx": 36
          },
          {
            "name": "strong",
            "value": "strong",
            "type": "string",
            "children_dict": [],
            "line_idx": 37
          },
          {
            "name": "worldwide",
            "value": "worldwide",
            "type": "string",
            "children_dict": [],
            "line_idx": 38
          }
        ],
        "line_idx": null
      },
      {
        "name": "2004",
        "value": "2004",
        "type": "string",
        "children_dict": [
          {
            "name": "leaving 99",
            "value": "leaving 99",
            "type": "string",
            "children_dict": [],
            "line_idx": 39
          },
          {
            "name": "miracle",
            "value": "miracle",
            "type": "string",
            "children_dict": [],
            "line_idx": 40
          }
        ],
        "line_idx": null
      },
      {
        "name": "2005",
        "value": "2005",
        "type": "string",
        "children_dict": [
          {
            "name": "start a fire",
            "value": "start a fire",
            "type": "string",
            "children_dict": [],
            "line_idx": 41
          },
          {
            "name": "king",
            "value": "king",
            "type": "string",
            "children_dict": [],
            "line_idx": 42
          },
          {
            "name": "undefeated",
            "value": "undefeated",
            "type": "string",
            "children_dict": [],
            "line_idx": 43
          },
          {
            "name": "starting over",
            "value": "starting over",
            "type": "string",
            "children_dict": [],
            "line_idx": 44
          },
          {
            "name": "melody",
            "value": "melody",
            "type": "string",
            "children_dict": [],
            "line_idx": 45
          }
        ],
        "line_idx": null
      },
      {
        "name": "2006",
        "value": "2006",
        "type": "string",
        "children_dict": [
          {
            "name": "goodbye",
            "value": "goodbye",
            "type": "string",
            "children_dict": [],
            "line_idx": 46
          }
        ],
        "line_idx": null
      },
      {
        "name": "2012",
        "value": "2012",
        "type": "string",
        "children_dict": [
          {
            "name": "kings & queens",
            "value": "kings & queens",
            "type": "string",
            "children_dict": [],
            "line_idx": 47
          }
        ],
        "line_idx": null
      },
      {
        "name": "2013",
        "value": "2013",
        "type": "string",
        "children_dict": [
          {
            "name": "believer",
            "value": "believer",
            "type": "string",
            "children_dict": [],
            "line_idx": 48
          },
          {
            "name": "king of the comebacks",
            "value": "king of the comebacks",
            "type": "string",
            "children_dict": [],
            "line_idx": 49
          }
        ],
        "line_idx": null
      },
      {
        "name": "2014",
        "value": "2014",
        "type": "string",
        "children_dict": [
          {
            "name": "he moves you move",
            "value": "he moves you move",
            "type": "string",
            "children_dict": [],
            "line_idx": 50
          }
        ],
        "line_idx": null
      },
      {
        "name": "2015",
        "value": "2015",
        "type": "string",
        "children_dict": [
          {
            "name": "love was stronger",
            "value": "love was stronger",
            "type": "string",
            "children_dict": [],
            "line_idx": 51
          },
          {
            "name": "move",
            "value": "move",
            "type": "string",
            "children_dict": [],
            "line_idx": 52
          }
        ],
        "line_idx": null
      },
      {
        "name": "\"-\" denotes singles that did not chart",
        "value": "\"-\" denotes singles that did not chart",
        "type": "string",
        "children_dict": [],
        "line_idx": 53
      }
    ]
  },
  "data": [
    [
      {
        "value": "-"
      },
      {
        "value": "-"
      },
      {
        "value": "-"
      },
      {
        "value": "-"
      },
      {
        "value": "-"
      },
      {
        "value": "-"
      },
      {
        "value": 5.0
      },
      {
        "value": "audio adrenaline"
      }
    ],
    [
      {
        "value": "-"
      },
      {
        "value": "-"
      },
      {
        "value": "-"
      },
      {
        "value": "-"
      },
      {
        "value": 13.0
      },
      {
        "value": "-"
      },
      {
        "value": "-"
      },
      {
        "value": "audio adrenaline"
      }
    ],
    [
      {
        "value": "-"
      },
      {
        "value": "-"
      },
      {
        "value": "-"
      },
      {
        "value": "-"
      },
      {
        "value": 16.0
      },
      {
        "value": "-"
      },
      {
        "value": "-"
      },
      {
        "value": "audio adrenaline"
      }
    ],
    [
      {
        "value": "-"
      },
      {
        "value": "-"
      },
      {
        "value": "-"
      },
      {
        "value": 33.0
      },
      {
        "value": 3.0
      },
      {
        "value": "-"
      },
      {
        "value": "-"
      },
      {
        "value": "don't censor me"
      }
    ],
    [
      {
        "value": "-"
      },
      {
        "value": "-"
      },
      {
        "value": "-"
      },
      {
        "value": "-"
      },
      {
        "value": "-"
      },
      {
        "value": 3.0
      },
      {
        "value": "-"
      },
      {
        "value": "don't censor me"
      }
    ],
    [
      {
        "value": "-"
      },
      {
        "value": "-"
      },
      {
        "value": "-"
      },
      {
        "value": "-"
      },
      {
        "value": 1.0
      },
      {
        "value": 14.0
      },
      {
        "value": "-"
      },
      {
        "value": "don't censor me"
      }
    ],
    [
      {
        "value": "-"
      },
      {
        "value": "-"
      },
      {
        "value": "-"
      },
      {
        "value": "-"
      },
      {
        "value": 1.0
      },
      {
        "value": "-"
      },
      {
        "value": "-"
      },
      {
        "value": "don't censor me"
      }
    ],
    [
      {
        "value": "-"
      },
      {
        "value": "-"
      },
      {
        "value": "-"
      },
      {
        "value": "-"
      },
      {
        "value": 10.0
      },
      {
        "value": "-"
      },
      {
        "value": "-"
      },
      {
        "value": "don't censor me"
      }
    ],
    [
      {
        "value": "-"
      },
      {
        "value": "-"
      },
      {
        "value": "-"
      },
      {
        "value": "-"
      },
      {
        "value": "-"
      },
      {
        "value": 18.0
      },
      {
        "value": "-"
      },
      {
        "value": "don't censor me"
      }
    ],
    [
      {
        "value": "-"
      },
      {
        "value": "-"
      },
      {
        "value": "-"
      },
      {
        "value": "-"
      },
      {
        "value": 14.0
      },
      {
        "value": "-"
      },
      {
        "value": "-"
      },
      {
        "value": "don't censor me"
      }
    ],
    [
      {
        "value": "-"
      },
      {
        "value": "-"
      },
      {
        "value": "-"
      },
      {
        "value": "-"
      },
      {
        "value": "-"
      },
      {
        "value": 1.0
      },
      {
        "value": "-"
      },
      {
        "value": "one way: the songs of larry norman"
      }
    ],
    [
      {
        "value": "-"
      },
      {
        "value": "-"
      },
      {
        "value": "-"
      },
      {
        "value": "-"
      },
      {
        "value": 3.0
      },
      {
        "value": "-"
      },
      {
        "value": "-"
      },
      {
        "value": "bloom"
      }
    ],
    [
      {
        "value": "-"
      },
      {
        "value": "-"
      },
      {
        "value": "-"
      },
      {
        "value": "-"
      },
      {
        "value": "-"
      },
      {
        "value": 1.0
      },
      {
        "value": "-"
      },
      {
        "value": "bloom"
      }
    ],
    [
      {
        "value": "-"
      },
      {
        "value": "-"
      },
      {
        "value": "-"
      },
      {
        "value": 38.0
      },
      {
        "value": 1.0
      },
      {
        "value": "-"
      },
      {
        "value": "-"
      },
      {
        "value": "bloom"
      }
    ],
    [
      {
        "value": "-"
      },
      {
        "value": "-"
      },
      {
        "value": "-"
      },
      {
        "value": "-"
      },
      {
        "value": "-"
      },
      {
        "value": 1.0
      },
      {
        "value": "-"
      },
      {
        "value": "bloom"
      }
    ],
    [
      {
        "value": "-"
      },
      {
        "value": "-"
      },
      {
        "value": "-"
      },
      {
        "value": "-"
      },
      {
        "value": 3.0
      },
      {
        "value": "-"
      },
      {
        "value": "-"
      },
      {
        "value": "bloom"
      }
    ],
    [
      {
        "value": "-"
      },
      {
        "value": "-"
      },
      {
        "value": "-"
      },
      {
        "value": "-"
      },
      {
        "value": 9.0
      },
      {
        "value": 2.0
      },
      {
        "value": "-"
      },
      {
        "value": "bloom"
      }
    ],
    [
      {
        "value": "-"
      },
      {
        "value": "-"
      },
      {
        "value": "-"
      },
      {
        "value": "-"
      },
      {
        "value": 2.0
      },
      {
        "value": "-"
      },
      {
        "value": "-"
      },
      {
        "value": "bloom"
      }
    ],
    [
      {
        "value": "-"
      },
      {
        "value": "-"
      },
      {
        "value": "-"
      },
      {
        "value": "-"
      },
      {
        "value": "-"
      },
      {
        "value": 1.0
      },
      {
        "value": "-"
      },
      {
        "value": "some kind of zombie"
      }
    ],
    [
      {
        "value": "-"
      },
      {
        "value": "-"
      },
      {
        "value": "-"
      },
      {
        "value": "-"
      },
      {
        "value": 1.0
      },
      {
        "value": 4.0
      },
      {
        "value": "-"
      },
      {
        "value": "some kind of zombie"
      }
    ],
    [
      {
        "value": "-"
      },
      {
        "value": "-"
      },
      {
        "value": "-"
      },
      {
        "value": "-"
      },
      {
        "value": 25.0
      },
      {
        "value": 1.0
      },
      {
        "value": "-"
      },
      {
        "value": "some kind of zombie"
      }
    ],
    [
      {
        "value": "-"
      },
      {
        "value": "-"
      },
      {
        "value": "-"
      },
      {
        "value": "-"
      },
      {
        "value": 5.0
      },
      {
        "value": 1.0
      },
      {
        "value": "-"
      },
      {
        "value": "some kind of zombie"
      }
    ],
    [
      {
        "value": "-"
      },
      {
        "value": "-"
      },
      {
        "value": "-"
      },
      {
        "value": "-"
      },
      {
        "value": 17.0
      },
      {
        "value": "-"
      },
      {
        "value": "-"
      },
      {
        "value": "some kind of zombie"
      }
    ],
    [
      {
        "value": "-"
      },
      {
        "value": "-"
      },
      {
        "value": "-"
      },
      {
        "value": "-"
      },
      {
        "value": 11.0
      },
      {
        "value": 2.0
      },
      {
        "value": "-"
      },
      {
        "value": "some kind of zombie"
      }
    ],
    [
      {
        "value": "-"
      },
      {
        "value": "-"
      },
      {
        "value": "-"
      },
      {
        "value": "-"
      },
      {
        "value": 1.0
      },
      {
        "value": 7.0
      },
      {
        "value": "-"
      },
      {
        "value": "underdog"
      }
    ],
    [
      {
        "value": "-"
      },
      {
        "value": "-"
      },
      {
        "value": "-"
      },
      {
        "value": 7.0
      },
      {
        "value": 1.0
      },
      {
        "value": 6.0
      },
      {
        "value": "-"
      },
      {
        "value": "underdog"
      }
    ],
    [
      {
        "value": "-"
      },
      {
        "value": "-"
      },
      {
        "value": "-"
      },
      {
        "value": "-"
      },
      {
        "value": "-"
      },
      {
        "value": 5.0
      },
      {
        "value": "-"
      },
      {
        "value": "underdog"
      }
    ],
    [
      {
        "value": "-"
      },
      {
        "value": "-"
      },
      {
        "value": "-"
      },
      {
        "value": "-"
      },
      {
        "value": 3.0
      },
      {
        "value": "-"
      },
      {
        "value": "-"
      },
      {
        "value": "underdog"
      }
    ],
    [
      {
        "value": "-"
      },
      {
        "value": "-"
      },
      {
        "value": "-"
      },
      {
        "value": "-"
      },
      {
        "value": "-"
      },
      {
        "value": 14.0
      },
      {
        "value": "-"
      },
      {
        "value": "underdog"
      }
    ],
    [
      {
        "value": "-"
      },
      {
        "value": "-"
      },
      {
        "value": "-"
      },
      {
        "value": "-"
      },
      {
        "value": 2.0
      },
      {
        "value": "-"
      },
      {
        "value": "-"
      },
      {
        "value": "hit parade"
      }
    ],
    [
      {
        "value": "-"
      },
      {
        "value": "-"
      },
      {
        "value": "-"
      },
      {
        "value": "-"
      },
      {
        "value": "-"
      },
      {
        "value": 2.0
      },
      {
        "value": "-"
      },
      {
        "value": "hit parade"
      }
    ],
    [
      {
        "value": "-"
      },
      {
        "value": "-"
      },
      {
        "value": "-"
      },
      {
        "value": "-"
      },
      {
        "value": 1.0
      },
      {
        "value": "-"
      },
      {
        "value": "-"
      },
      {
        "value": "lift"
      }
    ],
    [
      {
        "value": "-"
      },
      {
        "value": "-"
      },
      {
        "value": "-"
      },
      {
        "value": "-"
      },
      {
        "value": "-"
      },
      {
        "value": 1.0
      },
      {
        "value": "-"
      },
      {
        "value": "lift"
      }
    ],
    [
      {
        "value": "-"
      },
      {
        "value": "-"
      },
      {
        "value": "-"
      },
      {
        "value": "-"
      },
      {
        "value": 2.0
      },
      {
        "value": "-"
      },
      {
        "value": "-"
      },
      {
        "value": "lift"
      }
    ],
    [
      {
        "value": "-"
      },
      {
        "value": "-"
      },
      {
        "value": "-"
      },
      {
        "value": "-"
      },
      {
        "value": 2.0
      },
      {
        "value": "-"
      },
      {
        "value": "-"
      },
      {
        "value": "worldwide"
      }
    ],
    [
      {
        "value": 12.0
      },
      {
        "value": "-"
      },
      {
        "value": "-"
      },
      {
        "value": 14.0
      },
      {
        "value": "-"
      },
      {
        "value": "-"
      },
      {
        "value": "-"
      },
      {
        "value": "worldwide"
      }
    ],
    [
      {
        "value": "-"
      },
      {
        "value": "-"
      },
      {
        "value": "-"
      },
      {
        "value": "-"
      },
      {
        "value": "-"
      },
      {
        "value": 9.0
      },
      {
        "value": "-"
      },
      {
        "value": "worldwide"
      }
    ],
    [
      {
        "value": "-"
      },
      {
        "value": "-"
      },
      {
        "value": "-"
      },
      {
        "value": "-"
      },
      {
        "value": "-"
      },
      {
        "value": "-"
      },
      {
        "value": "-"
      },
      {
        "value": "worldwide"
      }
    ],
    [
      {
        "value": "-"
      },
      {
        "value": "-"
      },
      {
        "value": "-"
      },
      {
        "value": "-"
      },
      {
        "value": "-"
      },
      {
        "value": 30.0
      },
      {
        "value": "-"
      },
      {
        "value": "worldwide"
      }
    ],
    [
      {
        "value": 5.0
      },
      {
        "value": "-"
      },
      {
        "value": "-"
      },
      {
        "value": 3.0
      },
      {
        "value": 1.0
      },
      {
        "value": "-"
      },
      {
        "value": "-"
      },
      {
        "value": "worldwide"
      }
    ],
    [
      {
        "value": "-"
      },
      {
        "value": "-"
      },
      {
        "value": "-"
      },
      {
        "value": "-"
      },
      {
        "value": 9.0
      },
      {
        "value": "-"
      },
      {
        "value": "-"
      },
      {
        "value": "worldwide"
      }
    ],
    [
      {
        "value": "-"
      },
      {
        "value": "-"
      },
      {
        "value": "-"
      },
      {
        "value": "-"
      },
      {
        "value": "-"
      },
      {
        "value": "-"
      },
      {
        "value": "-"
      },
      {
        "value": "worldwide"
      }
    ],
    [
      {
        "value": 17.0
      },
      {
        "value": "-"
      },
      {
        "value": "-"
      },
      {
        "value": 18.0
      },
      {
        "value": 17.0
      },
      {
        "value": "-"
      },
      {
        "value": "-"
      },
      {
        "value": "until my heart caves in"
      }
    ],
    [
      {
        "value": "-"
      },
      {
        "value": "-"
      },
      {
        "value": "-"
      },
      {
        "value": "-"
      },
      {
        "value": "-"
      },
      {
        "value": 19.0
      },
      {
        "value": "-"
      },
      {
        "value": "until my heart caves in"
      }
    ],
    [
      {
        "value": "-"
      },
      {
        "value": "-"
      },
      {
        "value": "-"
      },
      {
        "value": "-"
      },
      {
        "value": "-"
      },
      {
        "value": "-"
      },
      {
        "value": "-"
      },
      {
        "value": "until my heart caves in"
      }
    ],
    [
      {
        "value": "-"
      },
      {
        "value": "-"
      },
      {
        "value": "-"
      },
      {
        "value": "-"
      },
      {
        "value": "-"
      },
      {
        "value": "-"
      },
      {
        "value": "-"
      },
      {
        "value": "until my heart caves in"
      }
    ],
    [
      {
        "value": "-"
      },
      {
        "value": "-"
      },
      {
        "value": "-"
      },
      {
        "value": "-"
      },
      {
        "value": 29.0
      },
      {
        "value": "-"
      },
      {
        "value": "-"
      },
      {
        "value": "adios: the greatest hits"
      }
    ],
    [
      {
        "value": 4.0
      },
      {
        "value": "-"
      },
      {
        "value": 11.0
      },
      {
        "value": 7.0
      },
      {
        "value": 4.0
      },
      {
        "value": "-"
      },
      {
        "value": "-"
      },
      {
        "value": "kings & queens"
      }
    ],
    [
      {
        "value": 19.0
      },
      {
        "value": "-"
      },
      {
        "value": "-"
      },
      {
        "value": 23.0
      },
      {
        "value": "-"
      },
      {
        "value": "-"
      },
      {
        "value": "-"
      },
      {
        "value": "kings & queens"
      }
    ],
    [
      {
        "value": "-"
      },
      {
        "value": "-"
      },
      {
        "value": "-"
      },
      {
        "value": "-"
      },
      {
        "value": "-"
      },
      {
        "value": 22.0
      },
      {
        "value": "-"
      },
      {
        "value": "kings & queens"
      }
    ],
    [
      {
        "value": "-"
      },
      {
        "value": 49.0
      },
      {
        "value": "-"
      },
      {
        "value": "-"
      },
      {
        "value": 22.0
      },
      {
        "value": "-"
      },
      {
        "value": "-"
      },
      {
        "value": "kings & queens"
      }
    ],
    [
      {
        "value": "-"
      },
      {
        "value": 33.0
      },
      {
        "value": "-"
      },
      {
        "value": "-"
      },
      {
        "value": "-"
      },
      {
        "value": "-"
      },
      {
        "value": "-"
      },
      {
        "value": "sound of the saints"
      }
    ],
    [
      {
        "value": "-"
      },
      {
        "value": "-"
      },
      {
        "value": "-"
      },
      {
        "value": "-"
      },
      {
        "value": "-"
      },
      {
        "value": "-"
      },
      {
        "value": "-"
      },
      {
        "value": "sound of the saints"
      }
    ],
    [
      {
        "value": ""
      },
      {
        "value": ""
      },
      {
        "value": ""
      },
      {
        "value": ""
      },
      {
        "value": ""
      },
      {
        "value": ""
      },
      {
        "value": ""
      },
      {
        "value": ""
      }
    ]
  ]
}