{
  "title": "distribution of immigrant-owned enterprises across principal immigrant owner's level of education upon entry, by sector, 2001 to 2012",
  "top_root": {
    "name": "<TOP>",
    "value": "<TOP>",
    "type": "string",
    "line_idx": null,
    "children_dict": [
      {
        "name": "high school or less",
        "value": "high school or less",
        "type": "string",
        "children_dict": [],
        "line_idx": 0
      },
      {
        "name": "some postsecondary education",
        "value": "some postsecondary education",
        "type": "string",
        "children_dict": [],
        "line_idx": 1
      },
      {
        "name": "bachelor's degree and above",
        "value": "bachelor's degree and above",
        "type": "string",
        "children_dict": [],
        "line_idx": 2
      }
    ]
  },
  "left_root": {
    "name": "<LEFT>",
    "value": "<LEFT>",
    "type": "string",
    "line_idx": null,
    "children_dict": [
      {
        "name": "percent",
        "value": "percent",
        "type": "string",
        "children_dict": [
          {
            "name": "sector",
            "value": "sector",
            "type": "string",
            "children_dict": [
              {
                "name": "agriculture, forestry, fishing and hunting",
                "value": "agriculture, forestry, fishing and hunting",
                "type": "string",
                "children_dict": [],
                "line_idx": 1
              },
              {
                "name": "mining, oil and gas extraction, and utilities",
                "value": "mining, oil and gas extraction, and utilities",
                "type": "string",
                "children_dict": [],
                "line_idx": 2
              },
              {
                "name": "construction",
                "value": "construction",
                "type": "string",
                "children_dict": [],
                "line_idx": 3
              },
              {
                "name": "manufacturing",
                "value": "manufacturing",
                "type": "string",
                "children_dict": [],
                "line_idx": 4
              },
              {
                "name": "wholesale trade",
                "value": "wholesale trade",
                "type": "string",
                "children_dict": [],
                "line_idx": 5
              },
              {
                "name": "retail trade",
                "value": "retail trade",
                "type": "string",
                "children_dict": [],
                "line_idx": 6
              },
              {
                "name": "transportation and warehousing",
                "value": "transportation and warehousing",
                "type": "string",
                "children_dict": [],
                "line_idx": 7
              },
              {
                "name": "professional services",
                "value": "professional services",
                "type": "string",
                "children_dict": [],
                "line_idx": 8
              },
              {
                "name": "education and health services",
                "value": "education and health services",
                "type": "string",
                "children_dict": [],
                "line_idx": 9
              },
              {
                "name": "arts, entertainment and recreation, and accommodation and food services",
                "value": "arts, entertainment and recreation, and accommodation and food services",
                "type": "string",
                "children_dict": [],
                "line_idx": 10
              },
              {
                "name": "other services",
                "value": "other services",
                "type": "string",
                "children_dict": [],
                "line_idx": 11
              }
            ],
            "line_idx": 0
          },
          {
            "name": "all sectors",
            "value": "all sectors",
            "type": "string",
            "children_dict": [],
            "line_idx": 12
          }
        ],
        "line_idx": null
      }
    ]
  },
  "data": [
    [
      {
        "value": ""
      },
      {
        "value": ""
      },
      {
        "value": ""
      }
    ],
    [
      {
        "value": 40.76
      },
      {
        "value": 45.93
      },
      {
        "value": 13.27
      }
    ],
    [
      {
        "value": 30.19
      },
      {
        "value": 32.1
      },
      {
        "value": 37.61
      }
    ],
    [
      {
        "value": 47.71
      },
      {
        "value": 31.64
      },
      {
        "value": 20.62
      }
    ],
    [
      {
        "value": 39.61
      },
      {
        "value": 36.08
      },
      {
        "value": 24.24
      }
    ],
    [
      {
        "value": 31.73
      },
      {
        "value": 32.36
      },
      {
        "value": 35.9
      }
    ],
    [
      {
        "value": 39.77
      },
      {
        "value": 28.31
      },
      {
        "value": 31.86
      }
    ],
    [
      {
        "value": 52.23
      },
      {
        "value": 28.72
      },
      {
        "value": 19.03
      }
    ],
    [
      {
        "value": 26.57
      },
      {
        "value": 27.81
      },
      {
        "value": 45.58
      }
    ],
    [
      {
        "value": 19.9
      },
      {
        "value": 19.14
      },
      {
        "value": 60.93
      }
    ],
    [
      {
        "value": 49.02
      },
      {
        "value": 29.31
      },
      {
        "value": 21.64
      }
    ],
    [
      {
        "value": 49.5
      },
      {
        "value": 32.43
      },
      {
        "value": 18.02
      }
    ],
    [
      {
        "value": 36.35
      },
      {
        "value": 29.08
      },
      {
        "value": 34.53
      }
    ]
  ]
}