{
  "title": "career statistics",
  "top_root": {
    "name": "<TOP>",
    "value": "<TOP>",
    "type": "string",
    "line_idx": null,
    "children_dict": [
      {
        "name": "league",
        "value": "league",
        "type": "string",
        "children_dict": [
          {
            "name": "division",
            "value": "division",
            "type": "string",
            "children_dict": [],
            "line_idx": 0
          },
          {
            "name": "apps",
            "value": "apps",
            "type": "string",
            "children_dict": [],
            "line_idx": 1
          },
          {
            "name": "goals",
            "value": "goals",
            "type": "string",
            "children_dict": [],
            "line_idx": 2
          }
        ],
        "line_idx": null
      },
      {
        "name": "national cup",
        "value": "national cup",
        "type": "string",
        "children_dict": [
          {
            "name": "apps",
            "value": "apps",
            "type": "string",
            "children_dict": [],
            "line_idx": 3
          },
          {
            "name": "goals",
            "value": "goals",
            "type": "string",
            "children_dict": [],
            "line_idx": 4
          }
        ],
        "line_idx": null
      },
      {
        "name": "league cup",
        "value": "league cup",
        "type": "string",
        "children_dict": [
          {
            "name": "apps",
            "value": "apps",
            "type": "string",
            "children_dict": [],
            "line_idx": 5
          },
          {
            "name": "goals",
            "value": "goals",
            "type": "string",
            "children_dict": [],
            "line_idx": 6
          }
        ],
        "line_idx": null
      },
      {
        "name": "other",
        "value": "other",
        "type": "string",
        "children_dict": [
          {
            "name": "apps",
            "value": "apps",
            "type": "string",
            "children_dict": [],
            "line_idx": 7
          },
          {
            "name": "goals",
            "value": "goals",
            "type": "string",
            "children_dict": [],
            "line_idx": 8
          }
        ],
        "line_idx": null
      },
      {
        "name": "total",
        "value": "total",
        "type": "string",
        "children_dict": [
          {
            "name": "apps",
            "value": "apps",
            "type": "string",
            "children_dict": [],
            "line_idx": 9
          },
          {
            "name": "goals",
            "value": "goals",
            "type": "string",
            "children_dict": [],
            "line_idx": 10
          }
        ],
        "line_idx": null
      }
    ]
  },
  "left_root": {
    "name": "<LEFT>",
    "value": "<LEFT>",
    "type": "string",
    "line_idx": null,
    "children_dict": [
      {
        "name": "manchester united",
        "value": "manchester united",
        "type": "string",
        "children_dict": [
          {
            "name": "2005-06",
            "value": "2005-06",
            "type": "string",
            "children_dict": [],
            "line_idx": 0
          },
          {
            "name": "2006-07",
            "value": "2006-07",
            "type": "string",
            "children_dict": [],
            "line_idx": 1
          },
          {
            "name": "2007-08",
            "value": "2007-08",
            "type": "string",
            "children_dict": [],
            "line_idx": 2
          },
          {
            "name": "2008-09",
            "value": "2008-09",
            "type": "string",
            "children_dict": [],
            "line_idx": 3
          },
          {
            "name": "total",
            "value": "total",
            "type": "string",
            "children_dict": [],
            "line_idx": 4
          }
        ],
        "line_idx": null
      },
      {
        "name": "royal antwerp",
        "value": "royal antwerp",
        "type": "string",
        "children_dict": [
          {
            "name": "2005-06",
            "value": "2005-06",
            "type": "string",
            "children_dict": [],
            "line_idx": 5
          }
        ],
        "line_idx": null
      },
      {
        "name": "rangers",
        "value": "rangers",
        "type": "string",
        "children_dict": [
          {
            "name": "2006-07",
            "value": "2006-07",
            "type": "string",
            "children_dict": [],
            "line_idx": 6
          }
        ],
        "line_idx": null
      },
      {
        "name": "stoke city",
        "value": "stoke city",
        "type": "string",
        "children_dict": [
          {
            "name": "2006-07",
            "value": "2006-07",
            "type": "string",
            "children_dict": [],
            "line_idx": 7
          }
        ],
        "line_idx": null
      },
      {
        "name": "plymouth argyle",
        "value": "plymouth argyle",
        "type": "string",
        "children_dict": [
          {
            "name": "2007-08",
            "value": "2007-08",
            "type": "string",
            "children_dict": [],
            "line_idx": 8
          }
        ],
        "line_idx": null
      },
      {
        "name": "sheffield united",
        "value": "sheffield united",
        "type": "string",
        "children_dict": [
          {
            "name": "2007-08",
            "value": "2007-08",
            "type": "string",
            "children_dict": [],
            "line_idx": 9
          }
        ],
        "line_idx": null
      },
      {
        "name": "nottingham forest",
        "value": "nottingham forest",
        "type": "string",
        "children_dict": [
          {
            "name": "2008-09",
            "value": "2008-09",
            "type": "string",
            "children_dict": [],
            "line_idx": 10
          }
        ],
        "line_idx": null
      },
      {
        "name": "ipswich town",
        "value": "ipswich town",
        "type": "string",
        "children_dict": [
          {
            "name": "2009-10",
            "value": "2009-10",
            "type": "string",
            "children_dict": [],
            "line_idx": 11
          },
          {
            "name": "2010-11",
            "value": "2010-11",
            "type": "string",
            "children_dict": [],
            "line_idx": 12
          },
          {
            "name": "2011-12",
            "value": "2011-12",
            "type": "string",
            "children_dict": [],
            "line_idx": 13
          },
          {
            "name": "2012-13",
            "value": "2012-13",
            "type": "string",
            "children_dict": [],
            "line_idx": 14
          },
          {
            "name": "total",
            "value": "total",
            "type": "string",
            "children_dict": [],
            "line_idx": 15
          }
        ],
        "line_idx": null
      },
      {
        "name": "charlton athletic",
        "value": "charlton athletic",
        "type": "string",
        "children_dict": [
          {
            "name": "2010-11",
            "value": "2010-11",
            "type": "string",
            "children_dict": [],
            "line_idx": 16
          }
        ],
        "line_idx": null
      },
      {
        "name": "millwall",
        "value": "millwall",
        "type": "string",
        "children_dict": [
          {
            "name": "2013-14",
            "value": "2013-14",
            "type": "string",
            "children_dict": [],
            "line_idx": 17
          },
          {
            "name": "2014-15",
            "value": "2014-15",
            "type": "string",
            "children_dict": [],
            "line_idx": 18
          },
          {
            "name": "2015-16",
            "value": "2015-16",
            "type": "string",
            "children_dict": [],
            "line_idx": 19
          },
          {
            "name": "total",
            "value": "total",
            "type": "string",
            "children_dict": [],
            "line_idx": 20
          }
        ],
        "line_idx": null
      },
      {
        "name": "northampton town",
        "value": "northampton town",
        "type": "string",
        "children_dict": [
          {
            "name": "2015-16",
            "value": "2015-16",
            "type": "string",
            "children_dict": [],
            "line_idx": 21
          }
        ],
        "line_idx": null
      },
      {
        "name": "gillingham",
        "value": "gillingham",
        "type": "string",
        "children_dict": [
          {
            "name": "2016-17",
            "value": "2016-17",
            "type": "string",
            "children_dict": [],
            "line_idx": 22
          },
          {
            "name": "2017-18",
            "value": "2017-18",
            "type": "string",
            "children_dict": [],
            "line_idx": 23
          },
          {
            "name": "total",
            "value": "total",
            "type": "string",
            "children_dict": [],
            "line_idx": 24
          }
        ],
        "line_idx": null
      },
      {
        "name": "career total",
        "value": "career total",
        "type": "string",
        "children_dict": [],
        "line_idx": 25
      }
    ]
  },
  "data": [
    [
      {
        "value": "premier league"
      },
      {
        "value": 0
      },
      {
        "value": 0
      },
      {
        "value": 0
      },
      {
        "value": 0
      },
      {
        "value": 1
      },
      {
        "value": 0
      },
      {
        "value": 0
      },
      {
        "value": 0
      },
      {
        "value": 1
      },
      {
        "value": 0
      }
    ],
    [
      {
        "value": "premier league"
      },
      {
        "value": 0
      },
      {
        "value": 0
      },
      {
        "value": 0
      },
      {
        "value": 0
      },
      {
        "value": 0
      },
      {
        "value": 0
      },
      {
        "value": 0
      },
      {
        "value": 0
      },
      {
        "value": 0
      },
      {
        "value": 0
      }
    ],
    [
      {
        "value": "premier league"
      },
      {
        "value": 0
      },
      {
        "value": 0
      },
      {
        "value": 0
      },
      {
        "value": 0
      },
      {
        "value": 1
      },
      {
        "value": 0
      },
      {
        "value": 0
      },
      {
        "value": 0
      },
      {
        "value": 1
      },
      {
        "value": 0
      }
    ],
    [
      {
        "value": "premier league"
      },
      {
        "value": 1
      },
      {
        "value": 0
      },
      {
        "value": 0
      },
      {
        "value": 0
      },
      {
        "value": 0
      },
      {
        "value": 0
      },
      {
        "value": 0
      },
      {
        "value": 0
      },
      {
        "value": 1
      },
      {
        "value": 0
      }
    ],
    [
      {
        "value": ""
      },
      {
        "value": 1
      },
      {
        "value": 0
      },
      {
        "value": 0
      },
      {
        "value": 0
      },
      {
        "value": 2
      },
      {
        "value": 0
      },
      {
        "value": 0
      },
      {
        "value": 0
      },
      {
        "value": 3
      },
      {
        "value": 0
      }
    ],
    [
      {
        "value": "belgian first division"
      },
      {
        "value": 17
      },
      {
        "value": 1
      },
      {
        "value": 0
      },
      {
        "value": 0
      },
      {
        "value": 0
      },
      {
        "value": 0
      },
      {
        "value": 0
      },
      {
        "value": 0
      },
      {
        "value": 17
      },
      {
        "value": 1
      }
    ],
    [
      {
        "value": "scottish premier league"
      },
      {
        "value": 7
      },
      {
        "value": 0
      },
      {
        "value": 0
      },
      {
        "value": 0
      },
      {
        "value": 2
      },
      {
        "value": 0
      },
      {
        "value": 1
      },
      {
        "value": 0
      },
      {
        "value": 10
      },
      {
        "value": 0
      }
    ],
    [
      {
        "value": "championship"
      },
      {
        "value": 13
      },
      {
        "value": 1
      },
      {
        "value": 1
      },
      {
        "value": 0
      },
      {
        "value": 0
      },
      {
        "value": 0
      },
      {
        "value": 0
      },
      {
        "value": 0
      },
      {
        "value": 14
      },
      {
        "value": 1
      }
    ],
    [
      {
        "value": "championship"
      },
      {
        "value": 12
      },
      {
        "value": 2
      },
      {
        "value": 0
      },
      {
        "value": 0
      },
      {
        "value": 0
      },
      {
        "value": 0
      },
      {
        "value": 0
      },
      {
        "value": 0
      },
      {
        "value": 12
      },
      {
        "value": 2
      }
    ],
    [
      {
        "value": "championship"
      },
      {
        "value": 6
      },
      {
        "value": 0
      },
      {
        "value": 3
      },
      {
        "value": 0
      },
      {
        "value": 0
      },
      {
        "value": 0
      },
      {
        "value": 0
      },
      {
        "value": 0
      },
      {
        "value": 9
      },
      {
        "value": 0
      }
    ],
    [
      {
        "value": "championship"
      },
      {
        "value": 13
      },
      {
        "value": 1
      },
      {
        "value": 0
      },
      {
        "value": 0
      },
      {
        "value": 1
      },
      {
        "value": 0
      },
      {
        "value": 0
      },
      {
        "value": 0
      },
      {
        "value": 14
      },
      {
        "value": 1
      }
    ],
    [
      {
        "value": "championship"
      },
      {
        "value": 16
      },
      {
        "value": 1
      },
      {
        "value": 1
      },
      {
        "value": 0
      },
      {
        "value": 1
      },
      {
        "value": 0
      },
      {
        "value": 0
      },
      {
        "value": 0
      },
      {
        "value": 18
      },
      {
        "value": 1
      }
    ],
    [
      {
        "value": "championship"
      },
      {
        "value": 16
      },
      {
        "value": 0
      },
      {
        "value": 0
      },
      {
        "value": 0
      },
      {
        "value": 0
      },
      {
        "value": 0
      },
      {
        "value": 0
      },
      {
        "value": 0
      },
      {
        "value": 16
      },
      {
        "value": 0
      }
    ],
    [
      {
        "value": "championship"
      },
      {
        "value": 34
      },
      {
        "value": 5
      },
      {
        "value": 1
      },
      {
        "value": 0
      },
      {
        "value": 1
      },
      {
        "value": 0
      },
      {
        "value": 0
      },
      {
        "value": 0
      },
      {
        "value": 36
      },
      {
        "value": 5
      }
    ],
    [
      {
        "value": "championship"
      },
      {
        "value": 34
      },
      {
        "value": 0
      },
      {
        "value": 1
      },
      {
        "value": 0
      },
      {
        "value": 2
      },
      {
        "value": 0
      },
      {
        "value": 0
      },
      {
        "value": 0
      },
      {
        "value": 37
      },
      {
        "value": 0
      }
    ],
    [
      {
        "value": ""
      },
      {
        "value": 100
      },
      {
        "value": 6
      },
      {
        "value": 3
      },
      {
        "value": 0
      },
      {
        "value": 4
      },
      {
        "value": 0
      },
      {
        "value": 0
      },
      {
        "value": 0
      },
      {
        "value": 107
      },
      {
        "value": 6
      }
    ],
    [
      {
        "value": "league one"
      },
      {
        "value": 20
      },
      {
        "value": 2
      },
      {
        "value": 0
      },
      {
        "value": 0
      },
      {
        "value": 1
      },
      {
        "value": 1
      },
      {
        "value": 4
      },
      {
        "value": 0
      },
      {
        "value": 25
      },
      {
        "value": 3
      }
    ],
    [
      {
        "value": "championship"
      },
      {
        "value": 26
      },
      {
        "value": 1
      },
      {
        "value": 1
      },
      {
        "value": 0
      },
      {
        "value": 2
      },
      {
        "value": 0
      },
      {
        "value": 0
      },
      {
        "value": 0
      },
      {
        "value": 29
      },
      {
        "value": 1
      }
    ],
    [
      {
        "value": "championship"
      },
      {
        "value": 27
      },
      {
        "value": 1
      },
      {
        "value": 2
      },
      {
        "value": 0
      },
      {
        "value": 0
      },
      {
        "value": 0
      },
      {
        "value": 0
      },
      {
        "value": 0
      },
      {
        "value": 29
      },
      {
        "value": 1
      }
    ],
    [
      {
        "value": "league one"
      },
      {
        "value": 8
      },
      {
        "value": 0
      },
      {
        "value": 1
      },
      {
        "value": 0
      },
      {
        "value": 1
      },
      {
        "value": 0
      },
      {
        "value": 1
      },
      {
        "value": 0
      },
      {
        "value": 11
      },
      {
        "value": 0
      }
    ],
    [
      {
        "value": ""
      },
      {
        "value": 61
      },
      {
        "value": 2
      },
      {
        "value": 4
      },
      {
        "value": 0
      },
      {
        "value": 3
      },
      {
        "value": 0
      },
      {
        "value": 1
      },
      {
        "value": 0
      },
      {
        "value": 69
      },
      {
        "value": 2
      }
    ],
    [
      {
        "value": "league two"
      },
      {
        "value": 10
      },
      {
        "value": 0
      },
      {
        "value": 0
      },
      {
        "value": 0
      },
      {
        "value": 0
      },
      {
        "value": 0
      },
      {
        "value": 0
      },
      {
        "value": 0
      },
      {
        "value": 10
      },
      {
        "value": 0
      }
    ],
    [
      {
        "value": "league one"
      },
      {
        "value": 17
      },
      {
        "value": 0
      },
      {
        "value": 0
      },
      {
        "value": 0
      },
      {
        "value": 0
      },
      {
        "value": 0
      },
      {
        "value": 0
      },
      {
        "value": 0
      },
      {
        "value": 17
      },
      {
        "value": 0
      }
    ],
    [
      {
        "value": "league one"
      },
      {
        "value": 18
      },
      {
        "value": 2
      },
      {
        "value": 2
      },
      {
        "value": 0
      },
      {
        "value": 0
      },
      {
        "value": 0
      },
      {
        "value": 1
      },
      {
        "value": 0
      },
      {
        "value": 21
      },
      {
        "value": 2
      }
    ],
    [
      {
        "value": ""
      },
      {
        "value": 35
      },
      {
        "value": 2
      },
      {
        "value": 2
      },
      {
        "value": 0
      },
      {
        "value": 0
      },
      {
        "value": 0
      },
      {
        "value": 1
      },
      {
        "value": 0
      },
      {
        "value": 38
      },
      {
        "value": 2
      }
    ],
    [
      {
        "value": ""
      },
      {
        "value": 295
      },
      {
        "value": 16
      },
      {
        "value": 13
      },
      {
        "value": 0
      },
      {
        "value": 13
      },
      {
        "value": 1
      },
      {
        "value": 7
      },
      {
        "value": 0
      },
      {
        "value": 323
      },
      {
        "value": 18
      }
    ]
  ]
}