{
  "title": "average daily counts of adults in correctional services, by type of supervision and jurisdiction, 2016/2017",
  "top_root": {
    "name": "<TOP>",
    "value": "<TOP>",
    "type": "string",
    "line_idx": null,
    "children_dict": [
      {
        "name": "custody",
        "value": "custody",
        "type": "string",
        "children_dict": [
          {
            "name": "number",
            "value": "number",
            "type": "string",
            "children_dict": [],
            "line_idx": 0
          },
          {
            "name": "rate",
            "value": "rate",
            "type": "string",
            "children_dict": [],
            "line_idx": 1
          },
          {
            "name": "percent change in rate from 2015/2016",
            "value": "percent change in rate from 2015/2016",
            "type": "string",
            "children_dict": [],
            "line_idx": 2
          }
        ],
        "line_idx": null
      },
      {
        "name": "community supervision",
        "value": "community supervision",
        "type": "string",
        "children_dict": [
          {
            "name": "number",
            "value": "number",
            "type": "string",
            "children_dict": [],
            "line_idx": 3
          },
          {
            "name": "rate",
            "value": "rate",
            "type": "string",
            "children_dict": [],
            "line_idx": 4
          },
          {
            "name": "percent change in rate from 2015/2016",
            "value": "percent change in rate from 2015/2016",
            "type": "string",
            "children_dict": [],
            "line_idx": 5
          }
        ],
        "line_idx": null
      },
      {
        "name": "total correctional services",
        "value": "total correctional services",
        "type": "string",
        "children_dict": [
          {
            "name": "number",
            "value": "number",
            "type": "string",
            "children_dict": [],
            "line_idx": 6
          },
          {
            "name": "rate",
            "value": "rate",
            "type": "string",
            "children_dict": [],
            "line_idx": 7
          },
          {
            "name": "percent change in rate from 2015/2016",
            "value": "percent change in rate from 2015/2016",
            "type": "string",
            "children_dict": [],
            "line_idx": 8
          },
          {
            "name": "percent change in rate from 2012/2013",
            "value": "percent change in rate from 2012/2013",
            "type": "string",
            "children_dict": [],
            "line_idx": 9
          }
        ],
        "line_idx": null
      }
    ]
  },
  "left_root": {
    "name": "<LEFT>",
    "value": "<LEFT>",
    "type": "string",
    "line_idx": null,
    "children_dict": [
      {
        "name": "newfoundland and labrador",
        "value": "newfoundland and labrador",
        "type": "string",
        "children_dict": [],
        "line_idx": 0
      },
      {
        "name": "prince edward island",
        "value": "prince edward island",
        "type": "string",
        "children_dict": [],
        "line_idx": 1
      },
      {
        "name": "nova scotia",
        "value": "nova scotia",
        "type": "string",
        "children_dict": [],
        "line_idx": 2
      },
      {
        "name": "new brunswick",
        "value": "new brunswick",
        "type": "string",
        "children_dict": [],
        "line_idx": 3
      },
      {
        "name": "quebec",
        "value": "quebec",
        "type": "string",
        "children_dict": [],
        "line_idx": 4
      },
      {
        "name": "ontario",
        "value": "ontario",
        "type": "string",
        "children_dict": [],
        "line_idx": 5
      },
      {
        "name": "manitoba",
        "value": "manitoba",
        "type": "string",
        "children_dict": [],
        "line_idx": 6
      },
      {
        "name": "saskatchewan",
        "value": "saskatchewan",
        "type": "string",
        "children_dict": [],
        "line_idx": 7
      },
      {
        "name": "alberta",
        "value": "alberta",
        "type": "string",
        "children_dict": [],
        "line_idx": 8
      },
      {
        "name": "british columbia",
        "value": "british columbia",
        "type": "string",
        "children_dict": [],
        "line_idx": 9
      },
      {
        "name": "yukon",
        "value": "yukon",
        "type": "string",
        "children_dict": [],
        "line_idx": 10
      },
      {
        "name": "northwest territories",
        "value": "northwest territories",
        "type": "string",
        "children_dict": [],
        "line_idx": 11
      },
      {
        "name": "nunavut",
        "value": "nunavut",
        "type": "string",
        "children_dict": [],
        "line_idx": 12
      },
      {
        "name": "total-provinces and territories",
        "value": "total-provinces and territories",
        "type": "string",
        "children_dict": [],
        "line_idx": 13
      },
      {
        "name": "federal",
        "value": "federal",
        "type": "string",
        "children_dict": [],
        "line_idx": 14
      },
      {
        "name": "total-all jurisdictions",
        "value": "total-all jurisdictions",
        "type": "string",
        "children_dict": [],
        "line_idx": 15
      }
    ]
  },
  "data": [
    [
      {
        "value": 345
      },
      {
        "value": 78
      },
      {
        "value": -5
      },
      {
        "value": 1562.0
      },
      {
        "value": 356.0
      },
      {
        "value": -4.0
      },
      {
        "value": 1907.0
      },
      {
        "value": 434.0
      },
      {
        "value": -4.0
      },
      {
        "value": -14.0
      }
    ],
    [
      {
        "value": 79
      },
      {
        "value": 66
      },
      {
        "value": -7
      },
      {
        "value": 746.0
      },
      {
        "value": 620.0
      },
      {
        "value": -11.0
      },
      {
        "value": 826.0
      },
      {
        "value": 686.0
      },
      {
        "value": -11.0
      },
      {
        "value": -17.0
      }
    ],
    [
      {
        "value": 489
      },
      {
        "value": 62
      },
      {
        "value": 1
      },
      {
        "value": ""
      },
      {
        "value": ""
      },
      {
        "value": ""
      },
      {
        "value": ""
      },
      {
        "value": ""
      },
      {
        "value": ""
      },
      {
        "value": ""
      }
    ],
    [
      {
        "value": 449
      },
      {
        "value": 72
      },
      {
        "value": 1
      },
      {
        "value": ""
      },
      {
        "value": ""
      },
      {
        "value": ""
      },
      {
        "value": ""
      },
      {
        "value": ""
      },
      {
        "value": ""
      },
      {
        "value": ""
      }
    ],
    [
      {
        "value": 5068
      },
      {
        "value": 75
      },
      {
        "value": -1
      },
      {
        "value": 13474.0
      },
      {
        "value": 198.0
      },
      {
        "value": -2.0
      },
      {
        "value": 18542.0
      },
      {
        "value": 273.0
      },
      {
        "value": -1.0
      },
      {
        "value": -8.0
      }
    ],
    [
      {
        "value": 7699
      },
      {
        "value": 68
      },
      {
        "value": -5
      },
      {
        "value": 43074.0
      },
      {
        "value": 382.0
      },
      {
        "value": -4.0
      },
      {
        "value": 50773.0
      },
      {
        "value": 450.0
      },
      {
        "value": -4.0
      },
      {
        "value": -23.0
      }
    ],
    [
      {
        "value": 2454
      },
      {
        "value": 240
      },
      {
        "value": -1
      },
      {
        "value": 7166.0
      },
      {
        "value": 702.0
      },
      {
        "value": -2.0
      },
      {
        "value": 9620.0
      },
      {
        "value": 943.0
      },
      {
        "value": -2.0
      },
      {
        "value": -10.0
      }
    ],
    [
      {
        "value": 1900
      },
      {
        "value": 214
      },
      {
        "value": 3
      },
      {
        "value": 5378.0
      },
      {
        "value": 606.0
      },
      {
        "value": -1.0
      },
      {
        "value": 7278.0
      },
      {
        "value": 820.0
      },
      {
        "value": 0.0
      },
      {
        "value": -3.0
      }
    ],
    [
      {
        "value": 3826
      },
      {
        "value": 115
      },
      {
        "value": 3
      },
      {
        "value": 7706.0
      },
      {
        "value": 232.0
      },
      {
        "value": -13.0
      },
      {
        "value": 11532.0
      },
      {
        "value": 347.0
      },
      {
        "value": -8.0
      },
      {
        "value": -19.0
      }
    ],
    [
      {
        "value": 2734
      },
      {
        "value": 70
      },
      {
        "value": 1
      },
      {
        "value": 12553.0
      },
      {
        "value": 321.0
      },
      {
        "value": 2.0
      },
      {
        "value": 15287.0
      },
      {
        "value": 391.0
      },
      {
        "value": 2.0
      },
      {
        "value": -7.0
      }
    ],
    [
      {
        "value": 83
      },
      {
        "value": 279
      },
      {
        "value": -12
      },
      {
        "value": 359.0
      },
      {
        "value": 1203.0
      },
      {
        "value": 7.0
      },
      {
        "value": 443.0
      },
      {
        "value": 1483.0
      },
      {
        "value": 3.0
      },
      {
        "value": 1.0
      }
    ],
    [
      {
        "value": 184
      },
      {
        "value": 552
      },
      {
        "value": -3
      },
      {
        "value": 385.0
      },
      {
        "value": 1155.0
      },
      {
        "value": -1.0
      },
      {
        "value": 568.0
      },
      {
        "value": 1707.0
      },
      {
        "value": -2.0
      },
      {
        "value": -24.0
      }
    ],
    [
      {
        "value": 138
      },
      {
        "value": 577
      },
      {
        "value": 0
      },
      {
        "value": 732.0
      },
      {
        "value": 3069.0
      },
      {
        "value": -5.0
      },
      {
        "value": 869.0
      },
      {
        "value": 3646.0
      },
      {
        "value": -4.0
      },
      {
        "value": -29.0
      }
    ],
    [
      {
        "value": 25448
      },
      {
        "value": 87
      },
      {
        "value": -1
      },
      {
        "value": 93135.0
      },
      {
        "value": 334.0
      },
      {
        "value": -4.0
      },
      {
        "value": 117645.0
      },
      {
        "value": 422.0
      },
      {
        "value": -3.0
      },
      {
        "value": -17.0
      }
    ],
    [
      {
        "value": 14425
      },
      {
        "value": 49
      },
      {
        "value": -3
      },
      {
        "value": 8581.0
      },
      {
        "value": 29.0
      },
      {
        "value": 3.0
      },
      {
        "value": 23006.0
      },
      {
        "value": 79.0
      },
      {
        "value": -1.0
      },
      {
        "value": -6.0
      }
    ],
    [
      {
        "value": 39873
      },
      {
        "value": 136
      },
      {
        "value": -2
      },
      {
        "value": ""
      },
      {
        "value": ""
      },
      {
        "value": ""
      },
      {
        "value": ""
      },
      {
        "value": ""
      },
      {
        "value": ""
      },
      {
        "value": ""
      }
    ]
  ]
}