{
  "title": "admissions of youth to custody, by aboriginal identity, sex and jurisdiction, 2016/2017",
  "top_root": {
    "name": "<TOP>",
    "value": "<TOP>",
    "type": "string",
    "line_idx": null,
    "children_dict": [
      {
        "name": "2016/2017",
        "value": "2016/2017",
        "type": "string",
        "children_dict": [
          {
            "name": "male",
            "value": "male",
            "type": "string",
            "children_dict": [
              {
                "name": "aboriginal",
                "value": "aboriginal",
                "type": "string",
                "children_dict": [],
                "line_idx": 0
              },
              {
                "name": "non-aboriginal",
                "value": "non-aboriginal",
                "type": "string",
                "children_dict": [],
                "line_idx": 1
              }
            ],
            "line_idx": null
          },
          {
            "name": "female",
            "value": "female",
            "type": "string",
            "children_dict": [
              {
                "name": "aboriginal",
                "value": "aboriginal",
                "type": "string",
                "children_dict": [],
                "line_idx": 2
              },
              {
                "name": "non-aboriginal",
                "value": "non-aboriginal",
                "type": "string",
                "children_dict": [],
                "line_idx": 3
              }
            ],
            "line_idx": null
          }
        ],
        "line_idx": null
      },
      {
        "name": "2006/2007",
        "value": "2006/2007",
        "type": "string",
        "children_dict": [
          {
            "name": "male",
            "value": "male",
            "type": "string",
            "children_dict": [
              {
                "name": "aboriginal",
                "value": "aboriginal",
                "type": "string",
                "children_dict": [],
                "line_idx": 4
              },
              {
                "name": "non-aboriginal",
                "value": "non-aboriginal",
                "type": "string",
                "children_dict": [],
                "line_idx": 5
              }
            ],
            "line_idx": null
          },
          {
            "name": "female",
            "value": "female",
            "type": "string",
            "children_dict": [
              {
                "name": "aboriginal",
                "value": "aboriginal",
                "type": "string",
                "children_dict": [],
                "line_idx": 6
              },
              {
                "name": "non-aboriginal",
                "value": "non-aboriginal",
                "type": "string",
                "children_dict": [],
                "line_idx": 7
              }
            ],
            "line_idx": null
          }
        ],
        "line_idx": null
      }
    ]
  },
  "left_root": {
    "name": "<LEFT>",
    "value": "<LEFT>",
    "type": "string",
    "line_idx": null,
    "children_dict": [
      {
        "name": "percent",
        "value": "percent",
        "type": "string",
        "children_dict": [
          {
            "name": "newfoundland and labrador",
            "value": "newfoundland and labrador",
            "type": "string",
            "children_dict": [],
            "line_idx": 0
          },
          {
            "name": "prince edward island",
            "value": "prince edward island",
            "type": "string",
            "children_dict": [],
            "line_idx": 1
          },
          {
            "name": "nova scotia",
            "value": "nova scotia",
            "type": "string",
            "children_dict": [],
            "line_idx": 2
          },
          {
            "name": "new brunswick",
            "value": "new brunswick",
            "type": "string",
            "children_dict": [],
            "line_idx": 3
          },
          {
            "name": "ontario",
            "value": "ontario",
            "type": "string",
            "children_dict": [],
            "line_idx": 4
          },
          {
            "name": "manitoba",
            "value": "manitoba",
            "type": "string",
            "children_dict": [],
            "line_idx": 5
          },
          {
            "name": "saskatchewan",
            "value": "saskatchewan",
            "type": "string",
            "children_dict": [],
            "line_idx": 6
          },
          {
            "name": "alberta",
            "value": "alberta",
            "type": "string",
            "children_dict": [],
            "line_idx": 7
          },
          {
            "name": "british columbia",
            "value": "british columbia",
            "type": "string",
            "children_dict": [],
            "line_idx": 8
          },
          {
            "name": "yukon",
            "value": "yukon",
            "type": "string",
            "children_dict": [],
            "line_idx": 9
          },
          {
            "name": "northwest territories",
            "value": "northwest territories",
            "type": "string",
            "children_dict": [],
            "line_idx": 10
          },
          {
            "name": "nunavut",
            "value": "nunavut",
            "type": "string",
            "children_dict": [],
            "line_idx": 11
          },
          {
            "name": "total-all jurisdictions",
            "value": "total-all jurisdictions",
            "type": "string",
            "children_dict": [],
            "line_idx": 12
          }
        ],
        "line_idx": null
      }
    ]
  },
  "data": [
    [
      {
        "value": 6.0
      },
      {
        "value": 94.0
      },
      {
        "value": 0.0
      },
      {
        "value": 100.0
      },
      {
        "value": 3.0
      },
      {
        "value": 97.0
      },
      {
        "value": 4.0
      },
      {
        "value": 96.0
      }
    ],
    [
      {
        "value": 13.0
      },
      {
        "value": 88.0
      },
      {
        "value": 0.0
      },
      {
        "value": 100.0
      },
      {
        "value": ""
      },
      {
        "value": ""
      },
      {
        "value": ""
      },
      {
        "value": ""
      }
    ],
    [
      {
        "value": ""
      },
      {
        "value": ""
      },
      {
        "value": ""
      },
      {
        "value": ""
      },
      {
        "value": 10.0
      },
      {
        "value": 90.0
      },
      {
        "value": 7.0
      },
      {
        "value": 93.0
      }
    ],
    [
      {
        "value": 11.0
      },
      {
        "value": 89.0
      },
      {
        "value": 15.0
      },
      {
        "value": 85.0
      },
      {
        "value": 7.0
      },
      {
        "value": 93.0
      },
      {
        "value": 7.0
      },
      {
        "value": 93.0
      }
    ],
    [
      {
        "value": 10.0
      },
      {
        "value": 90.0
      },
      {
        "value": 15.0
      },
      {
        "value": 85.0
      },
      {
        "value": 8.0
      },
      {
        "value": 92.0
      },
      {
        "value": 11.0
      },
      {
        "value": 89.0
      }
    ],
    [
      {
        "value": 81.0
      },
      {
        "value": 19.0
      },
      {
        "value": 82.0
      },
      {
        "value": 18.0
      },
      {
        "value": 80.0
      },
      {
        "value": 20.0
      },
      {
        "value": 88.0
      },
      {
        "value": 12.0
      }
    ],
    [
      {
        "value": 92.0
      },
      {
        "value": 8.0
      },
      {
        "value": 98.0
      },
      {
        "value": 2.0
      },
      {
        "value": 70.0
      },
      {
        "value": 30.0
      },
      {
        "value": 86.0
      },
      {
        "value": 14.0
      }
    ],
    [
      {
        "value": ""
      },
      {
        "value": ""
      },
      {
        "value": ""
      },
      {
        "value": ""
      },
      {
        "value": 35.0
      },
      {
        "value": 65.0
      },
      {
        "value": 46.0
      },
      {
        "value": 54.0
      }
    ],
    [
      {
        "value": 44.0
      },
      {
        "value": 56.0
      },
      {
        "value": 60.0
      },
      {
        "value": 40.0
      },
      {
        "value": 34.0
      },
      {
        "value": 66.0
      },
      {
        "value": 32.0
      },
      {
        "value": 68.0
      }
    ],
    [
      {
        "value": 74.0
      },
      {
        "value": 26.0
      },
      {
        "value": 100.0
      },
      {
        "value": 0.0
      },
      {
        "value": 72.0
      },
      {
        "value": 28.0
      },
      {
        "value": 92.0
      },
      {
        "value": 8.0
      }
    ],
    [
      {
        "value": 94.0
      },
      {
        "value": 6.0
      },
      {
        "value": 60.0
      },
      {
        "value": 40.0
      },
      {
        "value": 91.0
      },
      {
        "value": 9.0
      },
      {
        "value": 100.0
      },
      {
        "value": 0.0
      }
    ],
    [
      {
        "value": 100.0
      },
      {
        "value": 0.0
      },
      {
        "value": 100.0
      },
      {
        "value": 0.0
      },
      {
        "value": 100.0
      },
      {
        "value": 0.0
      },
      {
        "value": 100.0
      },
      {
        "value": 0.0
      }
    ],
    [
      {
        "value": 47.0
      },
      {
        "value": 53.0
      },
      {
        "value": 60.0
      },
      {
        "value": 40.0
      },
      {
        "value": 25.0
      },
      {
        "value": 75.0
      },
      {
        "value": 29.0
      },
      {
        "value": 71.0
      }
    ]
  ]
}