{
  "title": "head coaches",
  "top_root": {
    "name": "<TOP>",
    "value": "<TOP>",
    "type": "string",
    "line_idx": null,
    "children_dict": [
      {
        "name": "term",
        "value": "term",
        "type": "string",
        "children_dict": [
          {
            "name": "yrs",
            "value": "yrs",
            "type": "string",
            "children_dict": [],
            "line_idx": 0
          },
          {
            "name": "first",
            "value": "first",
            "type": "string",
            "children_dict": [],
            "line_idx": 1
          },
          {
            "name": "last",
            "value": "last",
            "type": "string",
            "children_dict": [],
            "line_idx": 2
          }
        ],
        "line_idx": null
      },
      {
        "name": "regular season",
        "value": "regular season",
        "type": "string",
        "children_dict": [
          {
            "name": "gc",
            "value": "gc",
            "type": "string",
            "children_dict": [],
            "line_idx": 3
          },
          {
            "name": "w",
            "value": "w",
            "type": "string",
            "children_dict": [],
            "line_idx": 4
          },
          {
            "name": "l",
            "value": "l",
            "type": "string",
            "children_dict": [],
            "line_idx": 5
          },
          {
            "name": "t",
            "value": "t",
            "type": "string",
            "children_dict": [],
            "line_idx": 6
          },
          {
            "name": "win%",
            "value": "win%",
            "type": "string",
            "children_dict": [],
            "line_idx": 7
          }
        ],
        "line_idx": null
      },
      {
        "name": "playoffs",
        "value": "playoffs",
        "type": "string",
        "children_dict": [
          {
            "name": "gc",
            "value": "gc",
            "type": "string",
            "children_dict": [],
            "line_idx": 8
          },
          {
            "name": "w",
            "value": "w",
            "type": "string",
            "children_dict": [],
            "line_idx": 9
          },
          {
            "name": "l",
            "value": "l",
            "type": "string",
            "children_dict": [],
            "line_idx": 10
          }
        ],
        "line_idx": null
      },
      {
        "name": "accomplishments",
        "value": "accomplishments",
        "type": "string",
        "children_dict": [],
        "line_idx": 11
      },
      {
        "name": "ref",
        "value": "ref",
        "type": "string",
        "children_dict": [],
        "line_idx": 12
      }
    ]
  },
  "left_root": {
    "name": "<LEFT>",
    "value": "<LEFT>",
    "type": "string",
    "line_idx": null,
    "children_dict": [
      {
        "name": "1",
        "value": "1",
        "type": "string",
        "children_dict": [
          {
            "name": "frank filchock",
            "value": "frank filchock",
            "type": "string",
            "children_dict": [],
            "line_idx": 0
          }
        ],
        "line_idx": null
      },
      {
        "name": "2",
        "value": "2",
        "type": "string",
        "children_dict": [
          {
            "name": "jack faulkner",
            "value": "jack faulkner",
            "type": "string",
            "children_dict": [],
            "line_idx": 1
          }
        ],
        "line_idx": null
      },
      {
        "name": "3",
        "value": "3",
        "type": "string",
        "children_dict": [
          {
            "name": "mac speedie",
            "value": "mac speedie",
            "type": "string",
            "children_dict": [],
            "line_idx": 2
          }
        ],
        "line_idx": null
      },
      {
        "name": "4",
        "value": "4",
        "type": "string",
        "children_dict": [
          {
            "name": "ray malavasi",
            "value": "ray malavasi",
            "type": "string",
            "children_dict": [],
            "line_idx": 3
          }
        ],
        "line_idx": null
      },
      {
        "name": "5",
        "value": "5",
        "type": "string",
        "children_dict": [
          {
            "name": "lou saban",
            "value": "lou saban",
            "type": "string",
            "children_dict": [],
            "line_idx": 4
          }
        ],
        "line_idx": null
      },
      {
        "name": "6",
        "value": "6",
        "type": "string",
        "children_dict": [
          {
            "name": "jerry smith",
            "value": "jerry smith",
            "type": "string",
            "children_dict": [],
            "line_idx": 5
          }
        ],
        "line_idx": null
      },
      {
        "name": "7",
        "value": "7",
        "type": "string",
        "children_dict": [
          {
            "name": "john ralston",
            "value": "john ralston",
            "type": "string",
            "children_dict": [],
            "line_idx": 6
          }
        ],
        "line_idx": null
      },
      {
        "name": "8",
        "value": "8",
        "type": "string",
        "children_dict": [
          {
            "name": "red miller",
            "value": "red miller",
            "type": "string",
            "children_dict": [],
            "line_idx": 7
          }
        ],
        "line_idx": null
      },
      {
        "name": "9",
        "value": "9",
        "type": "string",
        "children_dict": [
          {
            "name": "dan reeves",
            "value": "dan reeves",
            "type": "string",
            "children_dict": [],
            "line_idx": 8
          }
        ],
        "line_idx": null
      },
      {
        "name": "10",
        "value": "10",
        "type": "string",
        "children_dict": [
          {
            "name": "wade phillips",
            "value": "wade phillips",
            "type": "string",
            "children_dict": [],
            "line_idx": 9
          }
        ],
        "line_idx": null
      },
      {
        "name": "11",
        "value": "11",
        "type": "string",
        "children_dict": [
          {
            "name": "mike shanahan",
            "value": "mike shanahan",
            "type": "string",
            "children_dict": [],
            "line_idx": 10
          }
        ],
        "line_idx": null
      },
      {
        "name": "12",
        "value": "12",
        "type": "string",
        "children_dict": [
          {
            "name": "josh mcdaniels",
            "value": "josh mcdaniels",
            "type": "string",
            "children_dict": [],
            "line_idx": 11
          }
        ],
        "line_idx": null
      },
      {
        "name": "13",
        "value": "13",
        "type": "string",
        "children_dict": [
          {
            "name": "eric studesville",
            "value": "eric studesville",
            "type": "string",
            "children_dict": [],
            "line_idx": 12
          }
        ],
        "line_idx": null
      },
      {
        "name": "14",
        "value": "14",
        "type": "string",
        "children_dict": [
          {
            "name": "john fox",
            "value": "john fox",
            "type": "string",
            "children_dict": [],
            "line_idx": 13
          }
        ],
        "line_idx": null
      },
      {
        "name": "15",
        "value": "15",
        "type": "string",
        "children_dict": [
          {
            "name": "gary kubiak",
            "value": "gary kubiak",
            "type": "string",
            "children_dict": [],
            "line_idx": 14
          }
        ],
        "line_idx": null
      },
      {
        "name": "16",
        "value": "16",
        "type": "string",
        "children_dict": [
          {
            "name": "vance joseph",
            "value": "vance joseph",
            "type": "string",
            "children_dict": [],
            "line_idx": 15
          }
        ],
        "line_idx": null
      },
      {
        "name": "17",
        "value": "17",
        "type": "string",
        "children_dict": [
          {
            "name": "vic fangio",
            "value": "vic fangio",
            "type": "string",
            "children_dict": [],
            "line_idx": 16
          }
        ],
        "line_idx": null
      }
    ]
  },
  "data": [
    [
      {
        "value": 2.0
      },
      {
        "value": 1960.0
      },
      {
        "value": 1961.0
      },
      {
        "value": 28
      },
      {
        "value": 7
      },
      {
        "value": 20
      },
      {
        "value": 1
      },
      {
        "value": 0.268
      },
      {
        "value": "-"
      },
      {
        "value": "-"
      },
      {
        "value": "-"
      },
      {
        "value": ""
      },
      {
        "value": ""
      }
    ],
    [
      {
        "value": 3.0
      },
      {
        "value": 1962.0
      },
      {
        "value": 1964.0
      },
      {
        "value": 32
      },
      {
        "value": 9
      },
      {
        "value": 22
      },
      {
        "value": 1
      },
      {
        "value": 0.297
      },
      {
        "value": "-"
      },
      {
        "value": "-"
      },
      {
        "value": "-"
      },
      {
        "value": "1962 upi afl coach of the year"
      },
      {
        "value": ""
      }
    ],
    [
      {
        "value": 3.0
      },
      {
        "value": 1964.0
      },
      {
        "value": 1966.0
      },
      {
        "value": 26
      },
      {
        "value": 6
      },
      {
        "value": 19
      },
      {
        "value": 1
      },
      {
        "value": 0.25
      },
      {
        "value": "-"
      },
      {
        "value": "-"
      },
      {
        "value": "-"
      },
      {
        "value": ""
      },
      {
        "value": ""
      }
    ],
    [
      {
        "value": 1.0
      },
      {
        "value": 1966.0
      },
      {
        "value": 1966.0
      },
      {
        "value": 12
      },
      {
        "value": 4
      },
      {
        "value": 8
      },
      {
        "value": 0
      },
      {
        "value": 0.333
      },
      {
        "value": "-"
      },
      {
        "value": "-"
      },
      {
        "value": "-"
      },
      {
        "value": ""
      },
      {
        "value": ""
      }
    ],
    [
      {
        "value": 4.0
      },
      {
        "value": 1967.0
      },
      {
        "value": 1971.0
      },
      {
        "value": 65
      },
      {
        "value": 20
      },
      {
        "value": 42
      },
      {
        "value": 3
      },
      {
        "value": 0.325
      },
      {
        "value": "-"
      },
      {
        "value": "-"
      },
      {
        "value": "-"
      },
      {
        "value": ""
      },
      {
        "value": ""
      }
    ],
    [
      {
        "value": 1.0
      },
      {
        "value": 1971.0
      },
      {
        "value": 1971.0
      },
      {
        "value": 5
      },
      {
        "value": 2
      },
      {
        "value": 3
      },
      {
        "value": 0
      },
      {
        "value": 0.4
      },
      {
        "value": "-"
      },
      {
        "value": "-"
      },
      {
        "value": "-"
      },
      {
        "value": ""
      },
      {
        "value": ""
      }
    ],
    [
      {
        "value": 5.0
      },
      {
        "value": 1972.0
      },
      {
        "value": 1976.0
      },
      {
        "value": 70
      },
      {
        "value": 34
      },
      {
        "value": 33
      },
      {
        "value": 3
      },
      {
        "value": 0.507
      },
      {
        "value": "-"
      },
      {
        "value": "-"
      },
      {
        "value": "-"
      },
      {
        "value": "1973 upi afc nfl coach of the year"
      },
      {
        "value": ""
      }
    ],
    [
      {
        "value": 4.0
      },
      {
        "value": 1977.0
      },
      {
        "value": 1980.0
      },
      {
        "value": 62
      },
      {
        "value": 40
      },
      {
        "value": 22
      },
      {
        "value": 0
      },
      {
        "value": 0.645
      },
      {
        "value": 5.0
      },
      {
        "value": 2.0
      },
      {
        "value": 3.0
      },
      {
        "value": "1 afc championship (1977) 1977 ap nfl coach of the year 1977 sporting news nfl coach of the year 1977 pro football weekly nfl coach of the year 1977 upi afc nfl coach of the year"
      },
      {
        "value": ""
      }
    ],
    [
      {
        "value": 13.0
      },
      {
        "value": 1981.0
      },
      {
        "value": 1992.0
      },
      {
        "value": 184
      },
      {
        "value": 110
      },
      {
        "value": 73
      },
      {
        "value": 1
      },
      {
        "value": 0.601
      },
      {
        "value": 13.0
      },
      {
        "value": 7.0
      },
      {
        "value": 6.0
      },
      {
        "value": "3 afc championships (1986, 1987, 1989) 1984 pro football weekly nfl coach of the year 1989 upi afc nfl coach of the year 1991 upi afc nfl coach of the year"
      },
      {
        "value": ""
      }
    ],
    [
      {
        "value": 2.0
      },
      {
        "value": 1993.0
      },
      {
        "value": 1994.0
      },
      {
        "value": 32
      },
      {
        "value": 16
      },
      {
        "value": 16
      },
      {
        "value": 0
      },
      {
        "value": 0.5
      },
      {
        "value": 1.0
      },
      {
        "value": 0.0
      },
      {
        "value": 1.0
      },
      {
        "value": ""
      },
      {
        "value": ""
      }
    ],
    [
      {
        "value": 14.0
      },
      {
        "value": 1995.0
      },
      {
        "value": 2008.0
      },
      {
        "value": 224
      },
      {
        "value": 138
      },
      {
        "value": 86
      },
      {
        "value": 0
      },
      {
        "value": 0.616
      },
      {
        "value": 13.0
      },
      {
        "value": 8.0
      },
      {
        "value": 5.0
      },
      {
        "value": "2 super bowl championships"
      },
      {
        "value": ""
      }
    ],
    [
      {
        "value": 2.0
      },
      {
        "value": 2009.0
      },
      {
        "value": 2010.0
      },
      {
        "value": 28
      },
      {
        "value": 11
      },
      {
        "value": 17
      },
      {
        "value": 0
      },
      {
        "value": 0.393
      },
      {
        "value": "-"
      },
      {
        "value": "-"
      },
      {
        "value": "-"
      },
      {
        "value": ""
      },
      {
        "value": ""
      }
    ],
    [
      {
        "value": 1.0
      },
      {
        "value": 2010.0
      },
      {
        "value": 2010.0
      },
      {
        "value": 4
      },
      {
        "value": 1
      },
      {
        "value": 3
      },
      {
        "value": 0
      },
      {
        "value": 0.25
      },
      {
        "value": "-"
      },
      {
        "value": "-"
      },
      {
        "value": "-"
      },
      {
        "value": ""
      },
      {
        "value": ""
      }
    ],
    [
      {
        "value": 4.0
      },
      {
        "value": 2011.0
      },
      {
        "value": 2014.0
      },
      {
        "value": 64
      },
      {
        "value": 46
      },
      {
        "value": 18
      },
      {
        "value": 0
      },
      {
        "value": 0.719
      },
      {
        "value": 7.0
      },
      {
        "value": 3.0
      },
      {
        "value": 4.0
      },
      {
        "value": "1 afc championship"
      },
      {
        "value": ""
      }
    ],
    [
      {
        "value": 2.0
      },
      {
        "value": 2015.0
      },
      {
        "value": 2016.0
      },
      {
        "value": 32
      },
      {
        "value": 21
      },
      {
        "value": 11
      },
      {
        "value": 0
      },
      {
        "value": 0.656
      },
      {
        "value": 3.0
      },
      {
        "value": 3.0
      },
      {
        "value": 0.0
      },
      {
        "value": "1 afc championship (2015) 1 super bowl championship"
      },
      {
        "value": ""
      }
    ],
    [
      {
        "value": 2.0
      },
      {
        "value": 2017.0
      },
      {
        "value": 2018.0
      },
      {
        "value": 32
      },
      {
        "value": 11
      },
      {
        "value": 21
      },
      {
        "value": 0
      },
      {
        "value": 0.344
      },
      {
        "value": "-"
      },
      {
        "value": "-"
      },
      {
        "value": "-"
      },
      {
        "value": ""
      },
      {
        "value": ""
      }
    ],
    [
      {
        "value": ""
      },
      {
        "value": "present"
      },
      {
        "value": "present"
      },
      {
        "value": 0
      },
      {
        "value": 0
      },
      {
        "value": 0
      },
      {
        "value": 0
      },
      {
        "value": "-"
      },
      {
        "value": ""
      },
      {
        "value": ""
      },
      {
        "value": ""
      },
      {
        "value": "none"
      },
      {
        "value": "none"
      }
    ]
  ]
}