{
  "title": "athletics",
  "top_root": {
    "name": "<TOP>",
    "value": "<TOP>",
    "type": "string",
    "line_idx": null,
    "children_dict": [
      {
        "name": "heat",
        "value": "heat",
        "type": "string",
        "children_dict": [
          {
            "name": "result",
            "value": "result",
            "type": "string",
            "children_dict": [],
            "line_idx": 0
          },
          {
            "name": "rank",
            "value": "rank",
            "type": "string",
            "children_dict": [],
            "line_idx": 1
          }
        ],
        "line_idx": null
      },
      {
        "name": "semifinal",
        "value": "semifinal",
        "type": "string",
        "children_dict": [
          {
            "name": "result",
            "value": "result",
            "type": "string",
            "children_dict": [],
            "line_idx": 2
          },
          {
            "name": "rank",
            "value": "rank",
            "type": "string",
            "children_dict": [],
            "line_idx": 3
          }
        ],
        "line_idx": null
      },
      {
        "name": "final",
        "value": "final",
        "type": "string",
        "children_dict": [
          {
            "name": "result",
            "value": "result",
            "type": "string",
            "children_dict": [],
            "line_idx": 4
          },
          {
            "name": "rank",
            "value": "rank",
            "type": "string",
            "children_dict": [],
            "line_idx": 5
          }
        ],
        "line_idx": null
      }
    ]
  },
  "left_root": {
    "name": "<LEFT>",
    "value": "<LEFT>",
    "type": "string",
    "line_idx": null,
    "children_dict": [
      {
        "name": "durgesh kumar",
        "value": "durgesh kumar",
        "type": "string",
        "children_dict": [
          {
            "name": "400 m hurdles",
            "value": "400 m hurdles",
            "type": "string",
            "children_dict": [],
            "line_idx": 0
          }
        ],
        "line_idx": null
      },
      {
        "name": "sachin",
        "value": "sachin",
        "type": "string",
        "children_dict": [
          {
            "name": "discus throw",
            "value": "discus throw",
            "type": "string",
            "children_dict": [],
            "line_idx": 1
          }
        ],
        "line_idx": null
      },
      {
        "name": "navjetdeep singh",
        "value": "navjetdeep singh",
        "type": "string",
        "children_dict": [
          {
            "name": "shot put",
            "value": "shot put",
            "type": "string",
            "children_dict": [],
            "line_idx": 2
          }
        ],
        "line_idx": null
      }
    ]
  },
  "data": [
    [
      {
        "value": 53.15
      },
      {
        "value": "1 q"
      },
      {
        "value": ""
      },
      {
        "value": ""
      },
      {
        "value": 51.76
      },
      {
        "value": "-"
      }
    ],
    [
      {
        "value": ""
      },
      {
        "value": ""
      },
      {
        "value": ""
      },
      {
        "value": ""
      },
      {
        "value": "55.43 m"
      },
      {
        "value": 5.0
      }
    ],
    [
      {
        "value": ""
      },
      {
        "value": ""
      },
      {
        "value": ""
      },
      {
        "value": ""
      },
      {
        "value": "18.81 m"
      },
      {
        "value": "-"
      }
    ]
  ]
}