{
  "title": "results",
  "top_root": {
    "name": "<TOP>",
    "value": "<TOP>",
    "type": "string",
    "line_idx": null,
    "children_dict": [
      {
        "name": "preliminary",
        "value": "preliminary",
        "type": "string",
        "children_dict": [
          {
            "name": "1.60",
            "value": "1.60",
            "type": "string",
            "children_dict": [],
            "line_idx": 0
          },
          {
            "name": "1.70",
            "value": "1.70",
            "type": "string",
            "children_dict": [],
            "line_idx": 1
          },
          {
            "name": "1.75",
            "value": "1.75",
            "type": "string",
            "children_dict": [],
            "line_idx": 2
          },
          {
            "name": "1.80",
            "value": "1.80",
            "type": "string",
            "children_dict": [],
            "line_idx": 3
          },
          {
            "name": "1.83",
            "value": "1.83",
            "type": "string",
            "children_dict": [],
            "line_idx": 4
          },
          {
            "name": "qual",
            "value": "qual",
            "type": "string",
            "children_dict": [],
            "line_idx": 5
          }
        ],
        "line_idx": null
      },
      {
        "name": "final",
        "value": "final",
        "type": "string",
        "children_dict": [
          {
            "name": "1.60",
            "value": "1.60",
            "type": "string",
            "children_dict": [],
            "line_idx": 6
          },
          {
            "name": "1.70",
            "value": "1.70",
            "type": "string",
            "children_dict": [],
            "line_idx": 7
          },
          {
            "name": "1.75",
            "value": "1.75",
            "type": "string",
            "children_dict": [],
            "line_idx": 8
          },
          {
            "name": "1.80",
            "value": "1.80",
            "type": "string",
            "children_dict": [],
            "line_idx": 9
          },
          {
            "name": "1.83",
            "value": "1.83",
            "type": "string",
            "children_dict": [],
            "line_idx": 10
          },
          {
            "name": "1.85",
            "value": "1.85",
            "type": "string",
            "children_dict": [],
            "line_idx": 11
          },
          {
            "name": "1.87",
            "value": "1.87",
            "type": "string",
            "children_dict": [],
            "line_idx": 12
          },
          {
            "name": "1.89",
            "value": "1.89",
            "type": "string",
            "children_dict": [],
            "line_idx": 13
          },
          {
            "name": "1.91",
            "value": "1.91",
            "type": "string",
            "children_dict": [],
            "line_idx": 14
          },
          {
            "name": "1.93",
            "value": "1.93",
            "type": "string",
            "children_dict": [],
            "line_idx": 15
          }
        ],
        "line_idx": null
      },
      {
        "name": "mark",
        "value": "mark",
        "type": "string",
        "children_dict": [],
        "line_idx": 16
      }
    ]
  },
  "left_root": {
    "name": "<LEFT>",
    "value": "<LEFT>",
    "type": "string",
    "line_idx": null,
    "children_dict": [
      {
        "name": "-",
        "value": "-",
        "type": "string",
        "children_dict": [
          {
            "name": "alma richards",
            "value": "alma richards",
            "type": "string",
            "children_dict": [],
            "line_idx": 0
          }
        ],
        "line_idx": null
      },
      {
        "name": "-",
        "value": "-",
        "type": "string",
        "children_dict": [
          {
            "name": "hans liesche",
            "value": "hans liesche",
            "type": "string",
            "children_dict": [],
            "line_idx": 1
          }
        ],
        "line_idx": null
      },
      {
        "name": "-",
        "value": "-",
        "type": "string",
        "children_dict": [
          {
            "name": "george horine",
            "value": "george horine",
            "type": "string",
            "children_dict": [],
            "line_idx": 2
          }
        ],
        "line_idx": null
      },
      {
        "name": "4",
        "value": "4",
        "type": "string",
        "children_dict": [
          {
            "name": "egon erickson",
            "value": "egon erickson",
            "type": "string",
            "children_dict": [],
            "line_idx": 3
          },
          {
            "name": "jim thorpe",
            "value": "jim thorpe",
            "type": "string",
            "children_dict": [],
            "line_idx": 4
          }
        ],
        "line_idx": null
      },
      {
        "name": "6",
        "value": "6",
        "type": "string",
        "children_dict": [
          {
            "name": "harry grumpelt",
            "value": "harry grumpelt",
            "type": "string",
            "children_dict": [],
            "line_idx": 5
          },
          {
            "name": "john johnstone",
            "value": "john johnstone",
            "type": "string",
            "children_dict": [],
            "line_idx": 6
          }
        ],
        "line_idx": null
      },
      {
        "name": "8",
        "value": "8",
        "type": "string",
        "children_dict": [
          {
            "name": "karl-axel kullerstrand",
            "value": "karl-axel kullerstrand",
            "type": "string",
            "children_dict": [],
            "line_idx": 7
          }
        ],
        "line_idx": null
      },
      {
        "name": "9",
        "value": "9",
        "type": "string",
        "children_dict": [
          {
            "name": "timothy carroll",
            "value": "timothy carroll",
            "type": "string",
            "children_dict": [],
            "line_idx": 8
          },
          {
            "name": "ivan wardener",
            "value": "ivan wardener",
            "type": "string",
            "children_dict": [],
            "line_idx": 9
          }
        ],
        "line_idx": null
      },
      {
        "name": "11",
        "value": "11",
        "type": "string",
        "children_dict": [
          {
            "name": "benjamin howard baker",
            "value": "benjamin howard baker",
            "type": "string",
            "children_dict": [],
            "line_idx": 10
          }
        ],
        "line_idx": null
      },
      {
        "name": "none",
        "value": "none",
        "type": "string",
        "children_dict": [],
        "line_idx": 11
      },
      {
        "name": "12",
        "value": "12",
        "type": "string",
        "children_dict": [
          {
            "name": "jervis burdick",
            "value": "jervis burdick",
            "type": "string",
            "children_dict": [],
            "line_idx": 12
          }
        ],
        "line_idx": null
      },
      {
        "name": "13",
        "value": "13",
        "type": "string",
        "children_dict": [
          {
            "name": "wesley oler",
            "value": "wesley oler",
            "type": "string",
            "children_dict": [],
            "line_idx": 13
          },
          {
            "name": "richard sjoberg",
            "value": "richard sjoberg",
            "type": "string",
            "children_dict": [],
            "line_idx": 14
          },
          {
            "name": "arvo laine",
            "value": "arvo laine",
            "type": "string",
            "children_dict": [],
            "line_idx": 15
          },
          {
            "name": "harold enright",
            "value": "harold enright",
            "type": "string",
            "children_dict": [],
            "line_idx": 16
          },
          {
            "name": "gosta hallberg",
            "value": "gosta hallberg",
            "type": "string",
            "children_dict": [],
            "line_idx": 17
          },
          {
            "name": "otto monsen",
            "value": "otto monsen",
            "type": "string",
            "children_dict": [],
            "line_idx": 18
          },
          {
            "name": "gerhard meling",
            "value": "gerhard meling",
            "type": "string",
            "children_dict": [],
            "line_idx": 19
          },
          {
            "name": "ole aarn\u00e6s",
            "value": "ole aarn\u00e6s",
            "type": "string",
            "children_dict": [],
            "line_idx": 20
          },
          {
            "name": "andre labat",
            "value": "andre labat",
            "type": "string",
            "children_dict": [],
            "line_idx": 21
          },
          {
            "name": "otto rohr",
            "value": "otto rohr",
            "type": "string",
            "children_dict": [],
            "line_idx": 22
          }
        ],
        "line_idx": null
      },
      {
        "name": "23",
        "value": "23",
        "type": "string",
        "children_dict": [
          {
            "name": "thomas o'donahue",
            "value": "thomas o'donahue",
            "type": "string",
            "children_dict": [],
            "line_idx": 23
          },
          {
            "name": "platt adams",
            "value": "platt adams",
            "type": "string",
            "children_dict": [],
            "line_idx": 24
          },
          {
            "name": "paulus af uhr",
            "value": "paulus af uhr",
            "type": "string",
            "children_dict": [],
            "line_idx": 25
          },
          {
            "name": "ragnar mattson",
            "value": "ragnar mattson",
            "type": "string",
            "children_dict": [],
            "line_idx": 26
          },
          {
            "name": "geo andre",
            "value": "geo andre",
            "type": "string",
            "children_dict": [],
            "line_idx": 27
          }
        ],
        "line_idx": null
      },
      {
        "name": "28",
        "value": "28",
        "type": "string",
        "children_dict": [
          {
            "name": "thage brauer",
            "value": "thage brauer",
            "type": "string",
            "children_dict": [],
            "line_idx": 28
          },
          {
            "name": "rodolfo hammersley",
            "value": "rodolfo hammersley",
            "type": "string",
            "children_dict": [],
            "line_idx": 29
          },
          {
            "name": "gustaf holmer",
            "value": "gustaf holmer",
            "type": "string",
            "children_dict": [],
            "line_idx": 30
          },
          {
            "name": "lajos ludinszky",
            "value": "lajos ludinszky",
            "type": "string",
            "children_dict": [],
            "line_idx": 31
          },
          {
            "name": "michel meerz",
            "value": "michel meerz",
            "type": "string",
            "children_dict": [],
            "line_idx": 32
          },
          {
            "name": "alfredo pagani",
            "value": "alfredo pagani",
            "type": "string",
            "children_dict": [],
            "line_idx": 33
          }
        ],
        "line_idx": null
      },
      {
        "name": "34",
        "value": "34",
        "type": "string",
        "children_dict": [
          {
            "name": "marius delaby",
            "value": "marius delaby",
            "type": "string",
            "children_dict": [],
            "line_idx": 34
          },
          {
            "name": "armand estang",
            "value": "armand estang",
            "type": "string",
            "children_dict": [],
            "line_idx": 35
          },
          {
            "name": "john nicholson",
            "value": "john nicholson",
            "type": "string",
            "children_dict": [],
            "line_idx": 36
          },
          {
            "name": "angelo tonini",
            "value": "angelo tonini",
            "type": "string",
            "children_dict": [],
            "line_idx": 37
          }
        ],
        "line_idx": null
      }
    ]
  },
  "data": [
    [
      {
        "value": "o"
      },
      {
        "value": "o"
      },
      {
        "value": "o"
      },
      {
        "value": "xo"
      },
      {
        "value": "o"
      },
      {
        "value": "qf"
      },
      {
        "value": "o"
      },
      {
        "value": "o"
      },
      {
        "value": "o"
      },
      {
        "value": "xo"
      },
      {
        "value": "xxo"
      },
      {
        "value": "o"
      },
      {
        "value": "xxo"
      },
      {
        "value": "xxo"
      },
      {
        "value": "xxo"
      },
      {
        "value": "o"
      },
      {
        "value": 1.93
      }
    ],
    [
      {
        "value": "o"
      },
      {
        "value": "o"
      },
      {
        "value": "o"
      },
      {
        "value": "o"
      },
      {
        "value": "o"
      },
      {
        "value": "qf"
      },
      {
        "value": "o"
      },
      {
        "value": "o"
      },
      {
        "value": "o"
      },
      {
        "value": "o"
      },
      {
        "value": "o"
      },
      {
        "value": "o"
      },
      {
        "value": "o"
      },
      {
        "value": "xo"
      },
      {
        "value": "xo"
      },
      {
        "value": "xxx"
      },
      {
        "value": 1.91
      }
    ],
    [
      {
        "value": "o"
      },
      {
        "value": "o"
      },
      {
        "value": "o"
      },
      {
        "value": "o"
      },
      {
        "value": "xo"
      },
      {
        "value": "qf"
      },
      {
        "value": "o"
      },
      {
        "value": "o"
      },
      {
        "value": "o"
      },
      {
        "value": "o"
      },
      {
        "value": "xo"
      },
      {
        "value": "o"
      },
      {
        "value": "o"
      },
      {
        "value": "xo"
      },
      {
        "value": "xxx"
      },
      {
        "value": "--"
      },
      {
        "value": 1.89
      }
    ],
    [
      {
        "value": "o"
      },
      {
        "value": "o"
      },
      {
        "value": "o"
      },
      {
        "value": "xo"
      },
      {
        "value": "o"
      },
      {
        "value": "qf"
      },
      {
        "value": "o"
      },
      {
        "value": "o"
      },
      {
        "value": "o"
      },
      {
        "value": "o"
      },
      {
        "value": "o"
      },
      {
        "value": "xo"
      },
      {
        "value": "xo"
      },
      {
        "value": "xxx"
      },
      {
        "value": "--"
      },
      {
        "value": "--"
      },
      {
        "value": 1.87
      }
    ],
    [
      {
        "value": "o"
      },
      {
        "value": "o"
      },
      {
        "value": "xo"
      },
      {
        "value": "o"
      },
      {
        "value": "xxo"
      },
      {
        "value": "qf"
      },
      {
        "value": "xo"
      },
      {
        "value": "o"
      },
      {
        "value": "o"
      },
      {
        "value": "o"
      },
      {
        "value": "o"
      },
      {
        "value": "o"
      },
      {
        "value": "o"
      },
      {
        "value": "xxx"
      },
      {
        "value": "--"
      },
      {
        "value": "--"
      },
      {
        "value": 1.87
      }
    ],
    [
      {
        "value": "o"
      },
      {
        "value": "o"
      },
      {
        "value": "xo"
      },
      {
        "value": "o"
      },
      {
        "value": "o"
      },
      {
        "value": "qf"
      },
      {
        "value": "o"
      },
      {
        "value": "o"
      },
      {
        "value": "o"
      },
      {
        "value": "xo"
      },
      {
        "value": "o"
      },
      {
        "value": "xxo"
      },
      {
        "value": "xxx"
      },
      {
        "value": "--"
      },
      {
        "value": "--"
      },
      {
        "value": "--"
      },
      {
        "value": 1.85
      }
    ],
    [
      {
        "value": "--"
      },
      {
        "value": "o"
      },
      {
        "value": "o"
      },
      {
        "value": "xo"
      },
      {
        "value": "xo"
      },
      {
        "value": "qf"
      },
      {
        "value": "o"
      },
      {
        "value": "o"
      },
      {
        "value": "o"
      },
      {
        "value": "o"
      },
      {
        "value": "xxo"
      },
      {
        "value": "xo"
      },
      {
        "value": "xxx"
      },
      {
        "value": "--"
      },
      {
        "value": "--"
      },
      {
        "value": "--"
      },
      {
        "value": 1.85
      }
    ],
    [
      {
        "value": "o"
      },
      {
        "value": "o"
      },
      {
        "value": "o"
      },
      {
        "value": "o"
      },
      {
        "value": "o"
      },
      {
        "value": "qf"
      },
      {
        "value": "o"
      },
      {
        "value": "o"
      },
      {
        "value": "o"
      },
      {
        "value": "xo"
      },
      {
        "value": "o"
      },
      {
        "value": "xxx"
      },
      {
        "value": "--"
      },
      {
        "value": "--"
      },
      {
        "value": "--"
      },
      {
        "value": "--"
      },
      {
        "value": 1.83
      }
    ],
    [
      {
        "value": "xo"
      },
      {
        "value": "o"
      },
      {
        "value": "xxo"
      },
      {
        "value": "o"
      },
      {
        "value": "xo"
      },
      {
        "value": "qf"
      },
      {
        "value": "o"
      },
      {
        "value": "o"
      },
      {
        "value": "o"
      },
      {
        "value": "xo"
      },
      {
        "value": "xxx"
      },
      {
        "value": "--"
      },
      {
        "value": "--"
      },
      {
        "value": "--"
      },
      {
        "value": "--"
      },
      {
        "value": "--"
      },
      {
        "value": 1.8
      }
    ],
    [
      {
        "value": "o"
      },
      {
        "value": "o"
      },
      {
        "value": "o"
      },
      {
        "value": "o"
      },
      {
        "value": "o"
      },
      {
        "value": "qf"
      },
      {
        "value": "o"
      },
      {
        "value": "o"
      },
      {
        "value": "o"
      },
      {
        "value": "xo"
      },
      {
        "value": "xxx"
      },
      {
        "value": "--"
      },
      {
        "value": "--"
      },
      {
        "value": "--"
      },
      {
        "value": "--"
      },
      {
        "value": "--"
      },
      {
        "value": 1.8
      }
    ],
    [
      {
        "value": "xo"
      },
      {
        "value": "o"
      },
      {
        "value": "o"
      },
      {
        "value": "o"
      },
      {
        "value": "o"
      },
      {
        "value": "qf"
      },
      {
        "value": "o"
      },
      {
        "value": "o"
      },
      {
        "value": "o"
      },
      {
        "value": "xxx"
      },
      {
        "value": "--"
      },
      {
        "value": "--"
      },
      {
        "value": "--"
      },
      {
        "value": "--"
      },
      {
        "value": "--"
      },
      {
        "value": "--"
      },
      {
        "value": 1.75
      }
    ],
    [
      {
        "value": ""
      },
      {
        "value": ""
      },
      {
        "value": ""
      },
      {
        "value": ""
      },
      {
        "value": ""
      },
      {
        "value": ""
      },
      {
        "value": ""
      },
      {
        "value": ""
      },
      {
        "value": ""
      },
      {
        "value": ""
      },
      {
        "value": ""
      },
      {
        "value": ""
      },
      {
        "value": ""
      },
      {
        "value": ""
      },
      {
        "value": ""
      },
      {
        "value": ""
      },
      {
        "value": ""
      }
    ],
    [
      {
        "value": "o"
      },
      {
        "value": "o"
      },
      {
        "value": "o"
      },
      {
        "value": "xo"
      },
      {
        "value": "xxx"
      },
      {
        "value": "none"
      },
      {
        "value": "none"
      },
      {
        "value": "none"
      },
      {
        "value": "none"
      },
      {
        "value": "none"
      },
      {
        "value": "none"
      },
      {
        "value": "none"
      },
      {
        "value": "none"
      },
      {
        "value": "none"
      },
      {
        "value": "none"
      },
      {
        "value": "none"
      },
      {
        "value": 1.8
      }
    ],
    [
      {
        "value": "o"
      },
      {
        "value": "o"
      },
      {
        "value": "o"
      },
      {
        "value": "xxx"
      },
      {
        "value": "--"
      },
      {
        "value": "none"
      },
      {
        "value": "none"
      },
      {
        "value": "none"
      },
      {
        "value": "none"
      },
      {
        "value": "none"
      },
      {
        "value": "none"
      },
      {
        "value": "none"
      },
      {
        "value": "none"
      },
      {
        "value": "none"
      },
      {
        "value": "none"
      },
      {
        "value": "none"
      },
      {
        "value": 1.75
      }
    ],
    [
      {
        "value": "o"
      },
      {
        "value": "o"
      },
      {
        "value": "o"
      },
      {
        "value": "xxx"
      },
      {
        "value": "--"
      },
      {
        "value": "none"
      },
      {
        "value": "none"
      },
      {
        "value": "none"
      },
      {
        "value": "none"
      },
      {
        "value": "none"
      },
      {
        "value": "none"
      },
      {
        "value": "none"
      },
      {
        "value": "none"
      },
      {
        "value": "none"
      },
      {
        "value": "none"
      },
      {
        "value": "none"
      },
      {
        "value": 1.75
      }
    ],
    [
      {
        "value": "o"
      },
      {
        "value": "xo"
      },
      {
        "value": "o"
      },
      {
        "value": "xxx"
      },
      {
        "value": "--"
      },
      {
        "value": "none"
      },
      {
        "value": "none"
      },
      {
        "value": "none"
      },
      {
        "value": "none"
      },
      {
        "value": "none"
      },
      {
        "value": "none"
      },
      {
        "value": "none"
      },
      {
        "value": "none"
      },
      {
        "value": "none"
      },
      {
        "value": "none"
      },
      {
        "value": "none"
      },
      {
        "value": 1.75
      }
    ],
    [
      {
        "value": "o"
      },
      {
        "value": "o"
      },
      {
        "value": "xo"
      },
      {
        "value": "xxx"
      },
      {
        "value": "--"
      },
      {
        "value": "none"
      },
      {
        "value": "none"
      },
      {
        "value": "none"
      },
      {
        "value": "none"
      },
      {
        "value": "none"
      },
      {
        "value": "none"
      },
      {
        "value": "none"
      },
      {
        "value": "none"
      },
      {
        "value": "none"
      },
      {
        "value": "none"
      },
      {
        "value": "none"
      },
      {
        "value": 1.75
      }
    ],
    [
      {
        "value": "x--"
      },
      {
        "value": "o"
      },
      {
        "value": "xo"
      },
      {
        "value": "xxx"
      },
      {
        "value": "--"
      },
      {
        "value": "none"
      },
      {
        "value": "none"
      },
      {
        "value": "none"
      },
      {
        "value": "none"
      },
      {
        "value": "none"
      },
      {
        "value": "none"
      },
      {
        "value": "none"
      },
      {
        "value": "none"
      },
      {
        "value": "none"
      },
      {
        "value": "none"
      },
      {
        "value": "none"
      },
      {
        "value": 1.75
      }
    ],
    [
      {
        "value": "--"
      },
      {
        "value": "xo"
      },
      {
        "value": "xo"
      },
      {
        "value": "xxx"
      },
      {
        "value": "--"
      },
      {
        "value": "none"
      },
      {
        "value": "none"
      },
      {
        "value": "none"
      },
      {
        "value": "none"
      },
      {
        "value": "none"
      },
      {
        "value": "none"
      },
      {
        "value": "none"
      },
      {
        "value": "none"
      },
      {
        "value": "none"
      },
      {
        "value": "none"
      },
      {
        "value": "none"
      },
      {
        "value": 1.75
      }
    ],
    [
      {
        "value": "--"
      },
      {
        "value": "xo"
      },
      {
        "value": "xxo"
      },
      {
        "value": "xxx"
      },
      {
        "value": "--"
      },
      {
        "value": "none"
      },
      {
        "value": "none"
      },
      {
        "value": "none"
      },
      {
        "value": "none"
      },
      {
        "value": "none"
      },
      {
        "value": "none"
      },
      {
        "value": "none"
      },
      {
        "value": "none"
      },
      {
        "value": "none"
      },
      {
        "value": "none"
      },
      {
        "value": "none"
      },
      {
        "value": 1.75
      }
    ],
    [
      {
        "value": "o"
      },
      {
        "value": "xo"
      },
      {
        "value": "xxo"
      },
      {
        "value": "xxx"
      },
      {
        "value": "--"
      },
      {
        "value": "none"
      },
      {
        "value": "none"
      },
      {
        "value": "none"
      },
      {
        "value": "none"
      },
      {
        "value": "none"
      },
      {
        "value": "none"
      },
      {
        "value": "none"
      },
      {
        "value": "none"
      },
      {
        "value": "none"
      },
      {
        "value": "none"
      },
      {
        "value": "none"
      },
      {
        "value": 1.75
      }
    ],
    [
      {
        "value": "o"
      },
      {
        "value": "xo"
      },
      {
        "value": "xxo"
      },
      {
        "value": "xxx"
      },
      {
        "value": "--"
      },
      {
        "value": "none"
      },
      {
        "value": "none"
      },
      {
        "value": "none"
      },
      {
        "value": "none"
      },
      {
        "value": "none"
      },
      {
        "value": "none"
      },
      {
        "value": "none"
      },
      {
        "value": "none"
      },
      {
        "value": "none"
      },
      {
        "value": "none"
      },
      {
        "value": "none"
      },
      {
        "value": 1.75
      }
    ],
    [
      {
        "value": "o"
      },
      {
        "value": "xo"
      },
      {
        "value": "xxo"
      },
      {
        "value": "xxx"
      },
      {
        "value": "--"
      },
      {
        "value": "none"
      },
      {
        "value": "none"
      },
      {
        "value": "none"
      },
      {
        "value": "none"
      },
      {
        "value": "none"
      },
      {
        "value": "none"
      },
      {
        "value": "none"
      },
      {
        "value": "none"
      },
      {
        "value": "none"
      },
      {
        "value": "none"
      },
      {
        "value": "none"
      },
      {
        "value": 1.75
      }
    ],
    [
      {
        "value": "--"
      },
      {
        "value": "o"
      },
      {
        "value": "--"
      },
      {
        "value": "--"
      },
      {
        "value": "--"
      },
      {
        "value": "none"
      },
      {
        "value": "none"
      },
      {
        "value": "none"
      },
      {
        "value": "none"
      },
      {
        "value": "none"
      },
      {
        "value": "none"
      },
      {
        "value": "none"
      },
      {
        "value": "none"
      },
      {
        "value": "none"
      },
      {
        "value": "none"
      },
      {
        "value": "none"
      },
      {
        "value": 1.7
      }
    ],
    [
      {
        "value": "o"
      },
      {
        "value": "o"
      },
      {
        "value": "--"
      },
      {
        "value": "--"
      },
      {
        "value": "--"
      },
      {
        "value": "none"
      },
      {
        "value": "none"
      },
      {
        "value": "none"
      },
      {
        "value": "none"
      },
      {
        "value": "none"
      },
      {
        "value": "none"
      },
      {
        "value": "none"
      },
      {
        "value": "none"
      },
      {
        "value": "none"
      },
      {
        "value": "none"
      },
      {
        "value": "none"
      },
      {
        "value": 1.7
      }
    ],
    [
      {
        "value": "x--"
      },
      {
        "value": "xo"
      },
      {
        "value": "xxx"
      },
      {
        "value": "--"
      },
      {
        "value": "--"
      },
      {
        "value": "none"
      },
      {
        "value": "none"
      },
      {
        "value": "none"
      },
      {
        "value": "none"
      },
      {
        "value": "none"
      },
      {
        "value": "none"
      },
      {
        "value": "none"
      },
      {
        "value": "none"
      },
      {
        "value": "none"
      },
      {
        "value": "none"
      },
      {
        "value": "none"
      },
      {
        "value": 1.7
      }
    ],
    [
      {
        "value": "x--"
      },
      {
        "value": "xo"
      },
      {
        "value": "xxx"
      },
      {
        "value": "--"
      },
      {
        "value": "--"
      },
      {
        "value": "none"
      },
      {
        "value": "none"
      },
      {
        "value": "none"
      },
      {
        "value": "none"
      },
      {
        "value": "none"
      },
      {
        "value": "none"
      },
      {
        "value": "none"
      },
      {
        "value": "none"
      },
      {
        "value": "none"
      },
      {
        "value": "none"
      },
      {
        "value": "none"
      },
      {
        "value": 1.7
      }
    ],
    [
      {
        "value": "xo"
      },
      {
        "value": "xo"
      },
      {
        "value": "xxx"
      },
      {
        "value": "--"
      },
      {
        "value": "--"
      },
      {
        "value": "none"
      },
      {
        "value": "none"
      },
      {
        "value": "none"
      },
      {
        "value": "none"
      },
      {
        "value": "none"
      },
      {
        "value": "none"
      },
      {
        "value": "none"
      },
      {
        "value": "none"
      },
      {
        "value": "none"
      },
      {
        "value": "none"
      },
      {
        "value": "none"
      },
      {
        "value": 1.7
      }
    ],
    [
      {
        "value": "o"
      },
      {
        "value": "x--"
      },
      {
        "value": "--"
      },
      {
        "value": "--"
      },
      {
        "value": "--"
      },
      {
        "value": "none"
      },
      {
        "value": "none"
      },
      {
        "value": "none"
      },
      {
        "value": "none"
      },
      {
        "value": "none"
      },
      {
        "value": "none"
      },
      {
        "value": "none"
      },
      {
        "value": "none"
      },
      {
        "value": "none"
      },
      {
        "value": "none"
      },
      {
        "value": "none"
      },
      {
        "value": 1.6
      }
    ],
    [
      {
        "value": "o"
      },
      {
        "value": "x--"
      },
      {
        "value": "--"
      },
      {
        "value": "--"
      },
      {
        "value": "--"
      },
      {
        "value": "none"
      },
      {
        "value": "none"
      },
      {
        "value": "none"
      },
      {
        "value": "none"
      },
      {
        "value": "none"
      },
      {
        "value": "none"
      },
      {
        "value": "none"
      },
      {
        "value": "none"
      },
      {
        "value": "none"
      },
      {
        "value": "none"
      },
      {
        "value": "none"
      },
      {
        "value": 1.6
      }
    ],
    [
      {
        "value": "o"
      },
      {
        "value": "x--"
      },
      {
        "value": "--"
      },
      {
        "value": "--"
      },
      {
        "value": "--"
      },
      {
        "value": "none"
      },
      {
        "value": "none"
      },
      {
        "value": "none"
      },
      {
        "value": "none"
      },
      {
        "value": "none"
      },
      {
        "value": "none"
      },
      {
        "value": "none"
      },
      {
        "value": "none"
      },
      {
        "value": "none"
      },
      {
        "value": "none"
      },
      {
        "value": "none"
      },
      {
        "value": 1.6
      }
    ],
    [
      {
        "value": "o"
      },
      {
        "value": "x--"
      },
      {
        "value": "--"
      },
      {
        "value": "--"
      },
      {
        "value": "--"
      },
      {
        "value": "none"
      },
      {
        "value": "none"
      },
      {
        "value": "none"
      },
      {
        "value": "none"
      },
      {
        "value": "none"
      },
      {
        "value": "none"
      },
      {
        "value": "none"
      },
      {
        "value": "none"
      },
      {
        "value": "none"
      },
      {
        "value": "none"
      },
      {
        "value": "none"
      },
      {
        "value": 1.6
      }
    ],
    [
      {
        "value": "o"
      },
      {
        "value": "x--"
      },
      {
        "value": "--"
      },
      {
        "value": "--"
      },
      {
        "value": "--"
      },
      {
        "value": "none"
      },
      {
        "value": "none"
      },
      {
        "value": "none"
      },
      {
        "value": "none"
      },
      {
        "value": "none"
      },
      {
        "value": "none"
      },
      {
        "value": "none"
      },
      {
        "value": "none"
      },
      {
        "value": "none"
      },
      {
        "value": "none"
      },
      {
        "value": "none"
      },
      {
        "value": 1.6
      }
    ],
    [
      {
        "value": "o"
      },
      {
        "value": "xxx"
      },
      {
        "value": "--"
      },
      {
        "value": "--"
      },
      {
        "value": "--"
      },
      {
        "value": "none"
      },
      {
        "value": "none"
      },
      {
        "value": "none"
      },
      {
        "value": "none"
      },
      {
        "value": "none"
      },
      {
        "value": "none"
      },
      {
        "value": "none"
      },
      {
        "value": "none"
      },
      {
        "value": "none"
      },
      {
        "value": "none"
      },
      {
        "value": "none"
      },
      {
        "value": 1.6
      }
    ],
    [
      {
        "value": "--"
      },
      {
        "value": "x--"
      },
      {
        "value": "--"
      },
      {
        "value": "--"
      },
      {
        "value": "--"
      },
      {
        "value": "none"
      },
      {
        "value": "none"
      },
      {
        "value": "none"
      },
      {
        "value": "none"
      },
      {
        "value": "none"
      },
      {
        "value": "none"
      },
      {
        "value": "none"
      },
      {
        "value": "none"
      },
      {
        "value": "none"
      },
      {
        "value": "none"
      },
      {
        "value": "none"
      },
      {
        "value": "none"
      }
    ],
    [
      {
        "value": "--"
      },
      {
        "value": "x--"
      },
      {
        "value": "--"
      },
      {
        "value": "--"
      },
      {
        "value": "--"
      },
      {
        "value": "none"
      },
      {
        "value": "none"
      },
      {
        "value": "none"
      },
      {
        "value": "none"
      },
      {
        "value": "none"
      },
      {
        "value": "none"
      },
      {
        "value": "none"
      },
      {
        "value": "none"
      },
      {
        "value": "none"
      },
      {
        "value": "none"
      },
      {
        "value": "none"
      },
      {
        "value": "none"
      }
    ],
    [
      {
        "value": "--"
      },
      {
        "value": "xxx"
      },
      {
        "value": "--"
      },
      {
        "value": "--"
      },
      {
        "value": "--"
      },
      {
        "value": "none"
      },
      {
        "value": "none"
      },
      {
        "value": "none"
      },
      {
        "value": "none"
      },
      {
        "value": "none"
      },
      {
        "value": "none"
      },
      {
        "value": "none"
      },
      {
        "value": "none"
      },
      {
        "value": "none"
      },
      {
        "value": "none"
      },
      {
        "value": "none"
      },
      {
        "value": "none"
      }
    ],
    [
      {
        "value": "x--"
      },
      {
        "value": "xxx"
      },
      {
        "value": "--"
      },
      {
        "value": "--"
      },
      {
        "value": "--"
      },
      {
        "value": "none"
      },
      {
        "value": "none"
      },
      {
        "value": "none"
      },
      {
        "value": "none"
      },
      {
        "value": "none"
      },
      {
        "value": "none"
      },
      {
        "value": "none"
      },
      {
        "value": "none"
      },
      {
        "value": "none"
      },
      {
        "value": "none"
      },
      {
        "value": "none"
      },
      {
        "value": "none"
      }
    ]
  ]
}