{
  "title": "playing statistics",
  "top_root": {
    "name": "<TOP>",
    "value": "<TOP>",
    "type": "string",
    "line_idx": null,
    "children_dict": [
      {
        "name": "league",
        "value": "league",
        "type": "string",
        "children_dict": [
          {
            "name": "apps",
            "value": "apps",
            "type": "string",
            "children_dict": [],
            "line_idx": 0
          },
          {
            "name": "goals",
            "value": "goals",
            "type": "string",
            "children_dict": [],
            "line_idx": 1
          }
        ],
        "line_idx": null
      },
      {
        "name": "fa cup",
        "value": "fa cup",
        "type": "string",
        "children_dict": [
          {
            "name": "apps",
            "value": "apps",
            "type": "string",
            "children_dict": [],
            "line_idx": 2
          },
          {
            "name": "goals",
            "value": "goals",
            "type": "string",
            "children_dict": [],
            "line_idx": 3
          }
        ],
        "line_idx": null
      },
      {
        "name": "other",
        "value": "other",
        "type": "string",
        "children_dict": [
          {
            "name": "apps",
            "value": "apps",
            "type": "string",
            "children_dict": [],
            "line_idx": 4
          },
          {
            "name": "goals",
            "value": "goals",
            "type": "string",
            "children_dict": [],
            "line_idx": 5
          }
        ],
        "line_idx": null
      },
      {
        "name": "total",
        "value": "total",
        "type": "string",
        "children_dict": [
          {
            "name": "apps",
            "value": "apps",
            "type": "string",
            "children_dict": [],
            "line_idx": 6
          },
          {
            "name": "goals",
            "value": "goals",
            "type": "string",
            "children_dict": [],
            "line_idx": 7
          }
        ],
        "line_idx": null
      }
    ]
  },
  "left_root": {
    "name": "<LEFT>",
    "value": "<LEFT>",
    "type": "string",
    "line_idx": null,
    "children_dict": [
      {
        "name": "port vale",
        "value": "port vale",
        "type": "string",
        "children_dict": [
          {
            "name": "1945-46",
            "value": "1945-46",
            "type": "string",
            "children_dict": [
              {
                "name": "none",
                "value": "none",
                "type": "string",
                "children_dict": [],
                "line_idx": 0
              }
            ],
            "line_idx": null
          },
          {
            "name": "1946-47",
            "value": "1946-47",
            "type": "string",
            "children_dict": [
              {
                "name": "third division south",
                "value": "third division south",
                "type": "string",
                "children_dict": [],
                "line_idx": 1
              }
            ],
            "line_idx": null
          },
          {
            "name": "1947-48",
            "value": "1947-48",
            "type": "string",
            "children_dict": [
              {
                "name": "third division south",
                "value": "third division south",
                "type": "string",
                "children_dict": [],
                "line_idx": 2
              }
            ],
            "line_idx": null
          },
          {
            "name": "1948-49",
            "value": "1948-49",
            "type": "string",
            "children_dict": [
              {
                "name": "third division south",
                "value": "third division south",
                "type": "string",
                "children_dict": [],
                "line_idx": 3
              }
            ],
            "line_idx": null
          },
          {
            "name": "1949-50",
            "value": "1949-50",
            "type": "string",
            "children_dict": [
              {
                "name": "third division south",
                "value": "third division south",
                "type": "string",
                "children_dict": [],
                "line_idx": 4
              }
            ],
            "line_idx": null
          },
          {
            "name": "total",
            "value": "total",
            "type": "string",
            "children_dict": [],
            "line_idx": 5
          }
        ],
        "line_idx": null
      },
      {
        "name": "west bromwich albion",
        "value": "west bromwich albion",
        "type": "string",
        "children_dict": [
          {
            "name": "1949-50",
            "value": "1949-50",
            "type": "string",
            "children_dict": [
              {
                "name": "first division",
                "value": "first division",
                "type": "string",
                "children_dict": [],
                "line_idx": 6
              }
            ],
            "line_idx": null
          },
          {
            "name": "1950-51",
            "value": "1950-51",
            "type": "string",
            "children_dict": [
              {
                "name": "first division",
                "value": "first division",
                "type": "string",
                "children_dict": [],
                "line_idx": 7
              }
            ],
            "line_idx": null
          },
          {
            "name": "1951-52",
            "value": "1951-52",
            "type": "string",
            "children_dict": [
              {
                "name": "first division",
                "value": "first division",
                "type": "string",
                "children_dict": [],
                "line_idx": 8
              }
            ],
            "line_idx": null
          },
          {
            "name": "1952-53",
            "value": "1952-53",
            "type": "string",
            "children_dict": [
              {
                "name": "first division",
                "value": "first division",
                "type": "string",
                "children_dict": [],
                "line_idx": 9
              }
            ],
            "line_idx": null
          },
          {
            "name": "1953-54",
            "value": "1953-54",
            "type": "string",
            "children_dict": [
              {
                "name": "first division",
                "value": "first division",
                "type": "string",
                "children_dict": [],
                "line_idx": 10
              }
            ],
            "line_idx": null
          },
          {
            "name": "1954-55",
            "value": "1954-55",
            "type": "string",
            "children_dict": [
              {
                "name": "first division",
                "value": "first division",
                "type": "string",
                "children_dict": [],
                "line_idx": 11
              }
            ],
            "line_idx": null
          },
          {
            "name": "1955-56",
            "value": "1955-56",
            "type": "string",
            "children_dict": [
              {
                "name": "first division",
                "value": "first division",
                "type": "string",
                "children_dict": [],
                "line_idx": 12
              }
            ],
            "line_idx": null
          },
          {
            "name": "1956-57",
            "value": "1956-57",
            "type": "string",
            "children_dict": [
              {
                "name": "first division",
                "value": "first division",
                "type": "string",
                "children_dict": [],
                "line_idx": 13
              }
            ],
            "line_idx": null
          },
          {
            "name": "1957-58",
            "value": "1957-58",
            "type": "string",
            "children_dict": [
              {
                "name": "first division",
                "value": "first division",
                "type": "string",
                "children_dict": [],
                "line_idx": 14
              }
            ],
            "line_idx": null
          },
          {
            "name": "1958-59",
            "value": "1958-59",
            "type": "string",
            "children_dict": [
              {
                "name": "first division",
                "value": "first division",
                "type": "string",
                "children_dict": [],
                "line_idx": 15
              }
            ],
            "line_idx": null
          },
          {
            "name": "1959-60",
            "value": "1959-60",
            "type": "string",
            "children_dict": [
              {
                "name": "first division",
                "value": "first division",
                "type": "string",
                "children_dict": [],
                "line_idx": 16
              }
            ],
            "line_idx": null
          },
          {
            "name": "1960-61",
            "value": "1960-61",
            "type": "string",
            "children_dict": [
              {
                "name": "first division",
                "value": "first division",
                "type": "string",
                "children_dict": [],
                "line_idx": 17
              }
            ],
            "line_idx": null
          },
          {
            "name": "total",
            "value": "total",
            "type": "string",
            "children_dict": [],
            "line_idx": 18
          }
        ],
        "line_idx": null
      },
      {
        "name": "crystal palace",
        "value": "crystal palace",
        "type": "string",
        "children_dict": [
          {
            "name": "1961-62",
            "value": "1961-62",
            "type": "string",
            "children_dict": [
              {
                "name": "third division",
                "value": "third division",
                "type": "string",
                "children_dict": [],
                "line_idx": 19
              }
            ],
            "line_idx": null
          },
          {
            "name": "1962-63",
            "value": "1962-63",
            "type": "string",
            "children_dict": [
              {
                "name": "third division",
                "value": "third division",
                "type": "string",
                "children_dict": [],
                "line_idx": 20
              }
            ],
            "line_idx": null
          },
          {
            "name": "1963-64",
            "value": "1963-64",
            "type": "string",
            "children_dict": [
              {
                "name": "third division",
                "value": "third division",
                "type": "string",
                "children_dict": [],
                "line_idx": 21
              }
            ],
            "line_idx": null
          },
          {
            "name": "1964-65",
            "value": "1964-65",
            "type": "string",
            "children_dict": [
              {
                "name": "second division",
                "value": "second division",
                "type": "string",
                "children_dict": [],
                "line_idx": 22
              }
            ],
            "line_idx": null
          },
          {
            "name": "total",
            "value": "total",
            "type": "string",
            "children_dict": [],
            "line_idx": 23
          }
        ],
        "line_idx": null
      },
      {
        "name": "career total",
        "value": "career total",
        "type": "string",
        "children_dict": [],
        "line_idx": 24
      }
    ]
  },
  "data": [
    [
      {
        "value": 0
      },
      {
        "value": 0
      },
      {
        "value": 6
      },
      {
        "value": 2
      },
      {
        "value": 0
      },
      {
        "value": 0
      },
      {
        "value": 6
      },
      {
        "value": 2
      }
    ],
    [
      {
        "value": 18
      },
      {
        "value": 5
      },
      {
        "value": 0
      },
      {
        "value": 0
      },
      {
        "value": 0
      },
      {
        "value": 0
      },
      {
        "value": 18
      },
      {
        "value": 5
      }
    ],
    [
      {
        "value": 38
      },
      {
        "value": 13
      },
      {
        "value": 1
      },
      {
        "value": 0
      },
      {
        "value": 0
      },
      {
        "value": 0
      },
      {
        "value": 39
      },
      {
        "value": 13
      }
    ],
    [
      {
        "value": 40
      },
      {
        "value": 10
      },
      {
        "value": 1
      },
      {
        "value": 0
      },
      {
        "value": 0
      },
      {
        "value": 0
      },
      {
        "value": 41
      },
      {
        "value": 10
      }
    ],
    [
      {
        "value": 27
      },
      {
        "value": 6
      },
      {
        "value": 4
      },
      {
        "value": 2
      },
      {
        "value": 0
      },
      {
        "value": 0
      },
      {
        "value": 31
      },
      {
        "value": 8
      }
    ],
    [
      {
        "value": 123
      },
      {
        "value": 34
      },
      {
        "value": 12
      },
      {
        "value": 4
      },
      {
        "value": 0
      },
      {
        "value": 0
      },
      {
        "value": 135
      },
      {
        "value": 38
      }
    ],
    [
      {
        "value": 11
      },
      {
        "value": 5
      },
      {
        "value": 0
      },
      {
        "value": 0
      },
      {
        "value": 0
      },
      {
        "value": 0
      },
      {
        "value": 11
      },
      {
        "value": 5
      }
    ],
    [
      {
        "value": 40
      },
      {
        "value": 10
      },
      {
        "value": 2
      },
      {
        "value": 0
      },
      {
        "value": 0
      },
      {
        "value": 0
      },
      {
        "value": 42
      },
      {
        "value": 10
      }
    ],
    [
      {
        "value": 40
      },
      {
        "value": 32
      },
      {
        "value": 2
      },
      {
        "value": 3
      },
      {
        "value": 0
      },
      {
        "value": 0
      },
      {
        "value": 42
      },
      {
        "value": 36
      }
    ],
    [
      {
        "value": 41
      },
      {
        "value": 20
      },
      {
        "value": 5
      },
      {
        "value": 1
      },
      {
        "value": 0
      },
      {
        "value": 0
      },
      {
        "value": 46
      },
      {
        "value": 21
      }
    ],
    [
      {
        "value": 39
      },
      {
        "value": 27
      },
      {
        "value": 6
      },
      {
        "value": 7
      },
      {
        "value": 0
      },
      {
        "value": 0
      },
      {
        "value": 45
      },
      {
        "value": 34
      }
    ],
    [
      {
        "value": 42
      },
      {
        "value": 27
      },
      {
        "value": 2
      },
      {
        "value": 0
      },
      {
        "value": 1
      },
      {
        "value": 3
      },
      {
        "value": 45
      },
      {
        "value": 30
      }
    ],
    [
      {
        "value": 34
      },
      {
        "value": 17
      },
      {
        "value": 3
      },
      {
        "value": 1
      },
      {
        "value": 0
      },
      {
        "value": 0
      },
      {
        "value": 37
      },
      {
        "value": 18
      }
    ],
    [
      {
        "value": 37
      },
      {
        "value": 10
      },
      {
        "value": 9
      },
      {
        "value": 5
      },
      {
        "value": 0
      },
      {
        "value": 0
      },
      {
        "value": 46
      },
      {
        "value": 15
      }
    ],
    [
      {
        "value": 39
      },
      {
        "value": 22
      },
      {
        "value": 6
      },
      {
        "value": 6
      },
      {
        "value": 0
      },
      {
        "value": 0
      },
      {
        "value": 45
      },
      {
        "value": 28
      }
    ],
    [
      {
        "value": 36
      },
      {
        "value": 17
      },
      {
        "value": 3
      },
      {
        "value": 0
      },
      {
        "value": 0
      },
      {
        "value": 0
      },
      {
        "value": 39
      },
      {
        "value": 17
      }
    ],
    [
      {
        "value": 36
      },
      {
        "value": 15
      },
      {
        "value": 3
      },
      {
        "value": 0
      },
      {
        "value": 0
      },
      {
        "value": 0
      },
      {
        "value": 39
      },
      {
        "value": 15
      }
    ],
    [
      {
        "value": 20
      },
      {
        "value": 6
      },
      {
        "value": 1
      },
      {
        "value": 0
      },
      {
        "value": 0
      },
      {
        "value": 0
      },
      {
        "value": 21
      },
      {
        "value": 6
      }
    ],
    [
      {
        "value": 415
      },
      {
        "value": 208
      },
      {
        "value": 42
      },
      {
        "value": 23
      },
      {
        "value": 1
      },
      {
        "value": 3
      },
      {
        "value": 458
      },
      {
        "value": 234
      }
    ],
    [
      {
        "value": 28
      },
      {
        "value": 13
      },
      {
        "value": 2
      },
      {
        "value": 0
      },
      {
        "value": 1
      },
      {
        "value": 0
      },
      {
        "value": 31
      },
      {
        "value": 13
      }
    ],
    [
      {
        "value": 36
      },
      {
        "value": 11
      },
      {
        "value": 3
      },
      {
        "value": 1
      },
      {
        "value": 1
      },
      {
        "value": 0
      },
      {
        "value": 40
      },
      {
        "value": 12
      }
    ],
    [
      {
        "value": 27
      },
      {
        "value": 7
      },
      {
        "value": 2
      },
      {
        "value": 2
      },
      {
        "value": 0
      },
      {
        "value": 0
      },
      {
        "value": 29
      },
      {
        "value": 9
      }
    ],
    [
      {
        "value": 9
      },
      {
        "value": 3
      },
      {
        "value": 0
      },
      {
        "value": 0
      },
      {
        "value": 0
      },
      {
        "value": 0
      },
      {
        "value": 9
      },
      {
        "value": 3
      }
    ],
    [
      {
        "value": 100
      },
      {
        "value": 34
      },
      {
        "value": 7
      },
      {
        "value": 3
      },
      {
        "value": 2
      },
      {
        "value": 0
      },
      {
        "value": 109
      },
      {
        "value": 37
      }
    ],
    [
      {
        "value": 638
      },
      {
        "value": 276
      },
      {
        "value": 61
      },
      {
        "value": 30
      },
      {
        "value": 3
      },
      {
        "value": 3
      },
      {
        "value": 702
      },
      {
        "value": 309
      }
    ]
  ]
}