{
  "title": "prevalence of risk factors among people treated for hypertension, by sex, household population aged 60 to 79, 2007 to 2015",
  "top_root": {
    "name": "<TOP>",
    "value": "<TOP>",
    "type": "string",
    "line_idx": null,
    "children_dict": [
      {
        "name": "women",
        "value": "women",
        "type": "string",
        "children_dict": [
          {
            "name": "sample size",
            "value": "sample size",
            "type": "string",
            "children_dict": [],
            "line_idx": 0
          },
          {
            "name": "%",
            "value": "%",
            "type": "string",
            "children_dict": [],
            "line_idx": 1
          },
          {
            "name": "95% confidence interval",
            "value": "95% confidence interval",
            "type": "string",
            "children_dict": [
              {
                "name": "from",
                "value": "from",
                "type": "string",
                "children_dict": [],
                "line_idx": 2
              },
              {
                "name": "to",
                "value": "to",
                "type": "string",
                "children_dict": [],
                "line_idx": 3
              }
            ],
            "line_idx": null
          }
        ],
        "line_idx": null
      },
      {
        "name": "men",
        "value": "men",
        "type": "string",
        "children_dict": [
          {
            "name": "sample size",
            "value": "sample size",
            "type": "string",
            "children_dict": [],
            "line_idx": 4
          },
          {
            "name": "%",
            "value": "%",
            "type": "string",
            "children_dict": [],
            "line_idx": 5
          },
          {
            "name": "95% confidence interval",
            "value": "95% confidence interval",
            "type": "string",
            "children_dict": [
              {
                "name": "from",
                "value": "from",
                "type": "string",
                "children_dict": [],
                "line_idx": 6
              },
              {
                "name": "to",
                "value": "to",
                "type": "string",
                "children_dict": [],
                "line_idx": 7
              }
            ],
            "line_idx": null
          }
        ],
        "line_idx": null
      }
    ]
  },
  "left_root": {
    "name": "<LEFT>",
    "value": "<LEFT>",
    "type": "string",
    "line_idx": null,
    "children_dict": [
      {
        "name": "age group",
        "value": "age group",
        "type": "string",
        "children_dict": [
          {
            "name": "60 to 69 years",
            "value": "60 to 69 years",
            "type": "string",
            "children_dict": [],
            "line_idx": 1
          },
          {
            "name": "70 to 79 years",
            "value": "70 to 79 years",
            "type": "string",
            "children_dict": [],
            "line_idx": 2
          },
          {
            "name": "married/common-law",
            "value": "married/common-law",
            "type": "string",
            "children_dict": [],
            "line_idx": 3
          },
          {
            "name": "less than secondary school graduation",
            "value": "less than secondary school graduation",
            "type": "string",
            "children_dict": [],
            "line_idx": 4
          },
          {
            "name": "in lowest income quintile",
            "value": "in lowest income quintile",
            "type": "string",
            "children_dict": [],
            "line_idx": 5
          },
          {
            "name": "white",
            "value": "white",
            "type": "string",
            "children_dict": [],
            "line_idx": 6
          }
        ],
        "line_idx": 0
      },
      {
        "name": "has regular doctor",
        "value": "has regular doctor",
        "type": "string",
        "children_dict": [],
        "line_idx": 7
      },
      {
        "name": "health behaviours",
        "value": "health behaviours",
        "type": "string",
        "children_dict": [
          {
            "name": "current smoker",
            "value": "current smoker",
            "type": "string",
            "children_dict": [],
            "line_idx": 9
          },
          {
            "name": "less than 150 minutes/week in moderate-to-vigorous physical activity",
            "value": "less than 150 minutes/week in moderate-to-vigorous physical activity",
            "type": "string",
            "children_dict": [],
            "line_idx": 10
          },
          {
            "name": "eats fruits or vegetables less than 5 times per day",
            "value": "eats fruits or vegetables less than 5 times per day",
            "type": "string",
            "children_dict": [],
            "line_idx": 11
          }
        ],
        "line_idx": 8
      },
      {
        "name": "co-morbidity",
        "value": "co-morbidity",
        "type": "string",
        "children_dict": [
          {
            "name": "overweight or obese",
            "value": "overweight or obese",
            "type": "string",
            "children_dict": [],
            "line_idx": 13
          },
          {
            "name": "diabetes",
            "value": "diabetes",
            "type": "string",
            "children_dict": [],
            "line_idx": 14
          },
          {
            "name": "chronic kidney disease",
            "value": "chronic kidney disease",
            "type": "string",
            "children_dict": [],
            "line_idx": 15
          },
          {
            "name": "non-hdl cholesterol 4.3 mmol/l or more",
            "value": "non-hdl cholesterol 4.3 mmol/l or more",
            "type": "string",
            "children_dict": [],
            "line_idx": 16
          },
          {
            "name": "cardiovascular disease",
            "value": "cardiovascular disease",
            "type": "string",
            "children_dict": [],
            "line_idx": 17
          }
        ],
        "line_idx": 12
      },
      {
        "name": "family history",
        "value": "family history",
        "type": "string",
        "children_dict": [
          {
            "name": "high blood pressure",
            "value": "high blood pressure",
            "type": "string",
            "children_dict": [],
            "line_idx": 19
          },
          {
            "name": "early cardiovascular disease",
            "value": "early cardiovascular disease",
            "type": "string",
            "children_dict": [],
            "line_idx": 20
          }
        ],
        "line_idx": 18
      },
      {
        "name": "medication use",
        "value": "medication use",
        "type": "string",
        "children_dict": [
          {
            "name": "one antihypertensive medication",
            "value": "one antihypertensive medication",
            "type": "string",
            "children_dict": [],
            "line_idx": 22
          },
          {
            "name": "two antihypertensive medications",
            "value": "two antihypertensive medications",
            "type": "string",
            "children_dict": [],
            "line_idx": 23
          },
          {
            "name": "three or more antihypertensive medications",
            "value": "three or more antihypertensive medications",
            "type": "string",
            "children_dict": [],
            "line_idx": 24
          }
        ],
        "line_idx": 21
      },
      {
        "name": "medication type",
        "value": "medication type",
        "type": "string",
        "children_dict": [
          {
            "name": "diuretic",
            "value": "diuretic",
            "type": "string",
            "children_dict": [],
            "line_idx": 26
          },
          {
            "name": "calcium channel antagonist",
            "value": "calcium channel antagonist",
            "type": "string",
            "children_dict": [],
            "line_idx": 27
          },
          {
            "name": "agent acting on renin-angiotension system",
            "value": "agent acting on renin-angiotension system",
            "type": "string",
            "children_dict": [],
            "line_idx": 28
          },
          {
            "name": "beta-blocker",
            "value": "beta-blocker",
            "type": "string",
            "children_dict": [],
            "line_idx": 29
          },
          {
            "name": "non-steroidal anti-inflammatory and antirheumatic",
            "value": "non-steroidal anti-inflammatory and antirheumatic",
            "type": "string",
            "children_dict": [],
            "line_idx": 30
          }
        ],
        "line_idx": 25
      }
    ]
  },
  "data": [
    [
      {
        "value": ""
      },
      {
        "value": ""
      },
      {
        "value": ""
      },
      {
        "value": ""
      },
      {
        "value": ""
      },
      {
        "value": ""
      },
      {
        "value": ""
      },
      {
        "value": ""
      }
    ],
    [
      {
        "value": 551.0
      },
      {
        "value": 55.6
      },
      {
        "value": 50.3
      },
      {
        "value": 60.8
      },
      {
        "value": 620.0
      },
      {
        "value": 59.0
      },
      {
        "value": 55.0
      },
      {
        "value": 62.9
      }
    ],
    [
      {
        "value": 499.0
      },
      {
        "value": 44.4
      },
      {
        "value": 39.2
      },
      {
        "value": 49.7
      },
      {
        "value": 441.0
      },
      {
        "value": 41.0
      },
      {
        "value": 37.1
      },
      {
        "value": 45.0
      }
    ],
    [
      {
        "value": 548.0
      },
      {
        "value": 62.8
      },
      {
        "value": 58.5
      },
      {
        "value": 66.8
      },
      {
        "value": 784.0
      },
      {
        "value": 80.7
      },
      {
        "value": 77.0
      },
      {
        "value": 83.9
      }
    ],
    [
      {
        "value": 308.0
      },
      {
        "value": 28.5
      },
      {
        "value": 24.0
      },
      {
        "value": 33.4
      },
      {
        "value": 275.0
      },
      {
        "value": 29.6
      },
      {
        "value": 25.5
      },
      {
        "value": 34.1
      }
    ],
    [
      {
        "value": 321.0
      },
      {
        "value": 28.0
      },
      {
        "value": 24.2
      },
      {
        "value": 32.1
      },
      {
        "value": 228.0
      },
      {
        "value": 20.4
      },
      {
        "value": 16.6
      },
      {
        "value": 24.7
      }
    ],
    [
      {
        "value": 933.0
      },
      {
        "value": 85.8
      },
      {
        "value": 79.8
      },
      {
        "value": 90.2
      },
      {
        "value": 930.0
      },
      {
        "value": 88.4
      },
      {
        "value": 83.0
      },
      {
        "value": 92.3
      }
    ],
    [
      {
        "value": 1021.0
      },
      {
        "value": 97.9
      },
      {
        "value": 96.6
      },
      {
        "value": 98.7
      },
      {
        "value": 1027.0
      },
      {
        "value": 96.8
      },
      {
        "value": 95.2
      },
      {
        "value": 97.9
      }
    ],
    [
      {
        "value": ""
      },
      {
        "value": ""
      },
      {
        "value": ""
      },
      {
        "value": ""
      },
      {
        "value": ""
      },
      {
        "value": ""
      },
      {
        "value": ""
      },
      {
        "value": ""
      }
    ],
    [
      {
        "value": 108.0
      },
      {
        "value": 9.9
      },
      {
        "value": 7.6
      },
      {
        "value": 12.8
      },
      {
        "value": 155.0
      },
      {
        "value": 14.7
      },
      {
        "value": 12.1
      },
      {
        "value": 17.7
      }
    ],
    [
      {
        "value": 657.0
      },
      {
        "value": 63.9
      },
      {
        "value": 59.5
      },
      {
        "value": 68.2
      },
      {
        "value": 614.0
      },
      {
        "value": 57.6
      },
      {
        "value": 53.3
      },
      {
        "value": 61.8
      }
    ],
    [
      {
        "value": 681.0
      },
      {
        "value": 67.9
      },
      {
        "value": 63.5
      },
      {
        "value": 72.0
      },
      {
        "value": 802.0
      },
      {
        "value": 75.7
      },
      {
        "value": 72.3
      },
      {
        "value": 78.8
      }
    ],
    [
      {
        "value": ""
      },
      {
        "value": ""
      },
      {
        "value": ""
      },
      {
        "value": ""
      },
      {
        "value": ""
      },
      {
        "value": ""
      },
      {
        "value": ""
      },
      {
        "value": ""
      }
    ],
    [
      {
        "value": 813.0
      },
      {
        "value": 78.1
      },
      {
        "value": 74.1
      },
      {
        "value": 81.6
      },
      {
        "value": 900.0
      },
      {
        "value": 85.9
      },
      {
        "value": 82.6
      },
      {
        "value": 88.6
      }
    ],
    [
      {
        "value": 281.0
      },
      {
        "value": 25.0
      },
      {
        "value": 22.0
      },
      {
        "value": 28.3
      },
      {
        "value": 353.0
      },
      {
        "value": 32.9
      },
      {
        "value": 29.1
      },
      {
        "value": 37.0
      }
    ],
    [
      {
        "value": 276.0
      },
      {
        "value": 24.8
      },
      {
        "value": 21.0
      },
      {
        "value": 29.1
      },
      {
        "value": 213.0
      },
      {
        "value": 19.4
      },
      {
        "value": 16.0
      },
      {
        "value": 23.4
      }
    ],
    [
      {
        "value": 230.0
      },
      {
        "value": 22.7
      },
      {
        "value": 19.2
      },
      {
        "value": 26.6
      },
      {
        "value": 168.0
      },
      {
        "value": 16.3
      },
      {
        "value": 13.8
      },
      {
        "value": 19.3
      }
    ],
    [
      {
        "value": 228.0
      },
      {
        "value": 19.8
      },
      {
        "value": 16.7
      },
      {
        "value": 23.3
      },
      {
        "value": 374.0
      },
      {
        "value": 35.7
      },
      {
        "value": 31.6
      },
      {
        "value": 40.0
      }
    ],
    [
      {
        "value": ""
      },
      {
        "value": ""
      },
      {
        "value": ""
      },
      {
        "value": ""
      },
      {
        "value": ""
      },
      {
        "value": ""
      },
      {
        "value": ""
      },
      {
        "value": ""
      }
    ],
    [
      {
        "value": 642.0
      },
      {
        "value": 61.3
      },
      {
        "value": 57.4
      },
      {
        "value": 65.1
      },
      {
        "value": 539.0
      },
      {
        "value": 54.7
      },
      {
        "value": 49.8
      },
      {
        "value": 59.5
      }
    ],
    [
      {
        "value": 338.0
      },
      {
        "value": 33.0
      },
      {
        "value": 29.7
      },
      {
        "value": 36.6
      },
      {
        "value": 278.0
      },
      {
        "value": 23.5
      },
      {
        "value": 20.6
      },
      {
        "value": 26.8
      }
    ],
    [
      {
        "value": ""
      },
      {
        "value": ""
      },
      {
        "value": ""
      },
      {
        "value": ""
      },
      {
        "value": ""
      },
      {
        "value": ""
      },
      {
        "value": ""
      },
      {
        "value": ""
      }
    ],
    [
      {
        "value": 561.0
      },
      {
        "value": 54.0
      },
      {
        "value": 50.1
      },
      {
        "value": 57.9
      },
      {
        "value": 553.0
      },
      {
        "value": 51.8
      },
      {
        "value": 47.4
      },
      {
        "value": 56.1
      }
    ],
    [
      {
        "value": 362.0
      },
      {
        "value": 35.0
      },
      {
        "value": 31.6
      },
      {
        "value": 38.5
      },
      {
        "value": 356.0
      },
      {
        "value": 33.2
      },
      {
        "value": 29.5
      },
      {
        "value": 37.1
      }
    ],
    [
      {
        "value": 127.0
      },
      {
        "value": 11.0
      },
      {
        "value": 8.6
      },
      {
        "value": 13.9
      },
      {
        "value": 152.0
      },
      {
        "value": 15.1
      },
      {
        "value": 12.1
      },
      {
        "value": 18.6
      }
    ],
    [
      {
        "value": ""
      },
      {
        "value": ""
      },
      {
        "value": ""
      },
      {
        "value": ""
      },
      {
        "value": ""
      },
      {
        "value": ""
      },
      {
        "value": ""
      },
      {
        "value": ""
      }
    ],
    [
      {
        "value": 341.0
      },
      {
        "value": 31.5
      },
      {
        "value": 27.4
      },
      {
        "value": 35.9
      },
      {
        "value": 221.0
      },
      {
        "value": 19.8
      },
      {
        "value": 16.2
      },
      {
        "value": 23.8
      }
    ],
    [
      {
        "value": 314.0
      },
      {
        "value": 29.8
      },
      {
        "value": 25.7
      },
      {
        "value": 34.3
      },
      {
        "value": 310.0
      },
      {
        "value": 29.3
      },
      {
        "value": 24.7
      },
      {
        "value": 34.4
      }
    ],
    [
      {
        "value": 719.0
      },
      {
        "value": 68.4
      },
      {
        "value": 64.7
      },
      {
        "value": 71.9
      },
      {
        "value": 840.0
      },
      {
        "value": 80.1
      },
      {
        "value": 77.3
      },
      {
        "value": 82.7
      }
    ],
    [
      {
        "value": 294.0
      },
      {
        "value": 27.7
      },
      {
        "value": 24.4
      },
      {
        "value": 31.4
      },
      {
        "value": 356.0
      },
      {
        "value": 34.6
      },
      {
        "value": 30.5
      },
      {
        "value": 38.9
      }
    ],
    [
      {
        "value": 246.0
      },
      {
        "value": 24.1
      },
      {
        "value": 20.9
      },
      {
        "value": 27.7
      },
      {
        "value": 169.0
      },
      {
        "value": 14.3
      },
      {
        "value": 12.2
      },
      {
        "value": 16.8
      }
    ]
  ]
}