{
  "title": "victims of police-reported violent crime, by victim age and sex, canada, 2017",
  "top_root": {
    "name": "<TOP>",
    "value": "<TOP>",
    "type": "string",
    "line_idx": null,
    "children_dict": [
      {
        "name": "victim sex",
        "value": "victim sex",
        "type": "string",
        "children_dict": [
          {
            "name": "female",
            "value": "female",
            "type": "string",
            "children_dict": [
              {
                "name": "number",
                "value": "number",
                "type": "string",
                "children_dict": [],
                "line_idx": 0
              },
              {
                "name": "rate",
                "value": "rate",
                "type": "string",
                "children_dict": [],
                "line_idx": 1
              }
            ],
            "line_idx": null
          },
          {
            "name": "male",
            "value": "male",
            "type": "string",
            "children_dict": [
              {
                "name": "number",
                "value": "number",
                "type": "string",
                "children_dict": [],
                "line_idx": 2
              },
              {
                "name": "rate",
                "value": "rate",
                "type": "string",
                "children_dict": [],
                "line_idx": 3
              }
            ],
            "line_idx": null
          },
          {
            "name": "total",
            "value": "total",
            "type": "string",
            "children_dict": [
              {
                "name": "number",
                "value": "number",
                "type": "string",
                "children_dict": [],
                "line_idx": 4
              },
              {
                "name": "rate",
                "value": "rate",
                "type": "string",
                "children_dict": [],
                "line_idx": 5
              }
            ],
            "line_idx": null
          }
        ],
        "line_idx": null
      }
    ]
  },
  "left_root": {
    "name": "<LEFT>",
    "value": "<LEFT>",
    "type": "string",
    "line_idx": null,
    "children_dict": [
      {
        "name": "24 and younger",
        "value": "24 and younger",
        "type": "string",
        "children_dict": [
          {
            "name": "11 and younger",
            "value": "11 and younger",
            "type": "string",
            "children_dict": [
              {
                "name": "younger than 1",
                "value": "younger than 1",
                "type": "string",
                "children_dict": [],
                "line_idx": 2
              },
              {
                "name": "1",
                "value": "1",
                "type": "string",
                "children_dict": [],
                "line_idx": 3
              },
              {
                "name": "2",
                "value": "2",
                "type": "string",
                "children_dict": [],
                "line_idx": 4
              },
              {
                "name": "3",
                "value": "3",
                "type": "string",
                "children_dict": [],
                "line_idx": 5
              },
              {
                "name": "4",
                "value": "4",
                "type": "string",
                "children_dict": [],
                "line_idx": 6
              },
              {
                "name": "5",
                "value": "5",
                "type": "string",
                "children_dict": [],
                "line_idx": 7
              },
              {
                "name": "6",
                "value": "6",
                "type": "string",
                "children_dict": [],
                "line_idx": 8
              },
              {
                "name": "7",
                "value": "7",
                "type": "string",
                "children_dict": [],
                "line_idx": 9
              },
              {
                "name": "8",
                "value": "8",
                "type": "string",
                "children_dict": [],
                "line_idx": 10
              },
              {
                "name": "9",
                "value": "9",
                "type": "string",
                "children_dict": [],
                "line_idx": 11
              },
              {
                "name": "10",
                "value": "10",
                "type": "string",
                "children_dict": [],
                "line_idx": 12
              },
              {
                "name": "11",
                "value": "11",
                "type": "string",
                "children_dict": [],
                "line_idx": 13
              }
            ],
            "line_idx": 1
          },
          {
            "name": "12 to 17",
            "value": "12 to 17",
            "type": "string",
            "children_dict": [
              {
                "name": "12",
                "value": "12",
                "type": "string",
                "children_dict": [],
                "line_idx": 15
              },
              {
                "name": "13",
                "value": "13",
                "type": "string",
                "children_dict": [],
                "line_idx": 16
              },
              {
                "name": "14",
                "value": "14",
                "type": "string",
                "children_dict": [],
                "line_idx": 17
              },
              {
                "name": "15",
                "value": "15",
                "type": "string",
                "children_dict": [],
                "line_idx": 18
              },
              {
                "name": "16",
                "value": "16",
                "type": "string",
                "children_dict": [],
                "line_idx": 19
              },
              {
                "name": "17",
                "value": "17",
                "type": "string",
                "children_dict": [],
                "line_idx": 20
              }
            ],
            "line_idx": 14
          },
          {
            "name": "18 to 24",
            "value": "18 to 24",
            "type": "string",
            "children_dict": [
              {
                "name": "18",
                "value": "18",
                "type": "string",
                "children_dict": [],
                "line_idx": 22
              },
              {
                "name": "19",
                "value": "19",
                "type": "string",
                "children_dict": [],
                "line_idx": 23
              },
              {
                "name": "20",
                "value": "20",
                "type": "string",
                "children_dict": [],
                "line_idx": 24
              },
              {
                "name": "21",
                "value": "21",
                "type": "string",
                "children_dict": [],
                "line_idx": 25
              },
              {
                "name": "22",
                "value": "22",
                "type": "string",
                "children_dict": [],
                "line_idx": 26
              },
              {
                "name": "23",
                "value": "23",
                "type": "string",
                "children_dict": [],
                "line_idx": 27
              },
              {
                "name": "24",
                "value": "24",
                "type": "string",
                "children_dict": [],
                "line_idx": 28
              }
            ],
            "line_idx": 21
          }
        ],
        "line_idx": 0
      },
      {
        "name": "25 and older",
        "value": "25 and older",
        "type": "string",
        "children_dict": [],
        "line_idx": 29
      },
      {
        "name": "total",
        "value": "total",
        "type": "string",
        "children_dict": [],
        "line_idx": 30
      }
    ]
  },
  "data": [
    [
      {
        "value": 70058
      },
      {
        "value": 1394
      },
      {
        "value": 54684
      },
      {
        "value": 1030
      },
      {
        "value": 124742
      },
      {
        "value": 1207
      }
    ],
    [
      {
        "value": 8569
      },
      {
        "value": 374
      },
      {
        "value": 8030
      },
      {
        "value": 333
      },
      {
        "value": 16599
      },
      {
        "value": 353
      }
    ],
    [
      {
        "value": 190
      },
      {
        "value": 101
      },
      {
        "value": 245
      },
      {
        "value": 124
      },
      {
        "value": 435
      },
      {
        "value": 113
      }
    ],
    [
      {
        "value": 285
      },
      {
        "value": 151
      },
      {
        "value": 305
      },
      {
        "value": 154
      },
      {
        "value": 590
      },
      {
        "value": 153
      }
    ],
    [
      {
        "value": 324
      },
      {
        "value": 172
      },
      {
        "value": 292
      },
      {
        "value": 147
      },
      {
        "value": 616
      },
      {
        "value": 159
      }
    ],
    [
      {
        "value": 452
      },
      {
        "value": 239
      },
      {
        "value": 405
      },
      {
        "value": 204
      },
      {
        "value": 857
      },
      {
        "value": 221
      }
    ],
    [
      {
        "value": 583
      },
      {
        "value": 307
      },
      {
        "value": 479
      },
      {
        "value": 238
      },
      {
        "value": 1062
      },
      {
        "value": 271
      }
    ],
    [
      {
        "value": 670
      },
      {
        "value": 350
      },
      {
        "value": 628
      },
      {
        "value": 312
      },
      {
        "value": 1298
      },
      {
        "value": 331
      }
    ],
    [
      {
        "value": 793
      },
      {
        "value": 413
      },
      {
        "value": 655
      },
      {
        "value": 325
      },
      {
        "value": 1448
      },
      {
        "value": 368
      }
    ],
    [
      {
        "value": 824
      },
      {
        "value": 423
      },
      {
        "value": 765
      },
      {
        "value": 375
      },
      {
        "value": 1589
      },
      {
        "value": 399
      }
    ],
    [
      {
        "value": 891
      },
      {
        "value": 456
      },
      {
        "value": 851
      },
      {
        "value": 413
      },
      {
        "value": 1742
      },
      {
        "value": 434
      }
    ],
    [
      {
        "value": 979
      },
      {
        "value": 498
      },
      {
        "value": 972
      },
      {
        "value": 473
      },
      {
        "value": 1951
      },
      {
        "value": 485
      }
    ],
    [
      {
        "value": 1142
      },
      {
        "value": 596
      },
      {
        "value": 1132
      },
      {
        "value": 562
      },
      {
        "value": 2274
      },
      {
        "value": 578
      }
    ],
    [
      {
        "value": 1436
      },
      {
        "value": 768
      },
      {
        "value": 1301
      },
      {
        "value": 663
      },
      {
        "value": 2737
      },
      {
        "value": 714
      }
    ],
    [
      {
        "value": 24430
      },
      {
        "value": 2181
      },
      {
        "value": 18207
      },
      {
        "value": 1538
      },
      {
        "value": 42637
      },
      {
        "value": 1851
      }
    ],
    [
      {
        "value": 2283
      },
      {
        "value": 1244
      },
      {
        "value": 1890
      },
      {
        "value": 977
      },
      {
        "value": 4173
      },
      {
        "value": 1107
      }
    ],
    [
      {
        "value": 3461
      },
      {
        "value": 1878
      },
      {
        "value": 2401
      },
      {
        "value": 1235
      },
      {
        "value": 5862
      },
      {
        "value": 1548
      }
    ],
    [
      {
        "value": 4345
      },
      {
        "value": 2378
      },
      {
        "value": 3100
      },
      {
        "value": 1612
      },
      {
        "value": 7445
      },
      {
        "value": 1985
      }
    ],
    [
      {
        "value": 4943
      },
      {
        "value": 2684
      },
      {
        "value": 3402
      },
      {
        "value": 1749
      },
      {
        "value": 8345
      },
      {
        "value": 2204
      }
    ],
    [
      {
        "value": 4598
      },
      {
        "value": 2437
      },
      {
        "value": 3614
      },
      {
        "value": 1804
      },
      {
        "value": 8212
      },
      {
        "value": 2111
      }
    ],
    [
      {
        "value": 4800
      },
      {
        "value": 2438
      },
      {
        "value": 3800
      },
      {
        "value": 1823
      },
      {
        "value": 8600
      },
      {
        "value": 2122
      }
    ],
    [
      {
        "value": 37059
      },
      {
        "value": 2295
      },
      {
        "value": 28447
      },
      {
        "value": 1658
      },
      {
        "value": 65506
      },
      {
        "value": 1967
      }
    ],
    [
      {
        "value": 4908
      },
      {
        "value": 2406
      },
      {
        "value": 3731
      },
      {
        "value": 1728
      },
      {
        "value": 8639
      },
      {
        "value": 2058
      }
    ],
    [
      {
        "value": 5174
      },
      {
        "value": 2375
      },
      {
        "value": 3938
      },
      {
        "value": 1697
      },
      {
        "value": 9112
      },
      {
        "value": 2026
      }
    ],
    [
      {
        "value": 5392
      },
      {
        "value": 2400
      },
      {
        "value": 4155
      },
      {
        "value": 1716
      },
      {
        "value": 9547
      },
      {
        "value": 2045
      }
    ],
    [
      {
        "value": 5385
      },
      {
        "value": 2285
      },
      {
        "value": 4170
      },
      {
        "value": 1668
      },
      {
        "value": 9555
      },
      {
        "value": 1967
      }
    ],
    [
      {
        "value": 5383
      },
      {
        "value": 2239
      },
      {
        "value": 4212
      },
      {
        "value": 1640
      },
      {
        "value": 9595
      },
      {
        "value": 1930
      }
    ],
    [
      {
        "value": 5392
      },
      {
        "value": 2215
      },
      {
        "value": 4124
      },
      {
        "value": 1594
      },
      {
        "value": 9516
      },
      {
        "value": 1895
      }
    ],
    [
      {
        "value": 5425
      },
      {
        "value": 2183
      },
      {
        "value": 4117
      },
      {
        "value": 1583
      },
      {
        "value": 9542
      },
      {
        "value": 1876
      }
    ],
    [
      {
        "value": 115528
      },
      {
        "value": 878
      },
      {
        "value": 110187
      },
      {
        "value": 867
      },
      {
        "value": 225715
      },
      {
        "value": 873
      }
    ],
    [
      {
        "value": 185586
      },
      {
        "value": 1021
      },
      {
        "value": 164871
      },
      {
        "value": 915
      },
      {
        "value": 350457
      },
      {
        "value": 968
      }
    ]
  ]
}