{
  "title": "ethnic groups",
  "top_root": {
    "name": "<TOP>",
    "value": "<TOP>",
    "type": "string",
    "line_idx": null,
    "children_dict": [
      {
        "name": "census 1946",
        "value": "census 1946",
        "type": "string",
        "children_dict": [
          {
            "name": "number",
            "value": "number",
            "type": "string",
            "children_dict": [],
            "line_idx": 0
          },
          {
            "name": "%",
            "value": "%",
            "type": "string",
            "children_dict": [],
            "line_idx": 1
          }
        ],
        "line_idx": null
      },
      {
        "name": "census 1960",
        "value": "census 1960",
        "type": "string",
        "children_dict": [
          {
            "name": "number",
            "value": "number",
            "type": "string",
            "children_dict": [],
            "line_idx": 2
          },
          {
            "name": "%",
            "value": "%",
            "type": "string",
            "children_dict": [],
            "line_idx": 3
          }
        ],
        "line_idx": null
      },
      {
        "name": "census 1980",
        "value": "census 1980",
        "type": "string",
        "children_dict": [
          {
            "name": "number",
            "value": "number",
            "type": "string",
            "children_dict": [],
            "line_idx": 4
          },
          {
            "name": "%",
            "value": "%",
            "type": "string",
            "children_dict": [],
            "line_idx": 5
          }
        ],
        "line_idx": null
      },
      {
        "name": "census 1991",
        "value": "census 1991",
        "type": "string",
        "children_dict": [
          {
            "name": "number",
            "value": "number",
            "type": "string",
            "children_dict": [],
            "line_idx": 6
          },
          {
            "name": "%",
            "value": "%",
            "type": "string",
            "children_dict": [],
            "line_idx": 7
          }
        ],
        "line_idx": null
      },
      {
        "name": "census 2002",
        "value": "census 2002",
        "type": "string",
        "children_dict": [
          {
            "name": "number",
            "value": "number",
            "type": "string",
            "children_dict": [],
            "line_idx": 8
          },
          {
            "name": "%",
            "value": "%",
            "type": "string",
            "children_dict": [],
            "line_idx": 9
          }
        ],
        "line_idx": null
      },
      {
        "name": "census 2012",
        "value": "census 2012",
        "type": "string",
        "children_dict": [
          {
            "name": "number",
            "value": "number",
            "type": "string",
            "children_dict": [],
            "line_idx": 10
          },
          {
            "name": "%",
            "value": "%",
            "type": "string",
            "children_dict": [],
            "line_idx": 11
          }
        ],
        "line_idx": null
      }
    ]
  },
  "left_root": {
    "name": "<LEFT>",
    "value": "<LEFT>",
    "type": "string",
    "line_idx": null,
    "children_dict": [
      {
        "name": "east indian",
        "value": "east indian",
        "type": "string",
        "children_dict": [],
        "line_idx": 0
      },
      {
        "name": "african / black",
        "value": "african / black",
        "type": "string",
        "children_dict": [],
        "line_idx": 1
      },
      {
        "name": "mixed",
        "value": "mixed",
        "type": "string",
        "children_dict": [],
        "line_idx": 2
      },
      {
        "name": "amerindian",
        "value": "amerindian",
        "type": "string",
        "children_dict": [],
        "line_idx": 3
      },
      {
        "name": "white",
        "value": "white",
        "type": "string",
        "children_dict": [],
        "line_idx": 4
      },
      {
        "name": "chinese",
        "value": "chinese",
        "type": "string",
        "children_dict": [],
        "line_idx": 5
      },
      {
        "name": "other",
        "value": "other",
        "type": "string",
        "children_dict": [],
        "line_idx": 6
      },
      {
        "name": "total",
        "value": "total",
        "type": "string",
        "children_dict": [],
        "line_idx": 7
      }
    ]
  },
  "data": [
    [
      {
        "value": 163434.0
      },
      {
        "value": 43.5
      },
      {
        "value": 267840.0
      },
      {
        "value": 47.8
      },
      {
        "value": 394417.0
      },
      {
        "value": 51.9
      },
      {
        "value": 351939.0
      },
      {
        "value": 48.6
      },
      {
        "value": 326277.0
      },
      {
        "value": 43.4
      },
      {
        "value": 297493.0
      },
      {
        "value": 39.8
      }
    ],
    [
      {
        "value": 143385.0
      },
      {
        "value": 38.2
      },
      {
        "value": 183980.0
      },
      {
        "value": 32.8
      },
      {
        "value": 234094.0
      },
      {
        "value": 30.8
      },
      {
        "value": 233465.0
      },
      {
        "value": 32.3
      },
      {
        "value": 227062.0
      },
      {
        "value": 30.2
      },
      {
        "value": 218483.0
      },
      {
        "value": 29.3
      }
    ],
    [
      {
        "value": 37685.0
      },
      {
        "value": 10.0
      },
      {
        "value": 67189.0
      },
      {
        "value": 12.0
      },
      {
        "value": 84764.0
      },
      {
        "value": 11.2
      },
      {
        "value": 87881.0
      },
      {
        "value": 12.1
      },
      {
        "value": 125727.0
      },
      {
        "value": 16.7
      },
      {
        "value": 148532.0
      },
      {
        "value": 19.9
      }
    ],
    [
      {
        "value": 16322.0
      },
      {
        "value": 4.3
      },
      {
        "value": 25.45
      },
      {
        "value": 4.5
      },
      {
        "value": 40343.0
      },
      {
        "value": 5.3
      },
      {
        "value": 46722.0
      },
      {
        "value": 6.5
      },
      {
        "value": 68675.0
      },
      {
        "value": 9.1
      },
      {
        "value": 78492.0
      },
      {
        "value": 10.5
      }
    ],
    [
      {
        "value": 8543.0
      },
      {
        "value": 2.3
      },
      {
        "value": 3218.0
      },
      {
        "value": 0.6
      },
      {
        "value": 3790.0
      },
      {
        "value": 0.5
      },
      {
        "value": 2267.0
      },
      {
        "value": 0.3
      },
      {
        "value": 1974.0
      },
      {
        "value": 0.3
      },
      {
        "value": 2325.0
      },
      {
        "value": 0.3
      }
    ],
    [
      {
        "value": 3567.0
      },
      {
        "value": 0.9
      },
      {
        "value": 4074.0
      },
      {
        "value": 0.7
      },
      {
        "value": 1864.0
      },
      {
        "value": 0.2
      },
      {
        "value": 1290.0
      },
      {
        "value": 0.2
      },
      {
        "value": 1396.0
      },
      {
        "value": 0.2
      },
      {
        "value": 1377.0
      },
      {
        "value": 0.2
      }
    ],
    [
      {
        "value": 2765.0
      },
      {
        "value": 0.7
      },
      {
        "value": 8655.0
      },
      {
        "value": 1.5
      },
      {
        "value": 294.0
      },
      {
        "value": 0.0
      },
      {
        "value": 107.0
      },
      {
        "value": 0.0
      },
      {
        "value": 112.0
      },
      {
        "value": 0.0
      },
      {
        "value": 253.0
      },
      {
        "value": 0.0
      }
    ],
    [
      {
        "value": 375701.0
      },
      {
        "value": 375701.0
      },
      {
        "value": 560406.0
      },
      {
        "value": 560406.0
      },
      {
        "value": 759566.0
      },
      {
        "value": 759566.0
      },
      {
        "value": 723671.0
      },
      {
        "value": 723671.0
      },
      {
        "value": 751223.0
      },
      {
        "value": 751223.0
      },
      {
        "value": 746955.0
      },
      {
        "value": 746955.0
      }
    ]
  ]
}