{
  "title": "studio albums",
  "top_root": {
    "name": "<TOP>",
    "value": "<TOP>",
    "type": "string",
    "line_idx": null,
    "children_dict": [
      {
        "name": "peak chart positions",
        "value": "peak chart positions",
        "type": "string",
        "children_dict": [
          {
            "name": "us",
            "value": "us",
            "type": "string",
            "children_dict": [],
            "line_idx": 0
          },
          {
            "name": "us gospel",
            "value": "us gospel",
            "type": "string",
            "children_dict": [],
            "line_idx": 1
          },
          {
            "name": "us christian",
            "value": "us christian",
            "type": "string",
            "children_dict": [],
            "line_idx": 2
          },
          {
            "name": "us r&b",
            "value": "us r&b",
            "type": "string",
            "children_dict": [],
            "line_idx": 3
          },
          {
            "name": "us indie",
            "value": "us indie",
            "type": "string",
            "children_dict": [],
            "line_idx": 4
          }
        ],
        "line_idx": null
      },
      {
        "name": "certifications",
        "value": "certifications",
        "type": "string",
        "children_dict": [],
        "line_idx": 5
      }
    ]
  },
  "left_root": {
    "name": "<LEFT>",
    "value": "<LEFT>",
    "type": "string",
    "line_idx": null,
    "children_dict": [
      {
        "name": "trin-i-tee 5:7",
        "value": "trin-i-tee 5:7",
        "type": "string",
        "children_dict": [
          {
            "name": "released: july 14, 1998 label: gospocentric format: cd, cassette, digital download",
            "value": "released: july 14, 1998 label: gospocentric format: cd, cassette, digital download",
            "type": "string",
            "children_dict": [],
            "line_idx": 0
          }
        ],
        "line_idx": null
      },
      {
        "name": "spiritual love",
        "value": "spiritual love",
        "type": "string",
        "children_dict": [
          {
            "name": "released: december 28, 1999 label: gospocentric format: cd, cassette, digital download",
            "value": "released: december 28, 1999 label: gospocentric format: cd, cassette, digital download",
            "type": "string",
            "children_dict": [],
            "line_idx": 1
          }
        ],
        "line_idx": null
      },
      {
        "name": "the kiss",
        "value": "the kiss",
        "type": "string",
        "children_dict": [
          {
            "name": "released: august 6, 2002 label: gospocentric format: cd, digital download",
            "value": "released: august 6, 2002 label: gospocentric format: cd, digital download",
            "type": "string",
            "children_dict": [],
            "line_idx": 2
          }
        ],
        "line_idx": null
      },
      {
        "name": "t57",
        "value": "t57",
        "type": "string",
        "children_dict": [
          {
            "name": "released: september 18, 2007 label: spirit rising format: cd, digital download",
            "value": "released: september 18, 2007 label: spirit rising format: cd, digital download",
            "type": "string",
            "children_dict": [],
            "line_idx": 3
          }
        ],
        "line_idx": null
      },
      {
        "name": "angel & chanelle",
        "value": "angel & chanelle",
        "type": "string",
        "children_dict": [
          {
            "name": "released: may 31, 2011 label: music world gospel format: cd, digital download",
            "value": "released: may 31, 2011 label: music world gospel format: cd, digital download",
            "type": "string",
            "children_dict": [],
            "line_idx": 4
          }
        ],
        "line_idx": null
      }
    ]
  },
  "data": [
    [
      {
        "value": 139
      },
      {
        "value": 1
      },
      {
        "value": 2.0
      },
      {
        "value": 20
      },
      {
        "value": "-"
      },
      {
        "value": "riaa: gold"
      }
    ],
    [
      {
        "value": 174
      },
      {
        "value": 1
      },
      {
        "value": 5.0
      },
      {
        "value": 41
      },
      {
        "value": "-"
      },
      {
        "value": "none"
      }
    ],
    [
      {
        "value": 85
      },
      {
        "value": 2
      },
      {
        "value": 3.0
      },
      {
        "value": 15
      },
      {
        "value": "-"
      },
      {
        "value": "none"
      }
    ],
    [
      {
        "value": 102
      },
      {
        "value": 2
      },
      {
        "value": 5.0
      },
      {
        "value": 12
      },
      {
        "value": 11.0
      },
      {
        "value": "none"
      }
    ],
    [
      {
        "value": 20
      },
      {
        "value": 1
      },
      {
        "value": "-"
      },
      {
        "value": 2
      },
      {
        "value": 5.0
      },
      {
        "value": "none"
      }
    ]
  ]
}