{
  "title": "singles",
  "top_root": {
    "name": "<TOP>",
    "value": "<TOP>",
    "type": "string",
    "line_idx": null,
    "children_dict": [
      {
        "name": "peak chart positions",
        "value": "peak chart positions",
        "type": "string",
        "children_dict": [
          {
            "name": "uk",
            "value": "uk",
            "type": "string",
            "children_dict": [],
            "line_idx": 0
          },
          {
            "name": "bel",
            "value": "bel",
            "type": "string",
            "children_dict": [],
            "line_idx": 1
          },
          {
            "name": "ger",
            "value": "ger",
            "type": "string",
            "children_dict": [],
            "line_idx": 2
          },
          {
            "name": "ita",
            "value": "ita",
            "type": "string",
            "children_dict": [],
            "line_idx": 3
          },
          {
            "name": "us alt",
            "value": "us alt",
            "type": "string",
            "children_dict": [],
            "line_idx": 4
          }
        ],
        "line_idx": null
      },
      {
        "name": "album",
        "value": "album",
        "type": "string",
        "children_dict": [],
        "line_idx": 5
      }
    ]
  },
  "left_root": {
    "name": "<LEFT>",
    "value": "<LEFT>",
    "type": "string",
    "line_idx": null,
    "children_dict": [
      {
        "name": "2004",
        "value": "2004",
        "type": "string",
        "children_dict": [
          {
            "name": "none",
            "value": "none",
            "type": "string",
            "children_dict": [],
            "line_idx": 0
          },
          {
            "name": "at 1am",
            "value": "at 1am",
            "type": "string",
            "children_dict": [],
            "line_idx": 1
          }
        ],
        "line_idx": null
      },
      {
        "name": "2005",
        "value": "2005",
        "type": "string",
        "children_dict": [
          {
            "name": "oh yeah",
            "value": "oh yeah",
            "type": "string",
            "children_dict": [],
            "line_idx": 2
          },
          {
            "name": "rock & roll queen",
            "value": "rock & roll queen",
            "type": "string",
            "children_dict": [],
            "line_idx": 3
          },
          {
            "name": "with you",
            "value": "with you",
            "type": "string",
            "children_dict": [],
            "line_idx": 4
          },
          {
            "name": "no goodbyes",
            "value": "no goodbyes",
            "type": "string",
            "children_dict": [],
            "line_idx": 5
          }
        ],
        "line_idx": null
      },
      {
        "name": "2008",
        "value": "2008",
        "type": "string",
        "children_dict": [
          {
            "name": "girls & boys",
            "value": "girls & boys",
            "type": "string",
            "children_dict": [],
            "line_idx": 6
          },
          {
            "name": "alright",
            "value": "alright",
            "type": "string",
            "children_dict": [],
            "line_idx": 7
          },
          {
            "name": "i won't let you down",
            "value": "i won't let you down",
            "type": "string",
            "children_dict": [],
            "line_idx": 8
          }
        ],
        "line_idx": null
      },
      {
        "name": "2011",
        "value": "2011",
        "type": "string",
        "children_dict": [
          {
            "name": "we don't need money to have a good time",
            "value": "we don't need money to have a good time",
            "type": "string",
            "children_dict": [],
            "line_idx": 9
          }
        ],
        "line_idx": null
      },
      {
        "name": "2012",
        "value": "2012",
        "type": "string",
        "children_dict": [
          {
            "name": "it's a party!",
            "value": "it's a party!",
            "type": "string",
            "children_dict": [],
            "line_idx": 10
          },
          {
            "name": "kiss kiss bang bang",
            "value": "kiss kiss bang bang",
            "type": "string",
            "children_dict": [],
            "line_idx": 11
          }
        ],
        "line_idx": null
      },
      {
        "name": "2014",
        "value": "2014",
        "type": "string",
        "children_dict": [
          {
            "name": "my heart is pumping to a brand new beat",
            "value": "my heart is pumping to a brand new beat",
            "type": "string",
            "children_dict": [],
            "line_idx": 12
          },
          {
            "name": "i'm in love and it's burning in my soul",
            "value": "i'm in love and it's burning in my soul",
            "type": "string",
            "children_dict": [],
            "line_idx": 13
          }
        ],
        "line_idx": null
      },
      {
        "name": "2015",
        "value": "2015",
        "type": "string",
        "children_dict": [
          {
            "name": "taking all the blame",
            "value": "taking all the blame",
            "type": "string",
            "children_dict": [],
            "line_idx": 14
          }
        ],
        "line_idx": null
      },
      {
        "name": "\"-\" denotes releases that did not chart or were not released in that territory",
        "value": "\"-\" denotes releases that did not chart or were not released in that territory",
        "type": "string",
        "children_dict": [],
        "line_idx": 15
      }
    ]
  },
  "data": [
    [
      {
        "value": "none"
      },
      {
        "value": "none"
      },
      {
        "value": "none"
      },
      {
        "value": "none"
      },
      {
        "value": "none"
      },
      {
        "value": "none"
      }
    ],
    [
      {
        "value": "-"
      },
      {
        "value": "-"
      },
      {
        "value": "-"
      },
      {
        "value": "-"
      },
      {
        "value": "-"
      },
      {
        "value": "young for eternity"
      }
    ],
    [
      {
        "value": 25.0
      },
      {
        "value": "-"
      },
      {
        "value": "-"
      },
      {
        "value": "-"
      },
      {
        "value": "-"
      },
      {
        "value": "young for eternity"
      }
    ],
    [
      {
        "value": 22.0
      },
      {
        "value": "-"
      },
      {
        "value": 92.0
      },
      {
        "value": 37.0
      },
      {
        "value": 29.0
      },
      {
        "value": "young for eternity"
      }
    ],
    [
      {
        "value": 29.0
      },
      {
        "value": "-"
      },
      {
        "value": "-"
      },
      {
        "value": "-"
      },
      {
        "value": "-"
      },
      {
        "value": "young for eternity"
      }
    ],
    [
      {
        "value": 27.0
      },
      {
        "value": "-"
      },
      {
        "value": "-"
      },
      {
        "value": "-"
      },
      {
        "value": "-"
      },
      {
        "value": "young for eternity"
      }
    ],
    [
      {
        "value": "-"
      },
      {
        "value": "-"
      },
      {
        "value": "-"
      },
      {
        "value": "-"
      },
      {
        "value": "-"
      },
      {
        "value": "all or nothing"
      }
    ],
    [
      {
        "value": 44.0
      },
      {
        "value": "-"
      },
      {
        "value": "-"
      },
      {
        "value": "-"
      },
      {
        "value": "-"
      },
      {
        "value": "all or nothing"
      }
    ],
    [
      {
        "value": 137.0
      },
      {
        "value": "-"
      },
      {
        "value": "-"
      },
      {
        "value": "-"
      },
      {
        "value": "-"
      },
      {
        "value": "all or nothing"
      }
    ],
    [
      {
        "value": "-"
      },
      {
        "value": 63.0
      },
      {
        "value": "-"
      },
      {
        "value": "-"
      },
      {
        "value": "-"
      },
      {
        "value": "money and celebrity"
      }
    ],
    [
      {
        "value": "-"
      },
      {
        "value": "-"
      },
      {
        "value": "-"
      },
      {
        "value": "-"
      },
      {
        "value": "-"
      },
      {
        "value": "money and celebrity"
      }
    ],
    [
      {
        "value": "-"
      },
      {
        "value": "-"
      },
      {
        "value": "-"
      },
      {
        "value": "-"
      },
      {
        "value": "-"
      },
      {
        "value": "money and celebrity"
      }
    ],
    [
      {
        "value": "-"
      },
      {
        "value": "-"
      },
      {
        "value": "-"
      },
      {
        "value": "-"
      },
      {
        "value": "-"
      },
      {
        "value": "the subways"
      }
    ],
    [
      {
        "value": "-"
      },
      {
        "value": "-"
      },
      {
        "value": "-"
      },
      {
        "value": "-"
      },
      {
        "value": "-"
      },
      {
        "value": "the subways"
      }
    ],
    [
      {
        "value": "-"
      },
      {
        "value": "-"
      },
      {
        "value": "-"
      },
      {
        "value": "-"
      },
      {
        "value": "-"
      },
      {
        "value": "the subways"
      }
    ],
    [
      {
        "value": ""
      },
      {
        "value": ""
      },
      {
        "value": ""
      },
      {
        "value": ""
      },
      {
        "value": ""
      },
      {
        "value": ""
      }
    ]
  ]
}