{
  "title": "nfl statistics",
  "top_root": {
    "name": "<TOP>",
    "value": "<TOP>",
    "type": "string",
    "line_idx": null,
    "children_dict": [
      {
        "name": "games",
        "value": "games",
        "type": "string",
        "children_dict": [
          {
            "name": "gp",
            "value": "gp",
            "type": "string",
            "children_dict": [],
            "line_idx": 0
          },
          {
            "name": "gs",
            "value": "gs",
            "type": "string",
            "children_dict": [],
            "line_idx": 1
          }
        ],
        "line_idx": null
      },
      {
        "name": "rushing",
        "value": "rushing",
        "type": "string",
        "children_dict": [
          {
            "name": "att",
            "value": "att",
            "type": "string",
            "children_dict": [],
            "line_idx": 2
          },
          {
            "name": "yds",
            "value": "yds",
            "type": "string",
            "children_dict": [],
            "line_idx": 3
          },
          {
            "name": "avg",
            "value": "avg",
            "type": "string",
            "children_dict": [],
            "line_idx": 4
          },
          {
            "name": "lng",
            "value": "lng",
            "type": "string",
            "children_dict": [],
            "line_idx": 5
          },
          {
            "name": "td",
            "value": "td",
            "type": "string",
            "children_dict": [],
            "line_idx": 6
          }
        ],
        "line_idx": null
      },
      {
        "name": "receiving",
        "value": "receiving",
        "type": "string",
        "children_dict": [
          {
            "name": "rec",
            "value": "rec",
            "type": "string",
            "children_dict": [],
            "line_idx": 7
          },
          {
            "name": "yds",
            "value": "yds",
            "type": "string",
            "children_dict": [],
            "line_idx": 8
          },
          {
            "name": "avg",
            "value": "avg",
            "type": "string",
            "children_dict": [],
            "line_idx": 9
          },
          {
            "name": "lng",
            "value": "lng",
            "type": "string",
            "children_dict": [],
            "line_idx": 10
          },
          {
            "name": "td",
            "value": "td",
            "type": "string",
            "children_dict": [],
            "line_idx": 11
          }
        ],
        "line_idx": null
      },
      {
        "name": "returning",
        "value": "returning",
        "type": "string",
        "children_dict": [
          {
            "name": "ret",
            "value": "ret",
            "type": "string",
            "children_dict": [],
            "line_idx": 12
          },
          {
            "name": "yds",
            "value": "yds",
            "type": "string",
            "children_dict": [],
            "line_idx": 13
          },
          {
            "name": "avg",
            "value": "avg",
            "type": "string",
            "children_dict": [],
            "line_idx": 14
          },
          {
            "name": "lng",
            "value": "lng",
            "type": "string",
            "children_dict": [],
            "line_idx": 15
          },
          {
            "name": "td",
            "value": "td",
            "type": "string",
            "children_dict": [],
            "line_idx": 16
          }
        ],
        "line_idx": null
      },
      {
        "name": "fumbles",
        "value": "fumbles",
        "type": "string",
        "children_dict": [
          {
            "name": "fumb",
            "value": "fumb",
            "type": "string",
            "children_dict": [],
            "line_idx": 17
          },
          {
            "name": "lost",
            "value": "lost",
            "type": "string",
            "children_dict": [],
            "line_idx": 18
          }
        ],
        "line_idx": null
      }
    ]
  },
  "left_root": {
    "name": "<LEFT>",
    "value": "<LEFT>",
    "type": "string",
    "line_idx": null,
    "children_dict": [
      {
        "name": "2015",
        "value": "2015",
        "type": "string",
        "children_dict": [
          {
            "name": "cle",
            "value": "cle",
            "type": "string",
            "children_dict": [],
            "line_idx": 0
          },
          {
            "name": "mia",
            "value": "mia",
            "type": "string",
            "children_dict": [],
            "line_idx": 1
          },
          {
            "name": "bal",
            "value": "bal",
            "type": "string",
            "children_dict": [],
            "line_idx": 2
          }
        ],
        "line_idx": null
      },
      {
        "name": "2016",
        "value": "2016",
        "type": "string",
        "children_dict": [
          {
            "name": "chi",
            "value": "chi",
            "type": "string",
            "children_dict": [],
            "line_idx": 3
          },
          {
            "name": "sf",
            "value": "sf",
            "type": "string",
            "children_dict": [],
            "line_idx": 4
          }
        ],
        "line_idx": null
      },
      {
        "name": "2017",
        "value": "2017",
        "type": "string",
        "children_dict": [
          {
            "name": "sf",
            "value": "sf",
            "type": "string",
            "children_dict": [],
            "line_idx": 5
          }
        ],
        "line_idx": null
      },
      {
        "name": "2018",
        "value": "2018",
        "type": "string",
        "children_dict": [
          {
            "name": "sf",
            "value": "sf",
            "type": "string",
            "children_dict": [],
            "line_idx": 6
          }
        ],
        "line_idx": null
      },
      {
        "name": "career",
        "value": "career",
        "type": "string",
        "children_dict": [],
        "line_idx": 7
      }
    ]
  },
  "data": [
    [
      {
        "value": 3
      },
      {
        "value": 0
      },
      {
        "value": 0
      },
      {
        "value": 0
      },
      {
        "value": 0.0
      },
      {
        "value": 0.0
      },
      {
        "value": 0
      },
      {
        "value": 0
      },
      {
        "value": 0
      },
      {
        "value": 0.0
      },
      {
        "value": 0
      },
      {
        "value": 0
      },
      {
        "value": 12
      },
      {
        "value": 309
      },
      {
        "value": 25.8
      },
      {
        "value": 53
      },
      {
        "value": 0
      },
      {
        "value": 1
      },
      {
        "value": 1
      }
    ],
    [
      {
        "value": 1
      },
      {
        "value": 0
      },
      {
        "value": 0
      },
      {
        "value": 0
      },
      {
        "value": 0.0
      },
      {
        "value": 0.0
      },
      {
        "value": 0
      },
      {
        "value": 0
      },
      {
        "value": 0
      },
      {
        "value": 0.0
      },
      {
        "value": 0
      },
      {
        "value": 0
      },
      {
        "value": 2
      },
      {
        "value": 57
      },
      {
        "value": 28.5
      },
      {
        "value": 32
      },
      {
        "value": 0
      },
      {
        "value": 0
      },
      {
        "value": 0
      }
    ],
    [
      {
        "value": 7
      },
      {
        "value": 0
      },
      {
        "value": 0
      },
      {
        "value": 0
      },
      {
        "value": 0.0
      },
      {
        "value": 0.0
      },
      {
        "value": 0
      },
      {
        "value": 0
      },
      {
        "value": 0
      },
      {
        "value": 0.0
      },
      {
        "value": 0
      },
      {
        "value": 0
      },
      {
        "value": 5
      },
      {
        "value": 164
      },
      {
        "value": 32.8
      },
      {
        "value": 50
      },
      {
        "value": 0
      },
      {
        "value": 0
      },
      {
        "value": 0
      }
    ],
    [
      {
        "value": 2
      },
      {
        "value": 0
      },
      {
        "value": 0
      },
      {
        "value": 0
      },
      {
        "value": 0.0
      },
      {
        "value": 0.0
      },
      {
        "value": 0
      },
      {
        "value": 0
      },
      {
        "value": 0
      },
      {
        "value": 0.0
      },
      {
        "value": 0
      },
      {
        "value": 0
      },
      {
        "value": 0
      },
      {
        "value": 0
      },
      {
        "value": 0.0
      },
      {
        "value": 0
      },
      {
        "value": 0
      },
      {
        "value": 0
      },
      {
        "value": 0
      }
    ],
    [
      {
        "value": 1
      },
      {
        "value": 0
      },
      {
        "value": 1
      },
      {
        "value": 6
      },
      {
        "value": 6.0
      },
      {
        "value": 6.0
      },
      {
        "value": 0
      },
      {
        "value": 0
      },
      {
        "value": 0
      },
      {
        "value": 0.0
      },
      {
        "value": 0
      },
      {
        "value": 0
      },
      {
        "value": 3
      },
      {
        "value": 68
      },
      {
        "value": 22.7
      },
      {
        "value": 33
      },
      {
        "value": 0
      },
      {
        "value": 0
      },
      {
        "value": 0
      }
    ],
    [
      {
        "value": 11
      },
      {
        "value": 0
      },
      {
        "value": 6
      },
      {
        "value": 30
      },
      {
        "value": 5.0
      },
      {
        "value": 16.0
      },
      {
        "value": 0
      },
      {
        "value": 0
      },
      {
        "value": 0
      },
      {
        "value": 0.0
      },
      {
        "value": 0
      },
      {
        "value": 0
      },
      {
        "value": 5
      },
      {
        "value": 83
      },
      {
        "value": 16.6
      },
      {
        "value": 21
      },
      {
        "value": 0
      },
      {
        "value": 1
      },
      {
        "value": 1
      }
    ],
    [
      {
        "value": 9
      },
      {
        "value": 0
      },
      {
        "value": 34
      },
      {
        "value": 261
      },
      {
        "value": 7.7
      },
      {
        "value": "52t"
      },
      {
        "value": 1
      },
      {
        "value": 6
      },
      {
        "value": 25
      },
      {
        "value": 4.2
      },
      {
        "value": 23
      },
      {
        "value": 0
      },
      {
        "value": 0
      },
      {
        "value": 0
      },
      {
        "value": 0.0
      },
      {
        "value": 0
      },
      {
        "value": 0
      },
      {
        "value": 1
      },
      {
        "value": 1
      }
    ],
    [
      {
        "value": 34
      },
      {
        "value": 0
      },
      {
        "value": 41
      },
      {
        "value": 297
      },
      {
        "value": 7.2
      },
      {
        "value": "52t"
      },
      {
        "value": 1
      },
      {
        "value": 6
      },
      {
        "value": 25
      },
      {
        "value": 4.2
      },
      {
        "value": 23
      },
      {
        "value": 0
      },
      {
        "value": 27
      },
      {
        "value": 681
      },
      {
        "value": 25.2
      },
      {
        "value": 53
      },
      {
        "value": 0
      },
      {
        "value": 3
      },
      {
        "value": 3
      }
    ]
  ]
}