{
  "title": "statistics",
  "top_root": {
    "name": "<TOP>",
    "value": "<TOP>",
    "type": "string",
    "line_idx": null,
    "children_dict": [
      {
        "name": "games",
        "value": "games",
        "type": "string",
        "children_dict": [
          {
            "name": "gp",
            "value": "gp",
            "type": "string",
            "children_dict": [],
            "line_idx": 0
          },
          {
            "name": "gs",
            "value": "gs",
            "type": "string",
            "children_dict": [],
            "line_idx": 1
          }
        ],
        "line_idx": null
      },
      {
        "name": "tackles",
        "value": "tackles",
        "type": "string",
        "children_dict": [
          {
            "name": "comb",
            "value": "comb",
            "type": "string",
            "children_dict": [],
            "line_idx": 2
          },
          {
            "name": "solo",
            "value": "solo",
            "type": "string",
            "children_dict": [],
            "line_idx": 3
          },
          {
            "name": "ast",
            "value": "ast",
            "type": "string",
            "children_dict": [],
            "line_idx": 4
          },
          {
            "name": "sck",
            "value": "sck",
            "type": "string",
            "children_dict": [],
            "line_idx": 5
          },
          {
            "name": "sfty",
            "value": "sfty",
            "type": "string",
            "children_dict": [],
            "line_idx": 6
          }
        ],
        "line_idx": null
      },
      {
        "name": "interceptions",
        "value": "interceptions",
        "type": "string",
        "children_dict": [
          {
            "name": "pdef",
            "value": "pdef",
            "type": "string",
            "children_dict": [],
            "line_idx": 7
          },
          {
            "name": "int",
            "value": "int",
            "type": "string",
            "children_dict": [],
            "line_idx": 8
          },
          {
            "name": "yds",
            "value": "yds",
            "type": "string",
            "children_dict": [],
            "line_idx": 9
          },
          {
            "name": "avg",
            "value": "avg",
            "type": "string",
            "children_dict": [],
            "line_idx": 10
          },
          {
            "name": "lng",
            "value": "lng",
            "type": "string",
            "children_dict": [],
            "line_idx": 11
          },
          {
            "name": "td",
            "value": "td",
            "type": "string",
            "children_dict": [],
            "line_idx": 12
          }
        ],
        "line_idx": null
      },
      {
        "name": "fumbles",
        "value": "fumbles",
        "type": "string",
        "children_dict": [
          {
            "name": "ff",
            "value": "ff",
            "type": "string",
            "children_dict": [],
            "line_idx": 13
          },
          {
            "name": "fr",
            "value": "fr",
            "type": "string",
            "children_dict": [],
            "line_idx": 14
          }
        ],
        "line_idx": null
      }
    ]
  },
  "left_root": {
    "name": "<LEFT>",
    "value": "<LEFT>",
    "type": "string",
    "line_idx": null,
    "children_dict": [
      {
        "name": "2014",
        "value": "2014",
        "type": "string",
        "children_dict": [
          {
            "name": "bal",
            "value": "bal",
            "type": "string",
            "children_dict": [],
            "line_idx": 0
          }
        ],
        "line_idx": null
      },
      {
        "name": "2015",
        "value": "2015",
        "type": "string",
        "children_dict": [
          {
            "name": "bal",
            "value": "bal",
            "type": "string",
            "children_dict": [],
            "line_idx": 1
          }
        ],
        "line_idx": null
      },
      {
        "name": "2016",
        "value": "2016",
        "type": "string",
        "children_dict": [
          {
            "name": "bal",
            "value": "bal",
            "type": "string",
            "children_dict": [],
            "line_idx": 2
          }
        ],
        "line_idx": null
      },
      {
        "name": "2017",
        "value": "2017",
        "type": "string",
        "children_dict": [
          {
            "name": "bal",
            "value": "bal",
            "type": "string",
            "children_dict": [],
            "line_idx": 3
          }
        ],
        "line_idx": null
      },
      {
        "name": "2018",
        "value": "2018",
        "type": "string",
        "children_dict": [
          {
            "name": "bal",
            "value": "bal",
            "type": "string",
            "children_dict": [],
            "line_idx": 4
          }
        ],
        "line_idx": null
      },
      {
        "name": "total",
        "value": "total",
        "type": "string",
        "children_dict": [],
        "line_idx": 5
      }
    ]
  },
  "data": [
    [
      {
        "value": 16
      },
      {
        "value": 16
      },
      {
        "value": 133
      },
      {
        "value": 89
      },
      {
        "value": 44
      },
      {
        "value": 3.0
      },
      {
        "value": "-"
      },
      {
        "value": 8
      },
      {
        "value": 2
      },
      {
        "value": 23
      },
      {
        "value": 11.5
      },
      {
        "value": 18
      },
      {
        "value": 0
      },
      {
        "value": 1
      },
      {
        "value": 1
      }
    ],
    [
      {
        "value": 16
      },
      {
        "value": 16
      },
      {
        "value": 117
      },
      {
        "value": 77
      },
      {
        "value": 40
      },
      {
        "value": 4.0
      },
      {
        "value": "-"
      },
      {
        "value": 7
      },
      {
        "value": 0
      },
      {
        "value": 0
      },
      {
        "value": 0.0
      },
      {
        "value": 0
      },
      {
        "value": 0
      },
      {
        "value": 1
      },
      {
        "value": 2
      }
    ],
    [
      {
        "value": 14
      },
      {
        "value": 14
      },
      {
        "value": 92
      },
      {
        "value": 56
      },
      {
        "value": 36
      },
      {
        "value": 0.0
      },
      {
        "value": "-"
      },
      {
        "value": 8
      },
      {
        "value": 4
      },
      {
        "value": 40
      },
      {
        "value": 10.0
      },
      {
        "value": 28
      },
      {
        "value": 0
      },
      {
        "value": 1
      },
      {
        "value": 0
      }
    ],
    [
      {
        "value": 16
      },
      {
        "value": 16
      },
      {
        "value": 132
      },
      {
        "value": 96
      },
      {
        "value": 36
      },
      {
        "value": 1.0
      },
      {
        "value": "-"
      },
      {
        "value": 7
      },
      {
        "value": 2
      },
      {
        "value": 94
      },
      {
        "value": 47.0
      },
      {
        "value": 63
      },
      {
        "value": 1
      },
      {
        "value": 3
      },
      {
        "value": 2
      }
    ],
    [
      {
        "value": 15
      },
      {
        "value": 15
      },
      {
        "value": 105
      },
      {
        "value": 70
      },
      {
        "value": 35
      },
      {
        "value": 0.5
      },
      {
        "value": "-"
      },
      {
        "value": 5
      },
      {
        "value": 1
      },
      {
        "value": 0
      },
      {
        "value": 0.0
      },
      {
        "value": 0
      },
      {
        "value": 0
      },
      {
        "value": 0
      },
      {
        "value": 0
      }
    ],
    [
      {
        "value": 77
      },
      {
        "value": 77
      },
      {
        "value": 579
      },
      {
        "value": 388
      },
      {
        "value": 191
      },
      {
        "value": 8.5
      },
      {
        "value": "-"
      },
      {
        "value": 35
      },
      {
        "value": 9
      },
      {
        "value": 157
      },
      {
        "value": 17.4
      },
      {
        "value": 63
      },
      {
        "value": 1
      },
      {
        "value": 6
      },
      {
        "value": 5
      }
    ]
  ]
}