{
  "title": "statistics",
  "top_root": {
    "name": "<TOP>",
    "value": "<TOP>",
    "type": "string",
    "line_idx": null,
    "children_dict": [
      {
        "name": "rushing",
        "value": "rushing",
        "type": "string",
        "children_dict": [
          {
            "name": "attempts",
            "value": "attempts",
            "type": "string",
            "children_dict": [],
            "line_idx": 0
          },
          {
            "name": "yards",
            "value": "yards",
            "type": "string",
            "children_dict": [],
            "line_idx": 1
          },
          {
            "name": "average",
            "value": "average",
            "type": "string",
            "children_dict": [],
            "line_idx": 2
          },
          {
            "name": "td",
            "value": "td",
            "type": "string",
            "children_dict": [],
            "line_idx": 3
          }
        ],
        "line_idx": null
      },
      {
        "name": "receiving",
        "value": "receiving",
        "type": "string",
        "children_dict": [
          {
            "name": "receptions",
            "value": "receptions",
            "type": "string",
            "children_dict": [],
            "line_idx": 4
          },
          {
            "name": "yards",
            "value": "yards",
            "type": "string",
            "children_dict": [],
            "line_idx": 5
          },
          {
            "name": "average",
            "value": "average",
            "type": "string",
            "children_dict": [],
            "line_idx": 6
          },
          {
            "name": "td",
            "value": "td",
            "type": "string",
            "children_dict": [],
            "line_idx": 7
          }
        ],
        "line_idx": null
      }
    ]
  },
  "left_root": {
    "name": "<LEFT>",
    "value": "<LEFT>",
    "type": "string",
    "line_idx": null,
    "children_dict": [
      {
        "name": "2007",
        "value": "2007",
        "type": "string",
        "children_dict": [],
        "line_idx": 0
      },
      {
        "name": "2008",
        "value": "2008",
        "type": "string",
        "children_dict": [],
        "line_idx": 1
      },
      {
        "name": "2009",
        "value": "2009",
        "type": "string",
        "children_dict": [],
        "line_idx": 2
      },
      {
        "name": "2011",
        "value": "2011",
        "type": "string",
        "children_dict": [],
        "line_idx": 3
      },
      {
        "name": "total",
        "value": "total",
        "type": "string",
        "children_dict": [],
        "line_idx": 4
      }
    ]
  },
  "data": [
    [
      {
        "value": 0.0
      },
      {
        "value": 0.0
      },
      {
        "value": 0.0
      },
      {
        "value": 0.0
      },
      {
        "value": 3.0
      },
      {
        "value": 33.0
      },
      {
        "value": 11.0
      },
      {
        "value": 0.0
      }
    ],
    [
      {
        "value": 118.0
      },
      {
        "value": 412.0
      },
      {
        "value": 3.5
      },
      {
        "value": 5.0
      },
      {
        "value": 24.0
      },
      {
        "value": 178.0
      },
      {
        "value": 7.4
      },
      {
        "value": 1.0
      }
    ],
    [
      {
        "value": 0.0
      },
      {
        "value": 0.0
      },
      {
        "value": 0.0
      },
      {
        "value": 0.0
      },
      {
        "value": 18.0
      },
      {
        "value": 215.0
      },
      {
        "value": 11.9
      },
      {
        "value": 2.0
      }
    ],
    [
      {
        "value": 31.0
      },
      {
        "value": 98.0
      },
      {
        "value": 3.2
      },
      {
        "value": 4.0
      },
      {
        "value": 31.0
      },
      {
        "value": 405.0
      },
      {
        "value": 13.1
      },
      {
        "value": 5.0
      }
    ],
    [
      {
        "value": 149.0
      },
      {
        "value": 510.0
      },
      {
        "value": 3.4
      },
      {
        "value": 9.0
      },
      {
        "value": 76.0
      },
      {
        "value": 831.0
      },
      {
        "value": 10.9
      },
      {
        "value": 8.0
      }
    ]
  ]
}