{
  "title": "singles",
  "top_root": {
    "name": "<TOP>",
    "value": "<TOP>",
    "type": "string",
    "line_idx": null,
    "children_dict": [
      {
        "name": "chart positions",
        "value": "chart positions",
        "type": "string",
        "children_dict": [
          {
            "name": "oricon weekly singles chart",
            "value": "oricon weekly singles chart",
            "type": "string",
            "children_dict": [],
            "line_idx": 0
          },
          {
            "name": "billboard japan hot 100",
            "value": "billboard japan hot 100",
            "type": "string",
            "children_dict": [],
            "line_idx": 1
          },
          {
            "name": "riaj digital track chart",
            "value": "riaj digital track chart",
            "type": "string",
            "children_dict": [],
            "line_idx": 2
          }
        ],
        "line_idx": null
      },
      {
        "name": "sales",
        "value": "sales",
        "type": "string",
        "children_dict": [
          {
            "name": "first week",
            "value": "first week",
            "type": "string",
            "children_dict": [],
            "line_idx": 3
          },
          {
            "name": "total",
            "value": "total",
            "type": "string",
            "children_dict": [],
            "line_idx": 4
          }
        ],
        "line_idx": null
      }
    ]
  },
  "left_root": {
    "name": "<LEFT>",
    "value": "<LEFT>",
    "type": "string",
    "line_idx": null,
    "children_dict": [
      {
        "name": "dear j",
        "value": "dear j",
        "type": "string",
        "children_dict": [
          {
            "name": "january 26, 2011",
            "value": "january 26, 2011",
            "type": "string",
            "children_dict": [],
            "line_idx": 0
          }
        ],
        "line_idx": null
      },
      {
        "name": "fui ni",
        "value": "fui ni",
        "type": "string",
        "children_dict": [
          {
            "name": "july 13, 2011",
            "value": "july 13, 2011",
            "type": "string",
            "children_dict": [],
            "line_idx": 1
          }
        ],
        "line_idx": null
      },
      {
        "name": "10nen go no kimi e",
        "value": "10nen go no kimi e",
        "type": "string",
        "children_dict": [
          {
            "name": "april 26, 2012",
            "value": "april 26, 2012",
            "type": "string",
            "children_dict": [],
            "line_idx": 2
          }
        ],
        "line_idx": null
      },
      {
        "name": "1%",
        "value": "1%",
        "type": "string",
        "children_dict": [
          {
            "name": "june 12, 2013",
            "value": "june 12, 2013",
            "type": "string",
            "children_dict": [],
            "line_idx": 3
          }
        ],
        "line_idx": null
      },
      {
        "name": "little",
        "value": "little",
        "type": "string",
        "children_dict": [
          {
            "name": "february 5, 2014",
            "value": "february 5, 2014",
            "type": "string",
            "children_dict": [],
            "line_idx": 4
          }
        ],
        "line_idx": null
      },
      {
        "name": "come party!",
        "value": "come party!",
        "type": "string",
        "children_dict": [
          {
            "name": "december 17, 2014",
            "value": "december 17, 2014",
            "type": "string",
            "children_dict": [],
            "line_idx": 5
          }
        ],
        "line_idx": null
      },
      {
        "name": "gimme gimme luv",
        "value": "gimme gimme luv",
        "type": "string",
        "children_dict": [
          {
            "name": "july 1, 2015",
            "value": "july 1, 2015",
            "type": "string",
            "children_dict": [],
            "line_idx": 6
          }
        ],
        "line_idx": null
      },
      {
        "name": "hide & seek",
        "value": "hide & seek",
        "type": "string",
        "children_dict": [
          {
            "name": "april 20, 2016",
            "value": "april 20, 2016",
            "type": "string",
            "children_dict": [],
            "line_idx": 7
          }
        ],
        "line_idx": null
      },
      {
        "name": "#iine!",
        "value": "#iine!",
        "type": "string",
        "children_dict": [
          {
            "name": "may 17, 2017",
            "value": "may 17, 2017",
            "type": "string",
            "children_dict": [],
            "line_idx": 8
          }
        ],
        "line_idx": null
      },
      {
        "name": "just as i am",
        "value": "just as i am",
        "type": "string",
        "children_dict": [
          {
            "name": "february 28, 2018",
            "value": "february 28, 2018",
            "type": "string",
            "children_dict": [],
            "line_idx": 9
          }
        ],
        "line_idx": null
      },
      {
        "name": "suki. toiukoto",
        "value": "suki. toiukoto",
        "type": "string",
        "children_dict": [
          {
            "name": "february 13, 2019",
            "value": "february 13, 2019",
            "type": "string",
            "children_dict": [],
            "line_idx": 10
          }
        ],
        "line_idx": null
      }
    ]
  },
  "data": [
    [
      {
        "value": 2.0
      },
      {
        "value": 2.0
      },
      {
        "value": 1.0
      },
      {
        "value": 162871.0
      },
      {
        "value": 216781.0
      }
    ],
    [
      {
        "value": 1.0
      },
      {
        "value": 1.0
      },
      {
        "value": 8.0
      },
      {
        "value": 90103.0
      },
      {
        "value": 115497.0
      }
    ],
    [
      {
        "value": 2.0
      },
      {
        "value": 2.0
      },
      {
        "value": 3.0
      },
      {
        "value": 72911.0
      },
      {
        "value": 94059.0
      }
    ],
    [
      {
        "value": 4.0
      },
      {
        "value": 4.0
      },
      {
        "value": "none"
      },
      {
        "value": 44630.0
      },
      {
        "value": 56094.0
      }
    ],
    [
      {
        "value": 3.0
      },
      {
        "value": 14.0
      },
      {
        "value": "none"
      },
      {
        "value": 34037.0
      },
      {
        "value": 42497.0
      }
    ],
    [
      {
        "value": 6.0
      },
      {
        "value": 12.0
      },
      {
        "value": "none"
      },
      {
        "value": 15058.0
      },
      {
        "value": 19500.0
      }
    ],
    [
      {
        "value": 6.0
      },
      {
        "value": 17.0
      },
      {
        "value": "none"
      },
      {
        "value": 14803.0
      },
      {
        "value": "none"
      }
    ],
    [
      {
        "value": 11.0
      },
      {
        "value": 38.0
      },
      {
        "value": "none"
      },
      {
        "value": 9019.0
      },
      {
        "value": "none"
      }
    ],
    [
      {
        "value": 11.0
      },
      {
        "value": "none"
      },
      {
        "value": "none"
      },
      {
        "value": "none"
      },
      {
        "value": "none"
      }
    ],
    [
      {
        "value": 17.0
      },
      {
        "value": "none"
      },
      {
        "value": "none"
      },
      {
        "value": "none"
      },
      {
        "value": "none"
      }
    ],
    [
      {
        "value": "none"
      },
      {
        "value": "none"
      },
      {
        "value": "none"
      },
      {
        "value": "none"
      },
      {
        "value": "none"
      }
    ]
  ]
}