{
  "title": "hirings and departures of police officers, by province and territory, canada, 2016/2017",
  "top_root": {
    "name": "<TOP>",
    "value": "<TOP>",
    "type": "string",
    "line_idx": null,
    "children_dict": [
      {
        "name": "hirings",
        "value": "hirings",
        "type": "string",
        "children_dict": [
          {
            "name": "total",
            "value": "total",
            "type": "string",
            "children_dict": [
              {
                "name": "number",
                "value": "number",
                "type": "string",
                "children_dict": [],
                "line_idx": 0
              }
            ],
            "line_idx": null
          },
          {
            "name": "experienced police officers",
            "value": "experienced police officers",
            "type": "string",
            "children_dict": [
              {
                "name": "percent",
                "value": "percent",
                "type": "string",
                "children_dict": [],
                "line_idx": 1
              }
            ],
            "line_idx": null
          },
          {
            "name": "recruit graduates",
            "value": "recruit graduates",
            "type": "string",
            "children_dict": [
              {
                "name": "percent",
                "value": "percent",
                "type": "string",
                "children_dict": [],
                "line_idx": 2
              }
            ],
            "line_idx": null
          }
        ],
        "line_idx": null
      },
      {
        "name": "departures",
        "value": "departures",
        "type": "string",
        "children_dict": [
          {
            "name": "total",
            "value": "total",
            "type": "string",
            "children_dict": [
              {
                "name": "number",
                "value": "number",
                "type": "string",
                "children_dict": [],
                "line_idx": 3
              }
            ],
            "line_idx": null
          },
          {
            "name": "retirements",
            "value": "retirements",
            "type": "string",
            "children_dict": [
              {
                "name": "percent",
                "value": "percent",
                "type": "string",
                "children_dict": [],
                "line_idx": 4
              }
            ],
            "line_idx": null
          },
          {
            "name": "other",
            "value": "other",
            "type": "string",
            "children_dict": [
              {
                "name": "percent",
                "value": "percent",
                "type": "string",
                "children_dict": [],
                "line_idx": 5
              }
            ],
            "line_idx": null
          }
        ],
        "line_idx": null
      },
      {
        "name": "net gain or loss: hirings and departures",
        "value": "net gain or loss: hirings and departures",
        "type": "string",
        "children_dict": [
          {
            "name": "number",
            "value": "number",
            "type": "string",
            "children_dict": [],
            "line_idx": 6
          }
        ],
        "line_idx": null
      },
      {
        "name": "police officers eligible to retire",
        "value": "police officers eligible to retire",
        "type": "string",
        "children_dict": [
          {
            "name": "percent",
            "value": "percent",
            "type": "string",
            "children_dict": [],
            "line_idx": 7
          }
        ],
        "line_idx": null
      }
    ]
  },
  "left_root": {
    "name": "<LEFT>",
    "value": "<LEFT>",
    "type": "string",
    "line_idx": null,
    "children_dict": [
      {
        "name": "newfoundland and labrador",
        "value": "newfoundland and labrador",
        "type": "string",
        "children_dict": [],
        "line_idx": 0
      },
      {
        "name": "prince edward island",
        "value": "prince edward island",
        "type": "string",
        "children_dict": [],
        "line_idx": 1
      },
      {
        "name": "nova scotia",
        "value": "nova scotia",
        "type": "string",
        "children_dict": [],
        "line_idx": 2
      },
      {
        "name": "new brunswick",
        "value": "new brunswick",
        "type": "string",
        "children_dict": [],
        "line_idx": 3
      },
      {
        "name": "quebec",
        "value": "quebec",
        "type": "string",
        "children_dict": [],
        "line_idx": 4
      },
      {
        "name": "ontario",
        "value": "ontario",
        "type": "string",
        "children_dict": [],
        "line_idx": 5
      },
      {
        "name": "manitoba",
        "value": "manitoba",
        "type": "string",
        "children_dict": [],
        "line_idx": 6
      },
      {
        "name": "saskatchewan",
        "value": "saskatchewan",
        "type": "string",
        "children_dict": [],
        "line_idx": 7
      },
      {
        "name": "alberta",
        "value": "alberta",
        "type": "string",
        "children_dict": [],
        "line_idx": 8
      },
      {
        "name": "british columbia",
        "value": "british columbia",
        "type": "string",
        "children_dict": [],
        "line_idx": 9
      },
      {
        "name": "yukon",
        "value": "yukon",
        "type": "string",
        "children_dict": [],
        "line_idx": 10
      },
      {
        "name": "northwest territories",
        "value": "northwest territories",
        "type": "string",
        "children_dict": [],
        "line_idx": 11
      },
      {
        "name": "nunavut",
        "value": "nunavut",
        "type": "string",
        "children_dict": [],
        "line_idx": 12
      },
      {
        "name": "provincial and territorial total",
        "value": "provincial and territorial total",
        "type": "string",
        "children_dict": [
          {
            "name": "royal canadian mounted police headquarters and training academy",
            "value": "royal canadian mounted police headquarters and training academy",
            "type": "string",
            "children_dict": [],
            "line_idx": 14
          }
        ],
        "line_idx": 13
      },
      {
        "name": "canada",
        "value": "canada",
        "type": "string",
        "children_dict": [],
        "line_idx": 15
      }
    ]
  },
  "data": [
    [
      {
        "value": 35
      },
      {
        "value": 6
      },
      {
        "value": 94
      },
      {
        "value": 39
      },
      {
        "value": 72
      },
      {
        "value": 28
      },
      {
        "value": -4
      },
      {
        "value": 17
      }
    ],
    [
      {
        "value": 10
      },
      {
        "value": 0
      },
      {
        "value": 100
      },
      {
        "value": 15
      },
      {
        "value": 33
      },
      {
        "value": 67
      },
      {
        "value": -5
      },
      {
        "value": 14
      }
    ],
    [
      {
        "value": 61
      },
      {
        "value": 33
      },
      {
        "value": 67
      },
      {
        "value": 70
      },
      {
        "value": 70
      },
      {
        "value": 30
      },
      {
        "value": -9
      },
      {
        "value": 15
      }
    ],
    [
      {
        "value": 63
      },
      {
        "value": 21
      },
      {
        "value": 79
      },
      {
        "value": 78
      },
      {
        "value": 51
      },
      {
        "value": 49
      },
      {
        "value": -15
      },
      {
        "value": 13
      }
    ],
    [
      {
        "value": 512
      },
      {
        "value": 18
      },
      {
        "value": 82
      },
      {
        "value": 658
      },
      {
        "value": 83
      },
      {
        "value": 17
      },
      {
        "value": -146
      },
      {
        "value": 13
      }
    ],
    [
      {
        "value": 857
      },
      {
        "value": 17
      },
      {
        "value": 83
      },
      {
        "value": 972
      },
      {
        "value": 72
      },
      {
        "value": 28
      },
      {
        "value": -115
      },
      {
        "value": 6
      }
    ],
    [
      {
        "value": 105
      },
      {
        "value": 9
      },
      {
        "value": 91
      },
      {
        "value": 91
      },
      {
        "value": 62
      },
      {
        "value": 38
      },
      {
        "value": 14
      },
      {
        "value": 19
      }
    ],
    [
      {
        "value": 130
      },
      {
        "value": 4
      },
      {
        "value": 96
      },
      {
        "value": 82
      },
      {
        "value": 43
      },
      {
        "value": 57
      },
      {
        "value": 48
      },
      {
        "value": 8
      }
    ],
    [
      {
        "value": 515
      },
      {
        "value": 5
      },
      {
        "value": 95
      },
      {
        "value": 253
      },
      {
        "value": 45
      },
      {
        "value": 55
      },
      {
        "value": 262
      },
      {
        "value": 6
      }
    ],
    [
      {
        "value": 601
      },
      {
        "value": 13
      },
      {
        "value": 87
      },
      {
        "value": 346
      },
      {
        "value": 55
      },
      {
        "value": 45
      },
      {
        "value": 255
      },
      {
        "value": 10
      }
    ],
    [
      {
        "value": 6
      },
      {
        "value": 33
      },
      {
        "value": 67
      },
      {
        "value": 3
      },
      {
        "value": 67
      },
      {
        "value": 33
      },
      {
        "value": 3
      },
      {
        "value": 16
      }
    ],
    [
      {
        "value": 7
      },
      {
        "value": 14
      },
      {
        "value": 86
      },
      {
        "value": 4
      },
      {
        "value": 75
      },
      {
        "value": 25
      },
      {
        "value": 3
      },
      {
        "value": 10
      }
    ],
    [
      {
        "value": 5
      },
      {
        "value": 40
      },
      {
        "value": 60
      },
      {
        "value": 3
      },
      {
        "value": 0
      },
      {
        "value": 100
      },
      {
        "value": 2
      },
      {
        "value": 9
      }
    ],
    [
      {
        "value": 2907
      },
      {
        "value": 14
      },
      {
        "value": 86
      },
      {
        "value": 2614
      },
      {
        "value": 68
      },
      {
        "value": 32
      },
      {
        "value": 293
      },
      {
        "value": 10
      }
    ],
    [
      {
        "value": 10
      },
      {
        "value": 90
      },
      {
        "value": 10
      },
      {
        "value": 70
      },
      {
        "value": 61
      },
      {
        "value": 39
      },
      {
        "value": -60
      },
      {
        "value": 41
      }
    ],
    [
      {
        "value": 2917
      },
      {
        "value": 14
      },
      {
        "value": 86
      },
      {
        "value": 2684
      },
      {
        "value": 67
      },
      {
        "value": 33
      },
      {
        "value": 233
      },
      {
        "value": 10
      }
    ]
  ]
}