{
  "title": "nfl statistics",
  "top_root": {
    "name": "<TOP>",
    "value": "<TOP>",
    "type": "string",
    "line_idx": null,
    "children_dict": [
      {
        "name": "games",
        "value": "games",
        "type": "string",
        "children_dict": [
          {
            "name": "gp",
            "value": "gp",
            "type": "string",
            "children_dict": [],
            "line_idx": 0
          },
          {
            "name": "gs",
            "value": "gs",
            "type": "string",
            "children_dict": [],
            "line_idx": 1
          }
        ],
        "line_idx": null
      },
      {
        "name": "passing",
        "value": "passing",
        "type": "string",
        "children_dict": [
          {
            "name": "comp",
            "value": "comp",
            "type": "string",
            "children_dict": [],
            "line_idx": 2
          },
          {
            "name": "att",
            "value": "att",
            "type": "string",
            "children_dict": [],
            "line_idx": 3
          },
          {
            "name": "pct",
            "value": "pct",
            "type": "string",
            "children_dict": [],
            "line_idx": 4
          },
          {
            "name": "yds",
            "value": "yds",
            "type": "string",
            "children_dict": [],
            "line_idx": 5
          },
          {
            "name": "y/a",
            "value": "y/a",
            "type": "string",
            "children_dict": [],
            "line_idx": 6
          },
          {
            "name": "td",
            "value": "td",
            "type": "string",
            "children_dict": [],
            "line_idx": 7
          },
          {
            "name": "int",
            "value": "int",
            "type": "string",
            "children_dict": [],
            "line_idx": 8
          },
          {
            "name": "rtg",
            "value": "rtg",
            "type": "string",
            "children_dict": [],
            "line_idx": 9
          }
        ],
        "line_idx": null
      },
      {
        "name": "rushing",
        "value": "rushing",
        "type": "string",
        "children_dict": [
          {
            "name": "att",
            "value": "att",
            "type": "string",
            "children_dict": [],
            "line_idx": 10
          },
          {
            "name": "yds",
            "value": "yds",
            "type": "string",
            "children_dict": [],
            "line_idx": 11
          },
          {
            "name": "avg",
            "value": "avg",
            "type": "string",
            "children_dict": [],
            "line_idx": 12
          },
          {
            "name": "td",
            "value": "td",
            "type": "string",
            "children_dict": [],
            "line_idx": 13
          }
        ],
        "line_idx": null
      },
      {
        "name": "sacked",
        "value": "sacked",
        "type": "string",
        "children_dict": [
          {
            "name": "sack",
            "value": "sack",
            "type": "string",
            "children_dict": [],
            "line_idx": 14
          },
          {
            "name": "yds",
            "value": "yds",
            "type": "string",
            "children_dict": [],
            "line_idx": 15
          }
        ],
        "line_idx": null
      },
      {
        "name": "fumbles",
        "value": "fumbles",
        "type": "string",
        "children_dict": [
          {
            "name": "fum",
            "value": "fum",
            "type": "string",
            "children_dict": [],
            "line_idx": 16
          },
          {
            "name": "lost",
            "value": "lost",
            "type": "string",
            "children_dict": [],
            "line_idx": 17
          }
        ],
        "line_idx": null
      }
    ]
  },
  "left_root": {
    "name": "<LEFT>",
    "value": "<LEFT>",
    "type": "string",
    "line_idx": null,
    "children_dict": [
      {
        "name": "2005",
        "value": "2005",
        "type": "string",
        "children_dict": [
          {
            "name": "stl",
            "value": "stl",
            "type": "string",
            "children_dict": [],
            "line_idx": 0
          }
        ],
        "line_idx": null
      },
      {
        "name": "2006",
        "value": "2006",
        "type": "string",
        "children_dict": [
          {
            "name": "stl",
            "value": "stl",
            "type": "string",
            "children_dict": [],
            "line_idx": 1
          }
        ],
        "line_idx": null
      },
      {
        "name": "2007",
        "value": "2007",
        "type": "string",
        "children_dict": [
          {
            "name": "cin",
            "value": "cin",
            "type": "string",
            "children_dict": [],
            "line_idx": 2
          }
        ],
        "line_idx": null
      },
      {
        "name": "2008",
        "value": "2008",
        "type": "string",
        "children_dict": [
          {
            "name": "cin",
            "value": "cin",
            "type": "string",
            "children_dict": [],
            "line_idx": 3
          }
        ],
        "line_idx": null
      },
      {
        "name": "2009",
        "value": "2009",
        "type": "string",
        "children_dict": [
          {
            "name": "buf",
            "value": "buf",
            "type": "string",
            "children_dict": [],
            "line_idx": 4
          }
        ],
        "line_idx": null
      },
      {
        "name": "2010",
        "value": "2010",
        "type": "string",
        "children_dict": [
          {
            "name": "buf",
            "value": "buf",
            "type": "string",
            "children_dict": [],
            "line_idx": 5
          }
        ],
        "line_idx": null
      },
      {
        "name": "2011",
        "value": "2011",
        "type": "string",
        "children_dict": [
          {
            "name": "buf",
            "value": "buf",
            "type": "string",
            "children_dict": [],
            "line_idx": 6
          }
        ],
        "line_idx": null
      },
      {
        "name": "2012",
        "value": "2012",
        "type": "string",
        "children_dict": [
          {
            "name": "buf",
            "value": "buf",
            "type": "string",
            "children_dict": [],
            "line_idx": 7
          }
        ],
        "line_idx": null
      },
      {
        "name": "2013",
        "value": "2013",
        "type": "string",
        "children_dict": [
          {
            "name": "ten",
            "value": "ten",
            "type": "string",
            "children_dict": [],
            "line_idx": 8
          }
        ],
        "line_idx": null
      },
      {
        "name": "2014",
        "value": "2014",
        "type": "string",
        "children_dict": [
          {
            "name": "hou",
            "value": "hou",
            "type": "string",
            "children_dict": [],
            "line_idx": 9
          }
        ],
        "line_idx": null
      },
      {
        "name": "2015",
        "value": "2015",
        "type": "string",
        "children_dict": [
          {
            "name": "nyj",
            "value": "nyj",
            "type": "string",
            "children_dict": [],
            "line_idx": 10
          }
        ],
        "line_idx": null
      },
      {
        "name": "2016",
        "value": "2016",
        "type": "string",
        "children_dict": [
          {
            "name": "nyj",
            "value": "nyj",
            "type": "string",
            "children_dict": [],
            "line_idx": 11
          }
        ],
        "line_idx": null
      },
      {
        "name": "2017",
        "value": "2017",
        "type": "string",
        "children_dict": [
          {
            "name": "tb",
            "value": "tb",
            "type": "string",
            "children_dict": [],
            "line_idx": 12
          }
        ],
        "line_idx": null
      },
      {
        "name": "2018",
        "value": "2018",
        "type": "string",
        "children_dict": [
          {
            "name": "tb",
            "value": "tb",
            "type": "string",
            "children_dict": [],
            "line_idx": 13
          }
        ],
        "line_idx": null
      },
      {
        "name": "total",
        "value": "total",
        "type": "string",
        "children_dict": [],
        "line_idx": 14
      }
    ]
  },
  "data": [
    [
      {
        "value": 4.0
      },
      {
        "value": 3.0
      },
      {
        "value": 76.0
      },
      {
        "value": 135.0
      },
      {
        "value": 56.3
      },
      {
        "value": 777.0
      },
      {
        "value": 5.8
      },
      {
        "value": 4.0
      },
      {
        "value": 8.0
      },
      {
        "value": 58.2
      },
      {
        "value": 14.0
      },
      {
        "value": 64.0
      },
      {
        "value": 4.6
      },
      {
        "value": 2.0
      },
      {
        "value": 9.0
      },
      {
        "value": 49.0
      },
      {
        "value": 3.0
      },
      {
        "value": 1.0
      }
    ],
    [
      {
        "value": 1.0
      },
      {
        "value": 0.0
      },
      {
        "value": 0.0
      },
      {
        "value": 0.0
      },
      {
        "value": 0.0
      },
      {
        "value": 0.0
      },
      {
        "value": 0.0
      },
      {
        "value": 0.0
      },
      {
        "value": 0.0
      },
      {
        "value": 0.0
      },
      {
        "value": 3.0
      },
      {
        "value": 0.0
      },
      {
        "value": 0.0
      },
      {
        "value": 0.0
      },
      {
        "value": 0.0
      },
      {
        "value": 0.0
      },
      {
        "value": 0.0
      },
      {
        "value": 0.0
      }
    ],
    [
      {
        "value": 1.0
      },
      {
        "value": 0.0
      },
      {
        "value": 0.0
      },
      {
        "value": 0.0
      },
      {
        "value": 0.0
      },
      {
        "value": 0.0
      },
      {
        "value": 0.0
      },
      {
        "value": 0.0
      },
      {
        "value": 0.0
      },
      {
        "value": 0.0
      },
      {
        "value": 0.0
      },
      {
        "value": 0.0
      },
      {
        "value": 0.0
      },
      {
        "value": 0.0
      },
      {
        "value": 0.0
      },
      {
        "value": 0.0
      },
      {
        "value": 0.0
      },
      {
        "value": 0.0
      }
    ],
    [
      {
        "value": 13.0
      },
      {
        "value": 12.0
      },
      {
        "value": 221.0
      },
      {
        "value": 372.0
      },
      {
        "value": 59.4
      },
      {
        "value": 1905.0
      },
      {
        "value": 5.1
      },
      {
        "value": 8.0
      },
      {
        "value": 9.0
      },
      {
        "value": 70.0
      },
      {
        "value": 60.0
      },
      {
        "value": 304.0
      },
      {
        "value": 5.1
      },
      {
        "value": 2.0
      },
      {
        "value": 38.0
      },
      {
        "value": 193.0
      },
      {
        "value": 11.0
      },
      {
        "value": 5.0
      }
    ],
    [
      {
        "value": 10.0
      },
      {
        "value": 8.0
      },
      {
        "value": 127.0
      },
      {
        "value": 227.0
      },
      {
        "value": 55.9
      },
      {
        "value": 1422.0
      },
      {
        "value": 6.3
      },
      {
        "value": 9.0
      },
      {
        "value": 10.0
      },
      {
        "value": 69.7
      },
      {
        "value": 31.0
      },
      {
        "value": 141.0
      },
      {
        "value": 4.5
      },
      {
        "value": 1.0
      },
      {
        "value": 21.0
      },
      {
        "value": 127.0
      },
      {
        "value": 3.0
      },
      {
        "value": 2.0
      }
    ],
    [
      {
        "value": 13.0
      },
      {
        "value": 13.0
      },
      {
        "value": 255.0
      },
      {
        "value": 441.0
      },
      {
        "value": 57.8
      },
      {
        "value": 3000.0
      },
      {
        "value": 6.8
      },
      {
        "value": 23.0
      },
      {
        "value": 15.0
      },
      {
        "value": 81.8
      },
      {
        "value": 40.0
      },
      {
        "value": 269.0
      },
      {
        "value": 6.7
      },
      {
        "value": 0.0
      },
      {
        "value": 24.0
      },
      {
        "value": 145.0
      },
      {
        "value": 8.0
      },
      {
        "value": 5.0
      }
    ],
    [
      {
        "value": 16.0
      },
      {
        "value": 16.0
      },
      {
        "value": 353.0
      },
      {
        "value": 569.0
      },
      {
        "value": 62.0
      },
      {
        "value": 3832.0
      },
      {
        "value": 6.7
      },
      {
        "value": 24.0
      },
      {
        "value": 23.0
      },
      {
        "value": 79.1
      },
      {
        "value": 56.0
      },
      {
        "value": 215.0
      },
      {
        "value": 3.8
      },
      {
        "value": 0.0
      },
      {
        "value": 22.0
      },
      {
        "value": 148.0
      },
      {
        "value": 7.0
      },
      {
        "value": 2.0
      }
    ],
    [
      {
        "value": 16.0
      },
      {
        "value": 16.0
      },
      {
        "value": 306.0
      },
      {
        "value": 505.0
      },
      {
        "value": 60.6
      },
      {
        "value": 3400.0
      },
      {
        "value": 6.7
      },
      {
        "value": 24.0
      },
      {
        "value": 16.0
      },
      {
        "value": 83.3
      },
      {
        "value": 48.0
      },
      {
        "value": 197.0
      },
      {
        "value": 4.1
      },
      {
        "value": 1.0
      },
      {
        "value": 30.0
      },
      {
        "value": 161.0
      },
      {
        "value": 8.0
      },
      {
        "value": 6.0
      }
    ],
    [
      {
        "value": 11.0
      },
      {
        "value": 9.0
      },
      {
        "value": 217.0
      },
      {
        "value": 350.0
      },
      {
        "value": 62.0
      },
      {
        "value": 2454.0
      },
      {
        "value": 7.0
      },
      {
        "value": 14.0
      },
      {
        "value": 12.0
      },
      {
        "value": 82.0
      },
      {
        "value": 43.0
      },
      {
        "value": 225.0
      },
      {
        "value": 5.2
      },
      {
        "value": 3.0
      },
      {
        "value": 21.0
      },
      {
        "value": 109.0
      },
      {
        "value": 9.0
      },
      {
        "value": 2.0
      }
    ],
    [
      {
        "value": 12.0
      },
      {
        "value": 12.0
      },
      {
        "value": 197.0
      },
      {
        "value": 312.0
      },
      {
        "value": 63.1
      },
      {
        "value": 2483.0
      },
      {
        "value": 8.0
      },
      {
        "value": 17.0
      },
      {
        "value": 8.0
      },
      {
        "value": 95.3
      },
      {
        "value": 50.0
      },
      {
        "value": 184.0
      },
      {
        "value": 3.7
      },
      {
        "value": 2.0
      },
      {
        "value": 21.0
      },
      {
        "value": 83.0
      },
      {
        "value": 5.0
      },
      {
        "value": 1.0
      }
    ],
    [
      {
        "value": 16.0
      },
      {
        "value": 16.0
      },
      {
        "value": 335.0
      },
      {
        "value": 562.0
      },
      {
        "value": 59.6
      },
      {
        "value": 3905.0
      },
      {
        "value": 6.9
      },
      {
        "value": 31.0
      },
      {
        "value": 15.0
      },
      {
        "value": 88.0
      },
      {
        "value": 60.0
      },
      {
        "value": 270.0
      },
      {
        "value": 4.5
      },
      {
        "value": 2.0
      },
      {
        "value": 19.0
      },
      {
        "value": 94.0
      },
      {
        "value": 5.0
      },
      {
        "value": 2.0
      }
    ],
    [
      {
        "value": 14.0
      },
      {
        "value": 11.0
      },
      {
        "value": 228.0
      },
      {
        "value": 403.0
      },
      {
        "value": 56.6
      },
      {
        "value": 2710.0
      },
      {
        "value": 6.7
      },
      {
        "value": 12.0
      },
      {
        "value": 17.0
      },
      {
        "value": 69.6
      },
      {
        "value": 33.0
      },
      {
        "value": 130.0
      },
      {
        "value": 3.9
      },
      {
        "value": 0.0
      },
      {
        "value": 19.0
      },
      {
        "value": 81.0
      },
      {
        "value": 9.0
      },
      {
        "value": 1.0
      }
    ],
    [
      {
        "value": 6.0
      },
      {
        "value": 3.0
      },
      {
        "value": 96.0
      },
      {
        "value": 163.0
      },
      {
        "value": 58.9
      },
      {
        "value": 1103.0
      },
      {
        "value": 6.8
      },
      {
        "value": 7.0
      },
      {
        "value": 3.0
      },
      {
        "value": 86.0
      },
      {
        "value": 15.0
      },
      {
        "value": 78.0
      },
      {
        "value": 5.2
      },
      {
        "value": 0.0
      },
      {
        "value": 7.0
      },
      {
        "value": 34.0
      },
      {
        "value": 0.0
      },
      {
        "value": 0.0
      }
    ],
    [
      {
        "value": 8.0
      },
      {
        "value": 7.0
      },
      {
        "value": 164.0
      },
      {
        "value": 246.0
      },
      {
        "value": 66.7
      },
      {
        "value": 2366.0
      },
      {
        "value": 9.6
      },
      {
        "value": 17.0
      },
      {
        "value": 12.0
      },
      {
        "value": 100.4
      },
      {
        "value": 36.0
      },
      {
        "value": 152.0
      },
      {
        "value": 4.2
      },
      {
        "value": 2.0
      },
      {
        "value": 14.0
      },
      {
        "value": 76.0
      },
      {
        "value": 4.0
      },
      {
        "value": 1.0
      }
    ],
    [
      {
        "value": 141.0
      },
      {
        "value": 126.0
      },
      {
        "value": 2575.0
      },
      {
        "value": 4285.0
      },
      {
        "value": 60.1
      },
      {
        "value": 29357.0
      },
      {
        "value": 6.9
      },
      {
        "value": 190.0
      },
      {
        "value": 148.0
      },
      {
        "value": 81.1
      },
      {
        "value": 489.0
      },
      {
        "value": 2229.0
      },
      {
        "value": 4.6
      },
      {
        "value": 15.0
      },
      {
        "value": 245.0
      },
      {
        "value": 1300.0
      },
      {
        "value": 72.0
      },
      {
        "value": 28.0
      }
    ]
  ]
}