{
  "title": "table 1. top 10 states with the highest level of business r&d performed and paid for by companies from companies' own funds: 2011",
  "top_root": {
    "name": "<TOP>",
    "value": "<TOP>",
    "type": "string",
    "line_idx": null,
    "children_dict": [
      {
        "name": "business r&d performed",
        "value": "business r&d performed",
        "type": "string",
        "children_dict": [],
        "line_idx": 0
      },
      {
        "name": "r&d/gdp",
        "value": "r&d/gdp",
        "type": "string",
        "children_dict": [],
        "line_idx": 1
      },
      {
        "name": "largest r&d industry in location",
        "value": "largest r&d industry in location",
        "type": "string",
        "children_dict": [],
        "line_idx": 2
      },
      {
        "name": "largest industry's share of location r&d",
        "value": "largest industry's share of location r&d",
        "type": "string",
        "children_dict": [],
        "line_idx": 3
      }
    ]
  },
  "left_root": {
    "name": "<LEFT>",
    "value": "<LEFT>",
    "type": "string",
    "line_idx": null,
    "children_dict": [
      {
        "name": "u.s. totala",
        "value": "u.s. totala",
        "type": "string",
        "children_dict": [
          {
            "name": "california",
            "value": "california",
            "type": "string",
            "children_dict": [],
            "line_idx": 1
          },
          {
            "name": "washington",
            "value": "washington",
            "type": "string",
            "children_dict": [],
            "line_idx": 2
          },
          {
            "name": "texas",
            "value": "texas",
            "type": "string",
            "children_dict": [],
            "line_idx": 3
          },
          {
            "name": "massachusetts",
            "value": "massachusetts",
            "type": "string",
            "children_dict": [],
            "line_idx": 4
          },
          {
            "name": "michigan",
            "value": "michigan",
            "type": "string",
            "children_dict": [],
            "line_idx": 5
          },
          {
            "name": "new jersey",
            "value": "new jersey",
            "type": "string",
            "children_dict": [],
            "line_idx": 6
          },
          {
            "name": "illinois",
            "value": "illinois",
            "type": "string",
            "children_dict": [],
            "line_idx": 7
          },
          {
            "name": "new york",
            "value": "new york",
            "type": "string",
            "children_dict": [],
            "line_idx": 8
          },
          {
            "name": "pennsylvania",
            "value": "pennsylvania",
            "type": "string",
            "children_dict": [],
            "line_idx": 9
          },
          {
            "name": "connecticut",
            "value": "connecticut",
            "type": "string",
            "children_dict": [],
            "line_idx": 10
          }
        ],
        "line_idx": 0
      }
    ]
  },
  "data": [
    [
      {
        "value": 238768
      },
      {
        "value": 1.6
      },
      {
        "value": "pharmaceuticals and medicines"
      },
      {
        "value": 17
      }
    ],
    [
      {
        "value": 64104
      },
      {
        "value": 3.4
      },
      {
        "value": "semiconductor and other electronic components"
      },
      {
        "value": 17
      }
    ],
    [
      {
        "value": 13659
      },
      {
        "value": 3.8
      },
      {
        "value": "software publishers"
      },
      {
        "value": 56
      }
    ],
    [
      {
        "value": 12920
      },
      {
        "value": 1.0
      },
      {
        "value": "semiconductor and other electronic components"
      },
      {
        "value": 21
      }
    ],
    [
      {
        "value": 12712
      },
      {
        "value": 3.3
      },
      {
        "value": "pharmaceuticals and medicines"
      },
      {
        "value": 30
      }
    ],
    [
      {
        "value": 12156
      },
      {
        "value": 3.2
      },
      {
        "value": "automobiles, bodies, trailers, and parts"
      },
      {
        "value": 73
      }
    ],
    [
      {
        "value": 11977
      },
      {
        "value": 2.4
      },
      {
        "value": "pharmaceuticals and medicines"
      },
      {
        "value": 50
      }
    ],
    [
      {
        "value": 10764
      },
      {
        "value": 1.6
      },
      {
        "value": "pharmaceuticals and medicines"
      },
      {
        "value": 31
      }
    ],
    [
      {
        "value": 9141
      },
      {
        "value": 0.8
      },
      {
        "value": "software publishers"
      },
      {
        "value": 21
      }
    ],
    [
      {
        "value": 9018
      },
      {
        "value": 1.6
      },
      {
        "value": "pharmaceuticals and medicines"
      },
      {
        "value": 43
      }
    ],
    [
      {
        "value": 6272
      },
      {
        "value": 2.8
      },
      {
        "value": "pharmaceuticals and medicines"
      },
      {
        "value": 65
      }
    ]
  ]
}