{
  "title": "statistics",
  "top_root": {
    "name": "<TOP>",
    "value": "<TOP>",
    "type": "string",
    "line_idx": null,
    "children_dict": [
      {
        "name": "passing",
        "value": "passing",
        "type": "string",
        "children_dict": [
          {
            "name": "cmp",
            "value": "cmp",
            "type": "string",
            "children_dict": [],
            "line_idx": 0
          },
          {
            "name": "att",
            "value": "att",
            "type": "string",
            "children_dict": [],
            "line_idx": 1
          },
          {
            "name": "cmp%",
            "value": "cmp%",
            "type": "string",
            "children_dict": [],
            "line_idx": 2
          },
          {
            "name": "yds",
            "value": "yds",
            "type": "string",
            "children_dict": [],
            "line_idx": 3
          },
          {
            "name": "td",
            "value": "td",
            "type": "string",
            "children_dict": [],
            "line_idx": 4
          },
          {
            "name": "int",
            "value": "int",
            "type": "string",
            "children_dict": [],
            "line_idx": 5
          },
          {
            "name": "rat",
            "value": "rat",
            "type": "string",
            "children_dict": [],
            "line_idx": 6
          }
        ],
        "line_idx": null
      },
      {
        "name": "rushing",
        "value": "rushing",
        "type": "string",
        "children_dict": [
          {
            "name": "att",
            "value": "att",
            "type": "string",
            "children_dict": [],
            "line_idx": 7
          },
          {
            "name": "yds",
            "value": "yds",
            "type": "string",
            "children_dict": [],
            "line_idx": 8
          },
          {
            "name": "avg",
            "value": "avg",
            "type": "string",
            "children_dict": [],
            "line_idx": 9
          },
          {
            "name": "td",
            "value": "td",
            "type": "string",
            "children_dict": [],
            "line_idx": 10
          }
        ],
        "line_idx": null
      }
    ]
  },
  "left_root": {
    "name": "<LEFT>",
    "value": "<LEFT>",
    "type": "string",
    "line_idx": null,
    "children_dict": [
      {
        "name": "2009",
        "value": "2009",
        "type": "string",
        "children_dict": [],
        "line_idx": 0
      },
      {
        "name": "2010",
        "value": "2010",
        "type": "string",
        "children_dict": [],
        "line_idx": 1
      },
      {
        "name": "2011",
        "value": "2011",
        "type": "string",
        "children_dict": [],
        "line_idx": 2
      },
      {
        "name": "2012",
        "value": "2012",
        "type": "string",
        "children_dict": [],
        "line_idx": 3
      },
      {
        "name": "2013",
        "value": "2013",
        "type": "string",
        "children_dict": [],
        "line_idx": 4
      },
      {
        "name": "totals",
        "value": "totals",
        "type": "string",
        "children_dict": [],
        "line_idx": 5
      }
    ]
  },
  "data": [
    [
      {
        "value": "redshirt"
      },
      {
        "value": "redshirt"
      },
      {
        "value": "redshirt"
      },
      {
        "value": "redshirt"
      },
      {
        "value": "redshirt"
      },
      {
        "value": "redshirt"
      },
      {
        "value": "redshirt"
      },
      {
        "value": "redshirt"
      },
      {
        "value": "redshirt"
      },
      {
        "value": "redshirt"
      },
      {
        "value": "redshirt"
      }
    ],
    [
      {
        "value": 116.0
      },
      {
        "value": 196.0
      },
      {
        "value": 59.2
      },
      {
        "value": 1631.0
      },
      {
        "value": 10.0
      },
      {
        "value": 7.0
      },
      {
        "value": 138.8
      },
      {
        "value": 162.0
      },
      {
        "value": 965.0
      },
      {
        "value": 6.0
      },
      {
        "value": 12.0
      }
    ],
    [
      {
        "value": 162.0
      },
      {
        "value": 288.0
      },
      {
        "value": 56.3
      },
      {
        "value": 2089.0
      },
      {
        "value": 13.0
      },
      {
        "value": 8.0
      },
      {
        "value": 126.5
      },
      {
        "value": 189.0
      },
      {
        "value": 874.0
      },
      {
        "value": 4.6
      },
      {
        "value": 9.0
      }
    ],
    [
      {
        "value": 228.0
      },
      {
        "value": 368.0
      },
      {
        "value": 62.0
      },
      {
        "value": 2871.0
      },
      {
        "value": 23.0
      },
      {
        "value": 12.0
      },
      {
        "value": 141.6
      },
      {
        "value": 195.0
      },
      {
        "value": 1019.0
      },
      {
        "value": 5.2
      },
      {
        "value": 10.0
      }
    ],
    [
      {
        "value": 98.0
      },
      {
        "value": 110.0
      },
      {
        "value": 62.7
      },
      {
        "value": 667.0
      },
      {
        "value": 10.0
      },
      {
        "value": 2.0
      },
      {
        "value": 140.0
      },
      {
        "value": 40.0
      },
      {
        "value": 117.0
      },
      {
        "value": 2.9
      },
      {
        "value": 0.0
      }
    ],
    [
      {
        "value": 575.0
      },
      {
        "value": 962.0
      },
      {
        "value": 59.8
      },
      {
        "value": 7258.0
      },
      {
        "value": 56.0
      },
      {
        "value": 29.0
      },
      {
        "value": 136.3
      },
      {
        "value": 586.0
      },
      {
        "value": 2975.0
      },
      {
        "value": 5.1
      },
      {
        "value": 31.0
      }
    ]
  ]
}