{
  "title": "career statistics",
  "top_root": {
    "name": "<TOP>",
    "value": "<TOP>",
    "type": "string",
    "line_idx": null,
    "children_dict": [
      {
        "name": "league",
        "value": "league",
        "type": "string",
        "children_dict": [
          {
            "name": "division",
            "value": "division",
            "type": "string",
            "children_dict": [],
            "line_idx": 0
          },
          {
            "name": "apps",
            "value": "apps",
            "type": "string",
            "children_dict": [],
            "line_idx": 1
          },
          {
            "name": "goals",
            "value": "goals",
            "type": "string",
            "children_dict": [],
            "line_idx": 2
          }
        ],
        "line_idx": null
      },
      {
        "name": "cup",
        "value": "cup",
        "type": "string",
        "children_dict": [
          {
            "name": "apps",
            "value": "apps",
            "type": "string",
            "children_dict": [],
            "line_idx": 3
          },
          {
            "name": "goals",
            "value": "goals",
            "type": "string",
            "children_dict": [],
            "line_idx": 4
          }
        ],
        "line_idx": null
      },
      {
        "name": "continental",
        "value": "continental",
        "type": "string",
        "children_dict": [
          {
            "name": "apps",
            "value": "apps",
            "type": "string",
            "children_dict": [],
            "line_idx": 5
          },
          {
            "name": "goals",
            "value": "goals",
            "type": "string",
            "children_dict": [],
            "line_idx": 6
          }
        ],
        "line_idx": null
      },
      {
        "name": "total",
        "value": "total",
        "type": "string",
        "children_dict": [
          {
            "name": "apps",
            "value": "apps",
            "type": "string",
            "children_dict": [],
            "line_idx": 7
          },
          {
            "name": "goals",
            "value": "goals",
            "type": "string",
            "children_dict": [],
            "line_idx": 8
          }
        ],
        "line_idx": null
      }
    ]
  },
  "left_root": {
    "name": "<LEFT>",
    "value": "<LEFT>",
    "type": "string",
    "line_idx": null,
    "children_dict": [
      {
        "name": "lyn",
        "value": "lyn",
        "type": "string",
        "children_dict": [
          {
            "name": "2005",
            "value": "2005",
            "type": "string",
            "children_dict": [],
            "line_idx": 0
          },
          {
            "name": "2006",
            "value": "2006",
            "type": "string",
            "children_dict": [],
            "line_idx": 1
          },
          {
            "name": "2007",
            "value": "2007",
            "type": "string",
            "children_dict": [],
            "line_idx": 2
          },
          {
            "name": "total",
            "value": "total",
            "type": "string",
            "children_dict": [],
            "line_idx": 3
          }
        ],
        "line_idx": null
      },
      {
        "name": "1899 hoffenheim",
        "value": "1899 hoffenheim",
        "type": "string",
        "children_dict": [
          {
            "name": "2007-08",
            "value": "2007-08",
            "type": "string",
            "children_dict": [],
            "line_idx": 4
          },
          {
            "name": "2008-09",
            "value": "2008-09",
            "type": "string",
            "children_dict": [],
            "line_idx": 5
          },
          {
            "name": "2009-10",
            "value": "2009-10",
            "type": "string",
            "children_dict": [],
            "line_idx": 6
          },
          {
            "name": "2010-11",
            "value": "2010-11",
            "type": "string",
            "children_dict": [],
            "line_idx": 7
          },
          {
            "name": "2011-12",
            "value": "2011-12",
            "type": "string",
            "children_dict": [],
            "line_idx": 8
          },
          {
            "name": "total",
            "value": "total",
            "type": "string",
            "children_dict": [],
            "line_idx": 9
          }
        ],
        "line_idx": null
      },
      {
        "name": "schalke 04",
        "value": "schalke 04",
        "type": "string",
        "children_dict": [
          {
            "name": "2011-12",
            "value": "2011-12",
            "type": "string",
            "children_dict": [],
            "line_idx": 10
          },
          {
            "name": "2012-13",
            "value": "2012-13",
            "type": "string",
            "children_dict": [],
            "line_idx": 11
          },
          {
            "name": "2013-14",
            "value": "2013-14",
            "type": "string",
            "children_dict": [],
            "line_idx": 12
          },
          {
            "name": "2014-15",
            "value": "2014-15",
            "type": "string",
            "children_dict": [],
            "line_idx": 13
          },
          {
            "name": "total",
            "value": "total",
            "type": "string",
            "children_dict": [],
            "line_idx": 14
          }
        ],
        "line_idx": null
      },
      {
        "name": "aik",
        "value": "aik",
        "type": "string",
        "children_dict": [
          {
            "name": "2016",
            "value": "2016",
            "type": "string",
            "children_dict": [],
            "line_idx": 15
          }
        ],
        "line_idx": null
      },
      {
        "name": "shenzhen",
        "value": "shenzhen",
        "type": "string",
        "children_dict": [
          {
            "name": "2017",
            "value": "2017",
            "type": "string",
            "children_dict": [],
            "line_idx": 16
          }
        ],
        "line_idx": null
      },
      {
        "name": "aik",
        "value": "aik",
        "type": "string",
        "children_dict": [
          {
            "name": "2017",
            "value": "2017",
            "type": "string",
            "children_dict": [],
            "line_idx": 17
          }
        ],
        "line_idx": null
      },
      {
        "name": "bolton wanderers",
        "value": "bolton wanderers",
        "type": "string",
        "children_dict": [
          {
            "name": "2017-18",
            "value": "2017-18",
            "type": "string",
            "children_dict": [],
            "line_idx": 18
          }
        ],
        "line_idx": null
      },
      {
        "name": "elfsborg",
        "value": "elfsborg",
        "type": "string",
        "children_dict": [
          {
            "name": "2018",
            "value": "2018",
            "type": "string",
            "children_dict": [],
            "line_idx": 19
          }
        ],
        "line_idx": null
      },
      {
        "name": "aik",
        "value": "aik",
        "type": "string",
        "children_dict": [
          {
            "name": "2019",
            "value": "2019",
            "type": "string",
            "children_dict": [],
            "line_idx": 20
          }
        ],
        "line_idx": null
      },
      {
        "name": "career total",
        "value": "career total",
        "type": "string",
        "children_dict": [],
        "line_idx": 21
      }
    ]
  },
  "data": [
    [
      {
        "value": "tippeligaen"
      },
      {
        "value": 5
      },
      {
        "value": 1
      },
      {
        "value": 0
      },
      {
        "value": 0
      },
      {
        "value": "-"
      },
      {
        "value": "-"
      },
      {
        "value": 5
      },
      {
        "value": 1
      }
    ],
    [
      {
        "value": "tippeligaen"
      },
      {
        "value": 13
      },
      {
        "value": 8
      },
      {
        "value": 0
      },
      {
        "value": 0
      },
      {
        "value": 2.0
      },
      {
        "value": 0.0
      },
      {
        "value": 15
      },
      {
        "value": 8
      }
    ],
    [
      {
        "value": "tippeligaen"
      },
      {
        "value": 11
      },
      {
        "value": 5
      },
      {
        "value": 0
      },
      {
        "value": 0
      },
      {
        "value": "-"
      },
      {
        "value": "-"
      },
      {
        "value": 11
      },
      {
        "value": 5
      }
    ],
    [
      {
        "value": ""
      },
      {
        "value": 29
      },
      {
        "value": 14
      },
      {
        "value": 0
      },
      {
        "value": 0
      },
      {
        "value": 2.0
      },
      {
        "value": 0.0
      },
      {
        "value": 31
      },
      {
        "value": 14
      }
    ],
    [
      {
        "value": "2. bundesliga"
      },
      {
        "value": 27
      },
      {
        "value": 12
      },
      {
        "value": 3
      },
      {
        "value": 0
      },
      {
        "value": "-"
      },
      {
        "value": "-"
      },
      {
        "value": 30
      },
      {
        "value": 12
      }
    ],
    [
      {
        "value": "bundesliga"
      },
      {
        "value": 24
      },
      {
        "value": 6
      },
      {
        "value": 1
      },
      {
        "value": 0
      },
      {
        "value": "-"
      },
      {
        "value": "-"
      },
      {
        "value": 24
      },
      {
        "value": 6
      }
    ],
    [
      {
        "value": "bundesliga"
      },
      {
        "value": 23
      },
      {
        "value": 7
      },
      {
        "value": 3
      },
      {
        "value": 1
      },
      {
        "value": "-"
      },
      {
        "value": "-"
      },
      {
        "value": 26
      },
      {
        "value": 8
      }
    ],
    [
      {
        "value": "bundesliga"
      },
      {
        "value": 5
      },
      {
        "value": 0
      },
      {
        "value": 1
      },
      {
        "value": 0
      },
      {
        "value": "-"
      },
      {
        "value": "-"
      },
      {
        "value": 6
      },
      {
        "value": 0
      }
    ],
    [
      {
        "value": "bundesliga"
      },
      {
        "value": 13
      },
      {
        "value": 0
      },
      {
        "value": 2
      },
      {
        "value": 1
      },
      {
        "value": "-"
      },
      {
        "value": "-"
      },
      {
        "value": 15
      },
      {
        "value": 1
      }
    ],
    [
      {
        "value": ""
      },
      {
        "value": 92
      },
      {
        "value": 25
      },
      {
        "value": 10
      },
      {
        "value": 2
      },
      {
        "value": "-"
      },
      {
        "value": "-"
      },
      {
        "value": 102
      },
      {
        "value": 27
      }
    ],
    [
      {
        "value": "bundesliga"
      },
      {
        "value": 10
      },
      {
        "value": 1
      },
      {
        "value": 0
      },
      {
        "value": 0
      },
      {
        "value": 5.0
      },
      {
        "value": 0.0
      },
      {
        "value": 15
      },
      {
        "value": 1
      }
    ],
    [
      {
        "value": "bundesliga"
      },
      {
        "value": 4
      },
      {
        "value": 0
      },
      {
        "value": 1
      },
      {
        "value": 0
      },
      {
        "value": 2.0
      },
      {
        "value": 0.0
      },
      {
        "value": 7
      },
      {
        "value": 0
      }
    ],
    [
      {
        "value": "bundesliga"
      },
      {
        "value": 15
      },
      {
        "value": 3
      },
      {
        "value": 1
      },
      {
        "value": 0
      },
      {
        "value": 3.0
      },
      {
        "value": 0.0
      },
      {
        "value": 19
      },
      {
        "value": 3
      }
    ],
    [
      {
        "value": "bundesliga"
      },
      {
        "value": 6
      },
      {
        "value": 0
      },
      {
        "value": 0
      },
      {
        "value": 0
      },
      {
        "value": 4.0
      },
      {
        "value": 1.0
      },
      {
        "value": 10
      },
      {
        "value": 1
      }
    ],
    [
      {
        "value": ""
      },
      {
        "value": 35
      },
      {
        "value": 4
      },
      {
        "value": 2
      },
      {
        "value": 0
      },
      {
        "value": 14.0
      },
      {
        "value": 1.0
      },
      {
        "value": 51
      },
      {
        "value": 5
      }
    ],
    [
      {
        "value": "allsvenskan"
      },
      {
        "value": 10
      },
      {
        "value": 6
      },
      {
        "value": 0
      },
      {
        "value": 0
      },
      {
        "value": "-"
      },
      {
        "value": "-"
      },
      {
        "value": 10
      },
      {
        "value": 6
      }
    ],
    [
      {
        "value": "china league one"
      },
      {
        "value": 17
      },
      {
        "value": 5
      },
      {
        "value": 0
      },
      {
        "value": 0
      },
      {
        "value": "-"
      },
      {
        "value": "-"
      },
      {
        "value": 17
      },
      {
        "value": 5
      }
    ],
    [
      {
        "value": "allsvenskan"
      },
      {
        "value": 9
      },
      {
        "value": 5
      },
      {
        "value": 0
      },
      {
        "value": 0
      },
      {
        "value": 1.0
      },
      {
        "value": 1.0
      },
      {
        "value": 10
      },
      {
        "value": 6
      }
    ],
    [
      {
        "value": "championship"
      },
      {
        "value": 0
      },
      {
        "value": 0
      },
      {
        "value": 0
      },
      {
        "value": 0
      },
      {
        "value": "-"
      },
      {
        "value": "-"
      },
      {
        "value": 0
      },
      {
        "value": 0
      }
    ],
    [
      {
        "value": "allsvenskan"
      },
      {
        "value": 10
      },
      {
        "value": 4
      },
      {
        "value": 0
      },
      {
        "value": 0
      },
      {
        "value": "-"
      },
      {
        "value": "-"
      },
      {
        "value": 10
      },
      {
        "value": 4
      }
    ],
    [
      {
        "value": "allsvenskan"
      },
      {
        "value": 0
      },
      {
        "value": 0
      },
      {
        "value": 2
      },
      {
        "value": 2
      },
      {
        "value": 0.0
      },
      {
        "value": 0.0
      },
      {
        "value": 2
      },
      {
        "value": 2
      }
    ],
    [
      {
        "value": ""
      },
      {
        "value": 202
      },
      {
        "value": 63
      },
      {
        "value": 14
      },
      {
        "value": 4
      },
      {
        "value": 17.0
      },
      {
        "value": 2.0
      },
      {
        "value": 233
      },
      {
        "value": 69
      }
    ]
  ]
}