{
  "title": "nfl statistics",
  "top_root": {
    "name": "<TOP>",
    "value": "<TOP>",
    "type": "string",
    "line_idx": null,
    "children_dict": [
      {
        "name": "games",
        "value": "games",
        "type": "string",
        "children_dict": [
          {
            "name": "gp",
            "value": "gp",
            "type": "string",
            "children_dict": [],
            "line_idx": 0
          },
          {
            "name": "gs",
            "value": "gs",
            "type": "string",
            "children_dict": [],
            "line_idx": 1
          }
        ],
        "line_idx": null
      },
      {
        "name": "rushing",
        "value": "rushing",
        "type": "string",
        "children_dict": [
          {
            "name": "att",
            "value": "att",
            "type": "string",
            "children_dict": [],
            "line_idx": 2
          },
          {
            "name": "yds",
            "value": "yds",
            "type": "string",
            "children_dict": [],
            "line_idx": 3
          },
          {
            "name": "avg",
            "value": "avg",
            "type": "string",
            "children_dict": [],
            "line_idx": 4
          },
          {
            "name": "lng",
            "value": "lng",
            "type": "string",
            "children_dict": [],
            "line_idx": 5
          },
          {
            "name": "td",
            "value": "td",
            "type": "string",
            "children_dict": [],
            "line_idx": 6
          }
        ],
        "line_idx": null
      },
      {
        "name": "receiving",
        "value": "receiving",
        "type": "string",
        "children_dict": [
          {
            "name": "rec",
            "value": "rec",
            "type": "string",
            "children_dict": [],
            "line_idx": 7
          },
          {
            "name": "yds",
            "value": "yds",
            "type": "string",
            "children_dict": [],
            "line_idx": 8
          },
          {
            "name": "avg",
            "value": "avg",
            "type": "string",
            "children_dict": [],
            "line_idx": 9
          },
          {
            "name": "lng",
            "value": "lng",
            "type": "string",
            "children_dict": [],
            "line_idx": 10
          },
          {
            "name": "td",
            "value": "td",
            "type": "string",
            "children_dict": [],
            "line_idx": 11
          }
        ],
        "line_idx": null
      },
      {
        "name": "fumbles",
        "value": "fumbles",
        "type": "string",
        "children_dict": [
          {
            "name": "fum",
            "value": "fum",
            "type": "string",
            "children_dict": [],
            "line_idx": 12
          },
          {
            "name": "lost",
            "value": "lost",
            "type": "string",
            "children_dict": [],
            "line_idx": 13
          }
        ],
        "line_idx": null
      }
    ]
  },
  "left_root": {
    "name": "<LEFT>",
    "value": "<LEFT>",
    "type": "string",
    "line_idx": null,
    "children_dict": [
      {
        "name": "2016",
        "value": "2016",
        "type": "string",
        "children_dict": [
          {
            "name": "tb",
            "value": "tb",
            "type": "string",
            "children_dict": [],
            "line_idx": 0
          }
        ],
        "line_idx": null
      },
      {
        "name": "2017",
        "value": "2017",
        "type": "string",
        "children_dict": [
          {
            "name": "tb",
            "value": "tb",
            "type": "string",
            "children_dict": [],
            "line_idx": 1
          }
        ],
        "line_idx": null
      },
      {
        "name": "2018",
        "value": "2018",
        "type": "string",
        "children_dict": [
          {
            "name": "tb",
            "value": "tb",
            "type": "string",
            "children_dict": [],
            "line_idx": 2
          }
        ],
        "line_idx": null
      },
      {
        "name": "career",
        "value": "career",
        "type": "string",
        "children_dict": [],
        "line_idx": 3
      }
    ]
  },
  "data": [
    [
      {
        "value": 15
      },
      {
        "value": 1
      },
      {
        "value": 55
      },
      {
        "value": 223
      },
      {
        "value": 4.1
      },
      {
        "value": "44t"
      },
      {
        "value": 1
      },
      {
        "value": 5
      },
      {
        "value": 28
      },
      {
        "value": 5.6
      },
      {
        "value": 11
      },
      {
        "value": 0
      },
      {
        "value": 0
      },
      {
        "value": 0
      }
    ],
    [
      {
        "value": 16
      },
      {
        "value": 4
      },
      {
        "value": 108
      },
      {
        "value": 423
      },
      {
        "value": 3.9
      },
      {
        "value": 34.0
      },
      {
        "value": 3
      },
      {
        "value": 16
      },
      {
        "value": 114
      },
      {
        "value": 7.1
      },
      {
        "value": 34
      },
      {
        "value": 0
      },
      {
        "value": 2
      },
      {
        "value": 0
      }
    ],
    [
      {
        "value": 16
      },
      {
        "value": 16
      },
      {
        "value": 234
      },
      {
        "value": 891
      },
      {
        "value": 3.7
      },
      {
        "value": 28.0
      },
      {
        "value": 5
      },
      {
        "value": 20
      },
      {
        "value": 92
      },
      {
        "value": 4.6
      },
      {
        "value": 21
      },
      {
        "value": 1
      },
      {
        "value": 1
      },
      {
        "value": 0
      }
    ],
    [
      {
        "value": 47
      },
      {
        "value": 21
      },
      {
        "value": 397
      },
      {
        "value": 1517
      },
      {
        "value": 3.8
      },
      {
        "value": "44t"
      },
      {
        "value": 9
      },
      {
        "value": 41
      },
      {
        "value": 234
      },
      {
        "value": 5.7
      },
      {
        "value": 34
      },
      {
        "value": 1
      },
      {
        "value": 3
      },
      {
        "value": 0
      }
    ]
  ]
}