{
  "title": "career statistics",
  "top_root": {
    "name": "<TOP>",
    "value": "<TOP>",
    "type": "string",
    "line_idx": null,
    "children_dict": [
      {
        "name": "games",
        "value": "games",
        "type": "string",
        "children_dict": [
          {
            "name": "gp",
            "value": "gp",
            "type": "string",
            "children_dict": [],
            "line_idx": 0
          },
          {
            "name": "gs",
            "value": "gs",
            "type": "string",
            "children_dict": [],
            "line_idx": 1
          }
        ],
        "line_idx": null
      },
      {
        "name": "rushing",
        "value": "rushing",
        "type": "string",
        "children_dict": [
          {
            "name": "att",
            "value": "att",
            "type": "string",
            "children_dict": [],
            "line_idx": 2
          },
          {
            "name": "yards",
            "value": "yards",
            "type": "string",
            "children_dict": [],
            "line_idx": 3
          },
          {
            "name": "avg",
            "value": "avg",
            "type": "string",
            "children_dict": [],
            "line_idx": 4
          },
          {
            "name": "lng",
            "value": "lng",
            "type": "string",
            "children_dict": [],
            "line_idx": 5
          },
          {
            "name": "td",
            "value": "td",
            "type": "string",
            "children_dict": [],
            "line_idx": 6
          }
        ],
        "line_idx": null
      },
      {
        "name": "receiving",
        "value": "receiving",
        "type": "string",
        "children_dict": [
          {
            "name": "rec",
            "value": "rec",
            "type": "string",
            "children_dict": [],
            "line_idx": 7
          },
          {
            "name": "yards",
            "value": "yards",
            "type": "string",
            "children_dict": [],
            "line_idx": 8
          },
          {
            "name": "avg",
            "value": "avg",
            "type": "string",
            "children_dict": [],
            "line_idx": 9
          },
          {
            "name": "lng",
            "value": "lng",
            "type": "string",
            "children_dict": [],
            "line_idx": 10
          },
          {
            "name": "td",
            "value": "td",
            "type": "string",
            "children_dict": [],
            "line_idx": 11
          }
        ],
        "line_idx": null
      },
      {
        "name": "fumbles",
        "value": "fumbles",
        "type": "string",
        "children_dict": [
          {
            "name": "fum",
            "value": "fum",
            "type": "string",
            "children_dict": [],
            "line_idx": 12
          },
          {
            "name": "lost",
            "value": "lost",
            "type": "string",
            "children_dict": [],
            "line_idx": 13
          }
        ],
        "line_idx": null
      }
    ]
  },
  "left_root": {
    "name": "<LEFT>",
    "value": "<LEFT>",
    "type": "string",
    "line_idx": null,
    "children_dict": [
      {
        "name": "2018",
        "value": "2018",
        "type": "string",
        "children_dict": [
          {
            "name": "nyg",
            "value": "nyg",
            "type": "string",
            "children_dict": [],
            "line_idx": 0
          }
        ],
        "line_idx": null
      },
      {
        "name": "total",
        "value": "total",
        "type": "string",
        "children_dict": [],
        "line_idx": 1
      }
    ]
  },
  "data": [
    [
      {
        "value": 16
      },
      {
        "value": 16
      },
      {
        "value": 261
      },
      {
        "value": 1307
      },
      {
        "value": 5.0
      },
      {
        "value": "78t"
      },
      {
        "value": 11
      },
      {
        "value": 91
      },
      {
        "value": 721
      },
      {
        "value": 7.9
      },
      {
        "value": "57t"
      },
      {
        "value": 4
      },
      {
        "value": 0
      },
      {
        "value": 0
      }
    ],
    [
      {
        "value": 16
      },
      {
        "value": 16
      },
      {
        "value": 261
      },
      {
        "value": 1307
      },
      {
        "value": 5.0
      },
      {
        "value": "78t"
      },
      {
        "value": 11
      },
      {
        "value": 91
      },
      {
        "value": 721
      },
      {
        "value": 7.9
      },
      {
        "value": 57.0
      },
      {
        "value": 4
      },
      {
        "value": 0
      },
      {
        "value": 0
      }
    ]
  ]
}