{
  "title": "area by state, federal district or territory",
  "top_root": {
    "name": "<TOP>",
    "value": "<TOP>",
    "type": "string",
    "line_idx": null,
    "children_dict": [
      {
        "name": "total area",
        "value": "total area",
        "type": "string",
        "children_dict": [
          {
            "name": "rank",
            "value": "rank",
            "type": "string",
            "children_dict": [],
            "line_idx": 0
          },
          {
            "name": "sq mi",
            "value": "sq mi",
            "type": "string",
            "children_dict": [],
            "line_idx": 1
          },
          {
            "name": "km2",
            "value": "km2",
            "type": "string",
            "children_dict": [],
            "line_idx": 2
          }
        ],
        "line_idx": null
      },
      {
        "name": "land area",
        "value": "land area",
        "type": "string",
        "children_dict": [
          {
            "name": "rank",
            "value": "rank",
            "type": "string",
            "children_dict": [],
            "line_idx": 3
          },
          {
            "name": "sq mi",
            "value": "sq mi",
            "type": "string",
            "children_dict": [],
            "line_idx": 4
          },
          {
            "name": "km2",
            "value": "km2",
            "type": "string",
            "children_dict": [],
            "line_idx": 5
          },
          {
            "name": "% land",
            "value": "% land",
            "type": "string",
            "children_dict": [],
            "line_idx": 6
          }
        ],
        "line_idx": null
      },
      {
        "name": "water",
        "value": "water",
        "type": "string",
        "children_dict": [
          {
            "name": "rank",
            "value": "rank",
            "type": "string",
            "children_dict": [],
            "line_idx": 7
          },
          {
            "name": "sq mi",
            "value": "sq mi",
            "type": "string",
            "children_dict": [],
            "line_idx": 8
          },
          {
            "name": "km2",
            "value": "km2",
            "type": "string",
            "children_dict": [],
            "line_idx": 9
          },
          {
            "name": "% water",
            "value": "% water",
            "type": "string",
            "children_dict": [],
            "line_idx": 10
          }
        ],
        "line_idx": null
      }
    ]
  },
  "left_root": {
    "name": "<LEFT>",
    "value": "<LEFT>",
    "type": "string",
    "line_idx": null,
    "children_dict": [
      {
        "name": "alaska",
        "value": "alaska",
        "type": "string",
        "children_dict": [],
        "line_idx": 0
      },
      {
        "name": "texas",
        "value": "texas",
        "type": "string",
        "children_dict": [],
        "line_idx": 1
      },
      {
        "name": "california",
        "value": "california",
        "type": "string",
        "children_dict": [],
        "line_idx": 2
      },
      {
        "name": "montana",
        "value": "montana",
        "type": "string",
        "children_dict": [],
        "line_idx": 3
      },
      {
        "name": "new mexico",
        "value": "new mexico",
        "type": "string",
        "children_dict": [],
        "line_idx": 4
      },
      {
        "name": "arizona",
        "value": "arizona",
        "type": "string",
        "children_dict": [],
        "line_idx": 5
      },
      {
        "name": "nevada",
        "value": "nevada",
        "type": "string",
        "children_dict": [],
        "line_idx": 6
      },
      {
        "name": "colorado",
        "value": "colorado",
        "type": "string",
        "children_dict": [],
        "line_idx": 7
      },
      {
        "name": "oregon",
        "value": "oregon",
        "type": "string",
        "children_dict": [],
        "line_idx": 8
      },
      {
        "name": "wyoming",
        "value": "wyoming",
        "type": "string",
        "children_dict": [],
        "line_idx": 9
      },
      {
        "name": "michigan",
        "value": "michigan",
        "type": "string",
        "children_dict": [],
        "line_idx": 10
      },
      {
        "name": "minnesota",
        "value": "minnesota",
        "type": "string",
        "children_dict": [],
        "line_idx": 11
      },
      {
        "name": "utah",
        "value": "utah",
        "type": "string",
        "children_dict": [],
        "line_idx": 12
      },
      {
        "name": "idaho",
        "value": "idaho",
        "type": "string",
        "children_dict": [],
        "line_idx": 13
      },
      {
        "name": "kansas",
        "value": "kansas",
        "type": "string",
        "children_dict": [],
        "line_idx": 14
      },
      {
        "name": "nebraska",
        "value": "nebraska",
        "type": "string",
        "children_dict": [],
        "line_idx": 15
      },
      {
        "name": "south dakota",
        "value": "south dakota",
        "type": "string",
        "children_dict": [],
        "line_idx": 16
      },
      {
        "name": "washington",
        "value": "washington",
        "type": "string",
        "children_dict": [],
        "line_idx": 17
      },
      {
        "name": "north dakota",
        "value": "north dakota",
        "type": "string",
        "children_dict": [],
        "line_idx": 18
      },
      {
        "name": "oklahoma",
        "value": "oklahoma",
        "type": "string",
        "children_dict": [],
        "line_idx": 19
      },
      {
        "name": "missouri",
        "value": "missouri",
        "type": "string",
        "children_dict": [],
        "line_idx": 20
      },
      {
        "name": "florida",
        "value": "florida",
        "type": "string",
        "children_dict": [],
        "line_idx": 21
      },
      {
        "name": "wisconsin",
        "value": "wisconsin",
        "type": "string",
        "children_dict": [],
        "line_idx": 22
      },
      {
        "name": "georgia",
        "value": "georgia",
        "type": "string",
        "children_dict": [],
        "line_idx": 23
      },
      {
        "name": "illinois",
        "value": "illinois",
        "type": "string",
        "children_dict": [],
        "line_idx": 24
      },
      {
        "name": "iowa",
        "value": "iowa",
        "type": "string",
        "children_dict": [],
        "line_idx": 25
      },
      {
        "name": "new york",
        "value": "new york",
        "type": "string",
        "children_dict": [],
        "line_idx": 26
      },
      {
        "name": "north carolina",
        "value": "north carolina",
        "type": "string",
        "children_dict": [],
        "line_idx": 27
      },
      {
        "name": "arkansas",
        "value": "arkansas",
        "type": "string",
        "children_dict": [],
        "line_idx": 28
      },
      {
        "name": "alabama",
        "value": "alabama",
        "type": "string",
        "children_dict": [],
        "line_idx": 29
      },
      {
        "name": "louisiana",
        "value": "louisiana",
        "type": "string",
        "children_dict": [],
        "line_idx": 30
      },
      {
        "name": "mississippi",
        "value": "mississippi",
        "type": "string",
        "children_dict": [],
        "line_idx": 31
      },
      {
        "name": "pennsylvania",
        "value": "pennsylvania",
        "type": "string",
        "children_dict": [],
        "line_idx": 32
      },
      {
        "name": "ohio",
        "value": "ohio",
        "type": "string",
        "children_dict": [],
        "line_idx": 33
      },
      {
        "name": "virginia",
        "value": "virginia",
        "type": "string",
        "children_dict": [],
        "line_idx": 34
      },
      {
        "name": "tennessee",
        "value": "tennessee",
        "type": "string",
        "children_dict": [],
        "line_idx": 35
      },
      {
        "name": "kentucky",
        "value": "kentucky",
        "type": "string",
        "children_dict": [],
        "line_idx": 36
      },
      {
        "name": "indiana",
        "value": "indiana",
        "type": "string",
        "children_dict": [],
        "line_idx": 37
      },
      {
        "name": "maine",
        "value": "maine",
        "type": "string",
        "children_dict": [],
        "line_idx": 38
      },
      {
        "name": "south carolina",
        "value": "south carolina",
        "type": "string",
        "children_dict": [],
        "line_idx": 39
      },
      {
        "name": "west virginia",
        "value": "west virginia",
        "type": "string",
        "children_dict": [],
        "line_idx": 40
      },
      {
        "name": "maryland",
        "value": "maryland",
        "type": "string",
        "children_dict": [],
        "line_idx": 41
      },
      {
        "name": "hawaii",
        "value": "hawaii",
        "type": "string",
        "children_dict": [],
        "line_idx": 42
      },
      {
        "name": "massachusetts",
        "value": "massachusetts",
        "type": "string",
        "children_dict": [],
        "line_idx": 43
      },
      {
        "name": "vermont",
        "value": "vermont",
        "type": "string",
        "children_dict": [],
        "line_idx": 44
      },
      {
        "name": "new hampshire",
        "value": "new hampshire",
        "type": "string",
        "children_dict": [],
        "line_idx": 45
      },
      {
        "name": "new jersey",
        "value": "new jersey",
        "type": "string",
        "children_dict": [],
        "line_idx": 46
      },
      {
        "name": "connecticut",
        "value": "connecticut",
        "type": "string",
        "children_dict": [],
        "line_idx": 47
      },
      {
        "name": "delaware",
        "value": "delaware",
        "type": "string",
        "children_dict": [],
        "line_idx": 48
      },
      {
        "name": "rhode island",
        "value": "rhode island",
        "type": "string",
        "children_dict": [],
        "line_idx": 49
      },
      {
        "name": "district of columbia",
        "value": "district of columbia",
        "type": "string",
        "children_dict": [],
        "line_idx": 50
      },
      {
        "name": "puerto rico",
        "value": "puerto rico",
        "type": "string",
        "children_dict": [],
        "line_idx": 51
      },
      {
        "name": "northern mariana islands",
        "value": "northern mariana islands",
        "type": "string",
        "children_dict": [],
        "line_idx": 52
      },
      {
        "name": "united states virgin islands",
        "value": "united states virgin islands",
        "type": "string",
        "children_dict": [],
        "line_idx": 53
      },
      {
        "name": "american samoa",
        "value": "american samoa",
        "type": "string",
        "children_dict": [],
        "line_idx": 54
      },
      {
        "name": "guam",
        "value": "guam",
        "type": "string",
        "children_dict": [],
        "line_idx": 55
      },
      {
        "name": "united states minor outlying islands",
        "value": "united states minor outlying islands",
        "type": "string",
        "children_dict": [],
        "line_idx": 56
      },
      {
        "name": "united states contiguous united states",
        "value": "united states contiguous united states",
        "type": "string",
        "children_dict": [],
        "line_idx": 57
      },
      {
        "name": "united states 50 states and district of columbia",
        "value": "united states 50 states and district of columbia",
        "type": "string",
        "children_dict": [],
        "line_idx": 58
      },
      {
        "name": "united states all u.s. territory",
        "value": "united states all u.s. territory",
        "type": "string",
        "children_dict": [],
        "line_idx": 59
      }
    ]
  },
  "data": [
    [
      {
        "value": 1.0
      },
      {
        "value": 665384.04
      },
      {
        "value": 1723337
      },
      {
        "value": 1.0
      },
      {
        "value": 570640.95
      },
      {
        "value": 1477953
      },
      {
        "value": 85.76
      },
      {
        "value": 1.0
      },
      {
        "value": 94743.1
      },
      {
        "value": 245384.0
      },
      {
        "value": 14.24
      }
    ],
    [
      {
        "value": 2.0
      },
      {
        "value": 268596.46
      },
      {
        "value": 695662
      },
      {
        "value": 2.0
      },
      {
        "value": 261231.71
      },
      {
        "value": 676587
      },
      {
        "value": 97.26
      },
      {
        "value": 8.0
      },
      {
        "value": 7364.75
      },
      {
        "value": 19075.0
      },
      {
        "value": 2.74
      }
    ],
    [
      {
        "value": 3.0
      },
      {
        "value": 163696.32
      },
      {
        "value": 423972
      },
      {
        "value": 3.0
      },
      {
        "value": 155779.22
      },
      {
        "value": 403466
      },
      {
        "value": 95.16
      },
      {
        "value": 6.0
      },
      {
        "value": 7915.52
      },
      {
        "value": 20501.0
      },
      {
        "value": 4.84
      }
    ],
    [
      {
        "value": 4.0
      },
      {
        "value": 147039.71
      },
      {
        "value": 380831
      },
      {
        "value": 4.0
      },
      {
        "value": 145545.8
      },
      {
        "value": 376962
      },
      {
        "value": 98.98
      },
      {
        "value": 26.0
      },
      {
        "value": 1493.91
      },
      {
        "value": 3869.0
      },
      {
        "value": 1.02
      }
    ],
    [
      {
        "value": 5.0
      },
      {
        "value": 121590.3
      },
      {
        "value": 314917
      },
      {
        "value": 5.0
      },
      {
        "value": 121298.15
      },
      {
        "value": 314161
      },
      {
        "value": 99.76
      },
      {
        "value": 49.0
      },
      {
        "value": 292.15
      },
      {
        "value": 757.0
      },
      {
        "value": 0.24
      }
    ],
    [
      {
        "value": 6.0
      },
      {
        "value": 113990.3
      },
      {
        "value": 295234
      },
      {
        "value": 6.0
      },
      {
        "value": 113594.08
      },
      {
        "value": 294207
      },
      {
        "value": 99.65
      },
      {
        "value": 48.0
      },
      {
        "value": 396.22
      },
      {
        "value": 1026.0
      },
      {
        "value": 0.35
      }
    ],
    [
      {
        "value": 7.0
      },
      {
        "value": 110571.82
      },
      {
        "value": 286380
      },
      {
        "value": 7.0
      },
      {
        "value": 109781.18
      },
      {
        "value": 284332
      },
      {
        "value": 99.28
      },
      {
        "value": 36.0
      },
      {
        "value": 790.65
      },
      {
        "value": 2048.0
      },
      {
        "value": 0.72
      }
    ],
    [
      {
        "value": 8.0
      },
      {
        "value": 104093.67
      },
      {
        "value": 269601
      },
      {
        "value": 8.0
      },
      {
        "value": 103641.89
      },
      {
        "value": 268431
      },
      {
        "value": 99.57
      },
      {
        "value": 44.0
      },
      {
        "value": 451.78
      },
      {
        "value": 1170.0
      },
      {
        "value": 0.43
      }
    ],
    [
      {
        "value": 9.0
      },
      {
        "value": 98378.54
      },
      {
        "value": 254799
      },
      {
        "value": 10.0
      },
      {
        "value": 95988.01
      },
      {
        "value": 248608
      },
      {
        "value": 97.57
      },
      {
        "value": 20.0
      },
      {
        "value": 2390.53
      },
      {
        "value": 6191.0
      },
      {
        "value": 2.43
      }
    ],
    [
      {
        "value": 10.0
      },
      {
        "value": 97813.01
      },
      {
        "value": 253335
      },
      {
        "value": 9.0
      },
      {
        "value": 97093.14
      },
      {
        "value": 251470
      },
      {
        "value": 99.26
      },
      {
        "value": 37.0
      },
      {
        "value": 719.87
      },
      {
        "value": 1864.0
      },
      {
        "value": 0.74
      }
    ],
    [
      {
        "value": 11.0
      },
      {
        "value": 96713.51
      },
      {
        "value": 250487
      },
      {
        "value": 22.0
      },
      {
        "value": 56538.9
      },
      {
        "value": 146435
      },
      {
        "value": 58.46
      },
      {
        "value": 2.0
      },
      {
        "value": 40174.61
      },
      {
        "value": 104052.0
      },
      {
        "value": 41.54
      }
    ],
    [
      {
        "value": 12.0
      },
      {
        "value": 86935.83
      },
      {
        "value": 225163
      },
      {
        "value": 14.0
      },
      {
        "value": 79626.74
      },
      {
        "value": 206232
      },
      {
        "value": 91.59
      },
      {
        "value": 9.0
      },
      {
        "value": 7309.09
      },
      {
        "value": 18930.0
      },
      {
        "value": 8.41
      }
    ],
    [
      {
        "value": 13.0
      },
      {
        "value": 84896.88
      },
      {
        "value": 219882
      },
      {
        "value": 12.0
      },
      {
        "value": 82169.62
      },
      {
        "value": 212818
      },
      {
        "value": 96.79
      },
      {
        "value": 17.0
      },
      {
        "value": 2727.26
      },
      {
        "value": 7064.0
      },
      {
        "value": 3.21
      }
    ],
    [
      {
        "value": 14.0
      },
      {
        "value": 83568.95
      },
      {
        "value": 216443
      },
      {
        "value": 11.0
      },
      {
        "value": 82643.12
      },
      {
        "value": 214045
      },
      {
        "value": 98.89
      },
      {
        "value": 33.0
      },
      {
        "value": 925.83
      },
      {
        "value": 2398.0
      },
      {
        "value": 1.11
      }
    ],
    [
      {
        "value": 15.0
      },
      {
        "value": 82278.36
      },
      {
        "value": 213100
      },
      {
        "value": 13.0
      },
      {
        "value": 81758.72
      },
      {
        "value": 211754
      },
      {
        "value": 99.37
      },
      {
        "value": 42.0
      },
      {
        "value": 519.64
      },
      {
        "value": 1346.0
      },
      {
        "value": 0.63
      }
    ],
    [
      {
        "value": 16.0
      },
      {
        "value": 77347.81
      },
      {
        "value": 200330
      },
      {
        "value": 15.0
      },
      {
        "value": 76824.17
      },
      {
        "value": 198974
      },
      {
        "value": 99.32
      },
      {
        "value": 41.0
      },
      {
        "value": 523.64
      },
      {
        "value": 1356.0
      },
      {
        "value": 0.68
      }
    ],
    [
      {
        "value": 17.0
      },
      {
        "value": 77115.68
      },
      {
        "value": 199729
      },
      {
        "value": 16.0
      },
      {
        "value": 75811.0
      },
      {
        "value": 196350
      },
      {
        "value": 98.31
      },
      {
        "value": 29.0
      },
      {
        "value": 1304.68
      },
      {
        "value": 3379.0
      },
      {
        "value": 1.69
      }
    ],
    [
      {
        "value": 18.0
      },
      {
        "value": 71297.95
      },
      {
        "value": 184661
      },
      {
        "value": 20.0
      },
      {
        "value": 66455.52
      },
      {
        "value": 172119
      },
      {
        "value": 93.21
      },
      {
        "value": 11.0
      },
      {
        "value": 4842.43
      },
      {
        "value": 12542.0
      },
      {
        "value": 6.79
      }
    ],
    [
      {
        "value": 19.0
      },
      {
        "value": 70698.32
      },
      {
        "value": 183108
      },
      {
        "value": 17.0
      },
      {
        "value": 69000.8
      },
      {
        "value": 178711
      },
      {
        "value": 97.6
      },
      {
        "value": 24.0
      },
      {
        "value": 1697.52
      },
      {
        "value": 4397.0
      },
      {
        "value": 2.4
      }
    ],
    [
      {
        "value": 20.0
      },
      {
        "value": 69898.87
      },
      {
        "value": 181037
      },
      {
        "value": 19.0
      },
      {
        "value": 68594.92
      },
      {
        "value": 177660
      },
      {
        "value": 98.13
      },
      {
        "value": 30.0
      },
      {
        "value": 1303.95
      },
      {
        "value": 3377.0
      },
      {
        "value": 1.87
      }
    ],
    [
      {
        "value": 21.0
      },
      {
        "value": 69706.99
      },
      {
        "value": 180540
      },
      {
        "value": 18.0
      },
      {
        "value": 68741.52
      },
      {
        "value": 178040
      },
      {
        "value": 98.61
      },
      {
        "value": 32.0
      },
      {
        "value": 965.47
      },
      {
        "value": 2501.0
      },
      {
        "value": 1.39
      }
    ],
    [
      {
        "value": 22.0
      },
      {
        "value": 65757.7
      },
      {
        "value": 170312
      },
      {
        "value": 26.0
      },
      {
        "value": 53624.76
      },
      {
        "value": 138887
      },
      {
        "value": 81.55
      },
      {
        "value": 3.0
      },
      {
        "value": 12132.94
      },
      {
        "value": 31424.0
      },
      {
        "value": 18.45
      }
    ],
    [
      {
        "value": 23.0
      },
      {
        "value": 65496.38
      },
      {
        "value": 169635
      },
      {
        "value": 25.0
      },
      {
        "value": 54157.8
      },
      {
        "value": 140268
      },
      {
        "value": 82.69
      },
      {
        "value": 4.0
      },
      {
        "value": 11338.57
      },
      {
        "value": 29367.0
      },
      {
        "value": 17.31
      }
    ],
    [
      {
        "value": 24.0
      },
      {
        "value": 59425.15
      },
      {
        "value": 153910
      },
      {
        "value": 21.0
      },
      {
        "value": 57513.49
      },
      {
        "value": 148959
      },
      {
        "value": 96.78
      },
      {
        "value": 22.0
      },
      {
        "value": 1911.66
      },
      {
        "value": 4951.0
      },
      {
        "value": 3.22
      }
    ],
    [
      {
        "value": 25.0
      },
      {
        "value": 57913.55
      },
      {
        "value": 149995
      },
      {
        "value": 24.0
      },
      {
        "value": 55518.93
      },
      {
        "value": 143793
      },
      {
        "value": 95.87
      },
      {
        "value": 19.0
      },
      {
        "value": 2394.62
      },
      {
        "value": 6202.0
      },
      {
        "value": 4.13
      }
    ],
    [
      {
        "value": 26.0
      },
      {
        "value": 56272.81
      },
      {
        "value": 145746
      },
      {
        "value": 23.0
      },
      {
        "value": 55857.13
      },
      {
        "value": 144669
      },
      {
        "value": 99.26
      },
      {
        "value": 45.0
      },
      {
        "value": 415.68
      },
      {
        "value": 1077.0
      },
      {
        "value": 0.74
      }
    ],
    [
      {
        "value": 27.0
      },
      {
        "value": 54554.98
      },
      {
        "value": 141297
      },
      {
        "value": 30.0
      },
      {
        "value": 47126.4
      },
      {
        "value": 122057
      },
      {
        "value": 86.38
      },
      {
        "value": 7.0
      },
      {
        "value": 7428.58
      },
      {
        "value": 19240.0
      },
      {
        "value": 13.62
      }
    ],
    [
      {
        "value": 28.0
      },
      {
        "value": 53819.16
      },
      {
        "value": 139391
      },
      {
        "value": 29.0
      },
      {
        "value": 48617.91
      },
      {
        "value": 125920
      },
      {
        "value": 90.34
      },
      {
        "value": 10.0
      },
      {
        "value": 5201.25
      },
      {
        "value": 13471.0
      },
      {
        "value": 9.66
      }
    ],
    [
      {
        "value": 29.0
      },
      {
        "value": 53178.55
      },
      {
        "value": 137732
      },
      {
        "value": 27.0
      },
      {
        "value": 52035.48
      },
      {
        "value": 134771
      },
      {
        "value": 97.85
      },
      {
        "value": 31.0
      },
      {
        "value": 1143.07
      },
      {
        "value": 2961.0
      },
      {
        "value": 2.15
      }
    ],
    [
      {
        "value": 30.0
      },
      {
        "value": 52420.07
      },
      {
        "value": 135767
      },
      {
        "value": 28.0
      },
      {
        "value": 50645.33
      },
      {
        "value": 131171
      },
      {
        "value": 96.61
      },
      {
        "value": 23.0
      },
      {
        "value": 1774.74
      },
      {
        "value": 4597.0
      },
      {
        "value": 3.39
      }
    ],
    [
      {
        "value": 31.0
      },
      {
        "value": 52378.13
      },
      {
        "value": 135659
      },
      {
        "value": 33.0
      },
      {
        "value": 43203.9
      },
      {
        "value": 111898
      },
      {
        "value": 82.48
      },
      {
        "value": 5.0
      },
      {
        "value": 9174.23
      },
      {
        "value": 23761.0
      },
      {
        "value": 17.52
      }
    ],
    [
      {
        "value": 32.0
      },
      {
        "value": 48431.78
      },
      {
        "value": 125438
      },
      {
        "value": 31.0
      },
      {
        "value": 46923.27
      },
      {
        "value": 121531
      },
      {
        "value": 96.89
      },
      {
        "value": 25.0
      },
      {
        "value": 1508.51
      },
      {
        "value": 3907.0
      },
      {
        "value": 3.11
      }
    ],
    [
      {
        "value": 33.0
      },
      {
        "value": 46054.35
      },
      {
        "value": 119280
      },
      {
        "value": 32.0
      },
      {
        "value": 44742.7
      },
      {
        "value": 115883
      },
      {
        "value": 97.15
      },
      {
        "value": 28.0
      },
      {
        "value": 1311.64
      },
      {
        "value": 3397.0
      },
      {
        "value": 2.85
      }
    ],
    [
      {
        "value": 34.0
      },
      {
        "value": 44825.58
      },
      {
        "value": 116098
      },
      {
        "value": 35.0
      },
      {
        "value": 40860.69
      },
      {
        "value": 105829
      },
      {
        "value": 91.15
      },
      {
        "value": 14.0
      },
      {
        "value": 3964.89
      },
      {
        "value": 10269.0
      },
      {
        "value": 8.85
      }
    ],
    [
      {
        "value": 35.0
      },
      {
        "value": 42774.93
      },
      {
        "value": 110787
      },
      {
        "value": 36.0
      },
      {
        "value": 39490.09
      },
      {
        "value": 102279
      },
      {
        "value": 92.32
      },
      {
        "value": 15.0
      },
      {
        "value": 3284.84
      },
      {
        "value": 8508.0
      },
      {
        "value": 7.68
      }
    ],
    [
      {
        "value": 36.0
      },
      {
        "value": 42144.25
      },
      {
        "value": 109153
      },
      {
        "value": 34.0
      },
      {
        "value": 41234.9
      },
      {
        "value": 106798
      },
      {
        "value": 97.84
      },
      {
        "value": 35.0
      },
      {
        "value": 909.36
      },
      {
        "value": 2355.0
      },
      {
        "value": 2.16
      }
    ],
    [
      {
        "value": 37.0
      },
      {
        "value": 40407.8
      },
      {
        "value": 104656
      },
      {
        "value": 37.0
      },
      {
        "value": 39486.34
      },
      {
        "value": 102269
      },
      {
        "value": 97.72
      },
      {
        "value": 34.0
      },
      {
        "value": 921.46
      },
      {
        "value": 2387.0
      },
      {
        "value": 2.28
      }
    ],
    [
      {
        "value": 38.0
      },
      {
        "value": 36419.55
      },
      {
        "value": 94326
      },
      {
        "value": 38.0
      },
      {
        "value": 35826.11
      },
      {
        "value": 92789
      },
      {
        "value": 98.37
      },
      {
        "value": 39.0
      },
      {
        "value": 593.44
      },
      {
        "value": 1537.0
      },
      {
        "value": 1.63
      }
    ],
    [
      {
        "value": 39.0
      },
      {
        "value": 35379.74
      },
      {
        "value": 91633
      },
      {
        "value": 39.0
      },
      {
        "value": 30842.92
      },
      {
        "value": 79883
      },
      {
        "value": 87.18
      },
      {
        "value": 12.0
      },
      {
        "value": 4536.82
      },
      {
        "value": 11750.0
      },
      {
        "value": 12.82
      }
    ],
    [
      {
        "value": 40.0
      },
      {
        "value": 32020.49
      },
      {
        "value": 82933
      },
      {
        "value": 40.0
      },
      {
        "value": 30060.7
      },
      {
        "value": 77857
      },
      {
        "value": 93.88
      },
      {
        "value": 21.0
      },
      {
        "value": 1959.79
      },
      {
        "value": 5076.0
      },
      {
        "value": 6.12
      }
    ],
    [
      {
        "value": 41.0
      },
      {
        "value": 24230.04
      },
      {
        "value": 62756
      },
      {
        "value": 41.0
      },
      {
        "value": 24038.21
      },
      {
        "value": 62259
      },
      {
        "value": 99.21
      },
      {
        "value": 50.0
      },
      {
        "value": 191.83
      },
      {
        "value": 497.0
      },
      {
        "value": 0.79
      }
    ],
    [
      {
        "value": 42.0
      },
      {
        "value": 12405.93
      },
      {
        "value": 32131
      },
      {
        "value": 42.0
      },
      {
        "value": 9707.24
      },
      {
        "value": 25142
      },
      {
        "value": 78.25
      },
      {
        "value": 18.0
      },
      {
        "value": 2698.69
      },
      {
        "value": 6990.0
      },
      {
        "value": 21.75
      }
    ],
    [
      {
        "value": 43.0
      },
      {
        "value": 10931.72
      },
      {
        "value": 28313
      },
      {
        "value": 47.0
      },
      {
        "value": 6422.63
      },
      {
        "value": 16635
      },
      {
        "value": 58.75
      },
      {
        "value": 13.0
      },
      {
        "value": 4509.09
      },
      {
        "value": 11678.0
      },
      {
        "value": 41.25
      }
    ],
    [
      {
        "value": 44.0
      },
      {
        "value": 10554.39
      },
      {
        "value": 27336
      },
      {
        "value": 45.0
      },
      {
        "value": 7800.06
      },
      {
        "value": 20202
      },
      {
        "value": 73.9
      },
      {
        "value": 16.0
      },
      {
        "value": 2754.33
      },
      {
        "value": 7134.0
      },
      {
        "value": 26.1
      }
    ],
    [
      {
        "value": 45.0
      },
      {
        "value": 9616.36
      },
      {
        "value": 24906
      },
      {
        "value": 43.0
      },
      {
        "value": 9216.66
      },
      {
        "value": 23871
      },
      {
        "value": 95.84
      },
      {
        "value": 46.0
      },
      {
        "value": 399.71
      },
      {
        "value": 1035.0
      },
      {
        "value": 4.16
      }
    ],
    [
      {
        "value": 46.0
      },
      {
        "value": 9349.16
      },
      {
        "value": 24214
      },
      {
        "value": 44.0
      },
      {
        "value": 8952.65
      },
      {
        "value": 23187
      },
      {
        "value": 95.76
      },
      {
        "value": 47.0
      },
      {
        "value": 396.51
      },
      {
        "value": 1027.0
      },
      {
        "value": 4.24
      }
    ],
    [
      {
        "value": 47.0
      },
      {
        "value": 8722.58
      },
      {
        "value": 22591
      },
      {
        "value": 46.0
      },
      {
        "value": 7354.22
      },
      {
        "value": 19047
      },
      {
        "value": 84.31
      },
      {
        "value": 27.0
      },
      {
        "value": 1368.36
      },
      {
        "value": 3544.0
      },
      {
        "value": 15.69
      }
    ],
    [
      {
        "value": 48.0
      },
      {
        "value": 5543.41
      },
      {
        "value": 14357
      },
      {
        "value": 48.0
      },
      {
        "value": 4842.36
      },
      {
        "value": 12542
      },
      {
        "value": 87.35
      },
      {
        "value": 38.0
      },
      {
        "value": 701.06
      },
      {
        "value": 1816.0
      },
      {
        "value": 12.65
      }
    ],
    [
      {
        "value": 49.0
      },
      {
        "value": 2488.72
      },
      {
        "value": 6446
      },
      {
        "value": 49.0
      },
      {
        "value": 1948.54
      },
      {
        "value": 5047
      },
      {
        "value": 78.29
      },
      {
        "value": 40.0
      },
      {
        "value": 540.18
      },
      {
        "value": 1399.0
      },
      {
        "value": 21.71
      }
    ],
    [
      {
        "value": 50.0
      },
      {
        "value": 1544.89
      },
      {
        "value": 4001
      },
      {
        "value": 50.0
      },
      {
        "value": 1033.81
      },
      {
        "value": 2678
      },
      {
        "value": 66.92
      },
      {
        "value": 43.0
      },
      {
        "value": 511.07
      },
      {
        "value": 1324.0
      },
      {
        "value": 33.08
      }
    ],
    [
      {
        "value": "none"
      },
      {
        "value": 68.34
      },
      {
        "value": 177
      },
      {
        "value": "none"
      },
      {
        "value": 61.05
      },
      {
        "value": 158
      },
      {
        "value": 89.33
      },
      {
        "value": "none"
      },
      {
        "value": 7.29
      },
      {
        "value": 19.0
      },
      {
        "value": 10.67
      }
    ],
    [
      {
        "value": "none"
      },
      {
        "value": 5324.84
      },
      {
        "value": 13791
      },
      {
        "value": "none"
      },
      {
        "value": 3423.78
      },
      {
        "value": 8868
      },
      {
        "value": 64.3
      },
      {
        "value": "none"
      },
      {
        "value": 1901.07
      },
      {
        "value": 4924.0
      },
      {
        "value": 35.7
      }
    ],
    [
      {
        "value": "none"
      },
      {
        "value": 1975.57
      },
      {
        "value": 5117
      },
      {
        "value": "none"
      },
      {
        "value": 182.33
      },
      {
        "value": 472
      },
      {
        "value": 9.23
      },
      {
        "value": "none"
      },
      {
        "value": 1793.24
      },
      {
        "value": 4644.0
      },
      {
        "value": 90.77
      }
    ],
    [
      {
        "value": "none"
      },
      {
        "value": 732.93
      },
      {
        "value": 1898
      },
      {
        "value": "none"
      },
      {
        "value": 134.32
      },
      {
        "value": 348
      },
      {
        "value": 18.33
      },
      {
        "value": "none"
      },
      {
        "value": 598.61
      },
      {
        "value": 1550.0
      },
      {
        "value": 81.67
      }
    ],
    [
      {
        "value": "none"
      },
      {
        "value": 581.05
      },
      {
        "value": 1505
      },
      {
        "value": "none"
      },
      {
        "value": 76.46
      },
      {
        "value": 198
      },
      {
        "value": 13.16
      },
      {
        "value": "none"
      },
      {
        "value": 504.6
      },
      {
        "value": 1307.0
      },
      {
        "value": 86.84
      }
    ],
    [
      {
        "value": "none"
      },
      {
        "value": 570.62
      },
      {
        "value": 1478
      },
      {
        "value": "none"
      },
      {
        "value": 209.8
      },
      {
        "value": 543
      },
      {
        "value": 36.77
      },
      {
        "value": "none"
      },
      {
        "value": 360.82
      },
      {
        "value": 935.0
      },
      {
        "value": 63.23
      }
    ],
    [
      {
        "value": "none"
      },
      {
        "value": 16.0
      },
      {
        "value": 41
      },
      {
        "value": "none"
      },
      {
        "value": 16.0
      },
      {
        "value": 41
      },
      {
        "value": "-"
      },
      {
        "value": "none"
      },
      {
        "value": "-"
      },
      {
        "value": "-"
      },
      {
        "value": "-"
      }
    ],
    [
      {
        "value": "total"
      },
      {
        "value": 3120426.47
      },
      {
        "value": 8081867
      },
      {
        "value": "none"
      },
      {
        "value": 2954841.42
      },
      {
        "value": 7653004
      },
      {
        "value": 94.69
      },
      {
        "value": "none"
      },
      {
        "value": 165584.6
      },
      {
        "value": 428862.0
      },
      {
        "value": 5.31
      }
    ],
    [
      {
        "value": "total"
      },
      {
        "value": 3796742.23
      },
      {
        "value": 9833517
      },
      {
        "value": "none"
      },
      {
        "value": 3531905.43
      },
      {
        "value": 9147593
      },
      {
        "value": 93.02
      },
      {
        "value": "none"
      },
      {
        "value": 264836.79
      },
      {
        "value": 685924.0
      },
      {
        "value": 6.98
      }
    ],
    [
      {
        "value": "total"
      },
      {
        "value": 3805943.26
      },
      {
        "value": 9857348
      },
      {
        "value": "none"
      },
      {
        "value": 3535948.12
      },
      {
        "value": 9158064
      },
      {
        "value": 92.91
      },
      {
        "value": "none"
      },
      {
        "value": 269995.13
      },
      {
        "value": 699284.0
      },
      {
        "value": 7.09
      }
    ]
  ]
}