{
  "title": "statistics",
  "top_root": {
    "name": "<TOP>",
    "value": "<TOP>",
    "type": "string",
    "line_idx": null,
    "children_dict": [
      {
        "name": "league",
        "value": "league",
        "type": "string",
        "children_dict": [
          {
            "name": "apps",
            "value": "apps",
            "type": "string",
            "children_dict": [],
            "line_idx": 0
          },
          {
            "name": "goals",
            "value": "goals",
            "type": "string",
            "children_dict": [],
            "line_idx": 1
          }
        ],
        "line_idx": null
      },
      {
        "name": "fa cup",
        "value": "fa cup",
        "type": "string",
        "children_dict": [
          {
            "name": "apps",
            "value": "apps",
            "type": "string",
            "children_dict": [],
            "line_idx": 2
          },
          {
            "name": "goals",
            "value": "goals",
            "type": "string",
            "children_dict": [],
            "line_idx": 3
          }
        ],
        "line_idx": null
      },
      {
        "name": "other",
        "value": "other",
        "type": "string",
        "children_dict": [
          {
            "name": "apps",
            "value": "apps",
            "type": "string",
            "children_dict": [],
            "line_idx": 4
          },
          {
            "name": "goals",
            "value": "goals",
            "type": "string",
            "children_dict": [],
            "line_idx": 5
          }
        ],
        "line_idx": null
      },
      {
        "name": "total",
        "value": "total",
        "type": "string",
        "children_dict": [
          {
            "name": "apps",
            "value": "apps",
            "type": "string",
            "children_dict": [],
            "line_idx": 6
          },
          {
            "name": "goals",
            "value": "goals",
            "type": "string",
            "children_dict": [],
            "line_idx": 7
          }
        ],
        "line_idx": null
      }
    ]
  },
  "left_root": {
    "name": "<LEFT>",
    "value": "<LEFT>",
    "type": "string",
    "line_idx": null,
    "children_dict": [
      {
        "name": "derby county",
        "value": "derby county",
        "type": "string",
        "children_dict": [
          {
            "name": "1960-61",
            "value": "1960-61",
            "type": "string",
            "children_dict": [
              {
                "name": "second division",
                "value": "second division",
                "type": "string",
                "children_dict": [],
                "line_idx": 0
              }
            ],
            "line_idx": null
          },
          {
            "name": "1961-62",
            "value": "1961-62",
            "type": "string",
            "children_dict": [
              {
                "name": "second division",
                "value": "second division",
                "type": "string",
                "children_dict": [],
                "line_idx": 1
              }
            ],
            "line_idx": null
          },
          {
            "name": "1962-63",
            "value": "1962-63",
            "type": "string",
            "children_dict": [
              {
                "name": "second division",
                "value": "second division",
                "type": "string",
                "children_dict": [],
                "line_idx": 2
              }
            ],
            "line_idx": null
          },
          {
            "name": "1963-64",
            "value": "1963-64",
            "type": "string",
            "children_dict": [
              {
                "name": "second division",
                "value": "second division",
                "type": "string",
                "children_dict": [],
                "line_idx": 3
              }
            ],
            "line_idx": null
          },
          {
            "name": "1964-65",
            "value": "1964-65",
            "type": "string",
            "children_dict": [
              {
                "name": "second division",
                "value": "second division",
                "type": "string",
                "children_dict": [],
                "line_idx": 4
              }
            ],
            "line_idx": null
          },
          {
            "name": "1965-66",
            "value": "1965-66",
            "type": "string",
            "children_dict": [
              {
                "name": "second division",
                "value": "second division",
                "type": "string",
                "children_dict": [],
                "line_idx": 5
              }
            ],
            "line_idx": null
          },
          {
            "name": "1966-67",
            "value": "1966-67",
            "type": "string",
            "children_dict": [
              {
                "name": "second division",
                "value": "second division",
                "type": "string",
                "children_dict": [],
                "line_idx": 6
              }
            ],
            "line_idx": null
          },
          {
            "name": "1967-68",
            "value": "1967-68",
            "type": "string",
            "children_dict": [
              {
                "name": "second division",
                "value": "second division",
                "type": "string",
                "children_dict": [],
                "line_idx": 7
              }
            ],
            "line_idx": null
          },
          {
            "name": "total",
            "value": "total",
            "type": "string",
            "children_dict": [],
            "line_idx": 8
          }
        ],
        "line_idx": null
      },
      {
        "name": "mansfield town",
        "value": "mansfield town",
        "type": "string",
        "children_dict": [
          {
            "name": "1968-69",
            "value": "1968-69",
            "type": "string",
            "children_dict": [
              {
                "name": "third division",
                "value": "third division",
                "type": "string",
                "children_dict": [],
                "line_idx": 9
              }
            ],
            "line_idx": null
          },
          {
            "name": "1969-70",
            "value": "1969-70",
            "type": "string",
            "children_dict": [
              {
                "name": "third division",
                "value": "third division",
                "type": "string",
                "children_dict": [],
                "line_idx": 10
              }
            ],
            "line_idx": null
          },
          {
            "name": "total",
            "value": "total",
            "type": "string",
            "children_dict": [],
            "line_idx": 11
          }
        ],
        "line_idx": null
      },
      {
        "name": "port vale",
        "value": "port vale",
        "type": "string",
        "children_dict": [
          {
            "name": "1970-71",
            "value": "1970-71",
            "type": "string",
            "children_dict": [
              {
                "name": "third division",
                "value": "third division",
                "type": "string",
                "children_dict": [],
                "line_idx": 12
              }
            ],
            "line_idx": null
          }
        ],
        "line_idx": null
      },
      {
        "name": "career total",
        "value": "career total",
        "type": "string",
        "children_dict": [],
        "line_idx": 13
      }
    ]
  },
  "data": [
    [
      {
        "value": 2
      },
      {
        "value": 0
      },
      {
        "value": 0
      },
      {
        "value": 0
      },
      {
        "value": 0
      },
      {
        "value": 0
      },
      {
        "value": 2
      },
      {
        "value": 0
      }
    ],
    [
      {
        "value": 32
      },
      {
        "value": 1
      },
      {
        "value": 3
      },
      {
        "value": 0
      },
      {
        "value": 4
      },
      {
        "value": 0
      },
      {
        "value": 39
      },
      {
        "value": 1
      }
    ],
    [
      {
        "value": 17
      },
      {
        "value": 0
      },
      {
        "value": 1
      },
      {
        "value": 0
      },
      {
        "value": 0
      },
      {
        "value": 0
      },
      {
        "value": 18
      },
      {
        "value": 0
      }
    ],
    [
      {
        "value": 19
      },
      {
        "value": 2
      },
      {
        "value": 0
      },
      {
        "value": 0
      },
      {
        "value": 1
      },
      {
        "value": 0
      },
      {
        "value": 20
      },
      {
        "value": 2
      }
    ],
    [
      {
        "value": 4
      },
      {
        "value": 0
      },
      {
        "value": 1
      },
      {
        "value": 1
      },
      {
        "value": 0
      },
      {
        "value": 0
      },
      {
        "value": 5
      },
      {
        "value": 1
      }
    ],
    [
      {
        "value": 3
      },
      {
        "value": 0
      },
      {
        "value": 0
      },
      {
        "value": 0
      },
      {
        "value": 1
      },
      {
        "value": 0
      },
      {
        "value": 4
      },
      {
        "value": 0
      }
    ],
    [
      {
        "value": 16
      },
      {
        "value": 1
      },
      {
        "value": 1
      },
      {
        "value": 0
      },
      {
        "value": 0
      },
      {
        "value": 0
      },
      {
        "value": 17
      },
      {
        "value": 1
      }
    ],
    [
      {
        "value": 22
      },
      {
        "value": 0
      },
      {
        "value": 0
      },
      {
        "value": 0
      },
      {
        "value": 4
      },
      {
        "value": 1
      },
      {
        "value": 26
      },
      {
        "value": 1
      }
    ],
    [
      {
        "value": 115
      },
      {
        "value": 4
      },
      {
        "value": 6
      },
      {
        "value": 1
      },
      {
        "value": 10
      },
      {
        "value": 1
      },
      {
        "value": 131
      },
      {
        "value": 6
      }
    ],
    [
      {
        "value": 44
      },
      {
        "value": 1
      },
      {
        "value": 7
      },
      {
        "value": 0
      },
      {
        "value": 1
      },
      {
        "value": 0
      },
      {
        "value": 52
      },
      {
        "value": 1
      }
    ],
    [
      {
        "value": 2
      },
      {
        "value": 0
      },
      {
        "value": 1
      },
      {
        "value": 0
      },
      {
        "value": 1
      },
      {
        "value": 0
      },
      {
        "value": 4
      },
      {
        "value": 0
      }
    ],
    [
      {
        "value": 46
      },
      {
        "value": 1
      },
      {
        "value": 8
      },
      {
        "value": 0
      },
      {
        "value": 2
      },
      {
        "value": 0
      },
      {
        "value": 56
      },
      {
        "value": 1
      }
    ],
    [
      {
        "value": 13
      },
      {
        "value": 0
      },
      {
        "value": 1
      },
      {
        "value": 0
      },
      {
        "value": 0
      },
      {
        "value": 0
      },
      {
        "value": 14
      },
      {
        "value": 0
      }
    ],
    [
      {
        "value": 174
      },
      {
        "value": 5
      },
      {
        "value": 15
      },
      {
        "value": 1
      },
      {
        "value": 12
      },
      {
        "value": 1
      },
      {
        "value": 201
      },
      {
        "value": 7
      }
    ]
  ]
}