{
  "title": "estimated number of innovative products and processes",
  "top_root": {
    "name": "<TOP>",
    "value": "<TOP>",
    "type": "string",
    "line_idx": null,
    "children_dict": [
      {
        "name": "number of innovative products and processes",
        "value": "number of innovative products and processes",
        "type": "string",
        "children_dict": [
          {
            "name": "high-growth enterprises",
            "value": "high-growth enterprises",
            "type": "string",
            "children_dict": [],
            "line_idx": 0
          },
          {
            "name": "moderate-growth enterprises",
            "value": "moderate-growth enterprises",
            "type": "string",
            "children_dict": [],
            "line_idx": 1
          },
          {
            "name": "low-growth enterprises",
            "value": "low-growth enterprises",
            "type": "string",
            "children_dict": [],
            "line_idx": 2
          },
          {
            "name": "young enterprises in a well-established market",
            "value": "young enterprises in a well-established market",
            "type": "string",
            "children_dict": [],
            "line_idx": 3
          },
          {
            "name": "experienced enterprises in a well-established market",
            "value": "experienced enterprises in a well-established market",
            "type": "string",
            "children_dict": [],
            "line_idx": 4
          },
          {
            "name": "young enterprises in an emerging market",
            "value": "young enterprises in an emerging market",
            "type": "string",
            "children_dict": [],
            "line_idx": 5
          },
          {
            "name": "experienced enterprises in an emerging market",
            "value": "experienced enterprises in an emerging market",
            "type": "string",
            "children_dict": [],
            "line_idx": 6
          },
          {
            "name": "full sample",
            "value": "full sample",
            "type": "string",
            "children_dict": [],
            "line_idx": 7
          }
        ],
        "line_idx": null
      }
    ]
  },
  "left_root": {
    "name": "<LEFT>",
    "value": "<LEFT>",
    "type": "string",
    "line_idx": null,
    "children_dict": [
      {
        "name": "tobit model",
        "value": "tobit model",
        "type": "string",
        "children_dict": [
          {
            "name": "mp_index",
            "value": "mp_index",
            "type": "string",
            "children_dict": [],
            "line_idx": 0
          },
          {
            "name": "strat_lt_index",
            "value": "strat_lt_index",
            "type": "string",
            "children_dict": [],
            "line_idx": 1
          },
          {
            "name": "pseudo r2",
            "value": "pseudo r2",
            "type": "string",
            "children_dict": [],
            "line_idx": 2
          },
          {
            "name": "number of enterprises",
            "value": "number of enterprises",
            "type": "string",
            "children_dict": [],
            "line_idx": 3
          }
        ],
        "line_idx": null
      }
    ]
  },
  "data": [
    [
      {
        "value": "-0.028 (0.121"
      },
      {
        "value": "0.796 (0.161"
      },
      {
        "value": "0.307 (0.135"
      },
      {
        "value": "0.029 (0.019"
      },
      {
        "value": "0.446 (0.129"
      },
      {
        "value": "0.080 (0.259"
      },
      {
        "value": "0.960 (0.219"
      },
      {
        "value": "0.479 (0.152"
      }
    ],
    [
      {
        "value": "0.728 (0.237"
      },
      {
        "value": "-0.027 (0.192"
      },
      {
        "value": "0.002 (0.169"
      },
      {
        "value": "-0.000 (0.013"
      },
      {
        "value": "-0.123 (0.177"
      },
      {
        "value": "1.375 (0.460"
      },
      {
        "value": "0.250 (0.383"
      },
      {
        "value": "0.176 (0.241"
      }
    ],
    [
      {
        "value": 0.325
      },
      {
        "value": 0.234
      },
      {
        "value": 0.116
      },
      {
        "value": 0.327
      },
      {
        "value": 0.08
      },
      {
        "value": 0.415
      },
      {
        "value": 0.201
      },
      {
        "value": 0.104
      }
    ],
    [
      {
        "value": 302.0
      },
      {
        "value": 895.0
      },
      {
        "value": 1669.0
      },
      {
        "value": 262.0
      },
      {
        "value": 1592.0
      },
      {
        "value": 154.0
      },
      {
        "value": 858.0
      },
      {
        "value": 2866.0
      }
    ]
  ]
}