{
  "title": "statistics",
  "top_root": {
    "name": "<TOP>",
    "value": "<TOP>",
    "type": "string",
    "line_idx": null,
    "children_dict": [
      {
        "name": "passing statistics",
        "value": "passing statistics",
        "type": "string",
        "children_dict": [
          {
            "name": "gp",
            "value": "gp",
            "type": "string",
            "children_dict": [],
            "line_idx": 0
          },
          {
            "name": "gs",
            "value": "gs",
            "type": "string",
            "children_dict": [],
            "line_idx": 1
          },
          {
            "name": "w",
            "value": "w",
            "type": "string",
            "children_dict": [],
            "line_idx": 2
          },
          {
            "name": "l",
            "value": "l",
            "type": "string",
            "children_dict": [],
            "line_idx": 3
          },
          {
            "name": "t",
            "value": "t",
            "type": "string",
            "children_dict": [],
            "line_idx": 4
          },
          {
            "name": "cmp",
            "value": "cmp",
            "type": "string",
            "children_dict": [],
            "line_idx": 5
          },
          {
            "name": "att",
            "value": "att",
            "type": "string",
            "children_dict": [],
            "line_idx": 6
          },
          {
            "name": "cmp%",
            "value": "cmp%",
            "type": "string",
            "children_dict": [],
            "line_idx": 7
          },
          {
            "name": "yds",
            "value": "yds",
            "type": "string",
            "children_dict": [],
            "line_idx": 8
          },
          {
            "name": "td",
            "value": "td",
            "type": "string",
            "children_dict": [],
            "line_idx": 9
          },
          {
            "name": "int",
            "value": "int",
            "type": "string",
            "children_dict": [],
            "line_idx": 10
          },
          {
            "name": "lngpass",
            "value": "lngpass",
            "type": "string",
            "children_dict": [],
            "line_idx": 11
          },
          {
            "name": "rate",
            "value": "rate",
            "type": "string",
            "children_dict": [],
            "line_idx": 12
          }
        ],
        "line_idx": null
      },
      {
        "name": "rushing statistics",
        "value": "rushing statistics",
        "type": "string",
        "children_dict": [
          {
            "name": "att",
            "value": "att",
            "type": "string",
            "children_dict": [],
            "line_idx": 13
          },
          {
            "name": "yds",
            "value": "yds",
            "type": "string",
            "children_dict": [],
            "line_idx": 14
          },
          {
            "name": "td",
            "value": "td",
            "type": "string",
            "children_dict": [],
            "line_idx": 15
          },
          {
            "name": "lngrush",
            "value": "lngrush",
            "type": "string",
            "children_dict": [],
            "line_idx": 16
          }
        ],
        "line_idx": null
      },
      {
        "name": "ref",
        "value": "ref",
        "type": "string",
        "children_dict": [],
        "line_idx": 17
      }
    ]
  },
  "left_root": {
    "name": "<LEFT>",
    "value": "<LEFT>",
    "type": "string",
    "line_idx": null,
    "children_dict": [
      {
        "name": "tom brady",
        "value": "tom brady",
        "type": "string",
        "children_dict": [
          {
            "name": "2001-",
            "value": "2001-",
            "type": "string",
            "children_dict": [],
            "line_idx": 0
          }
        ],
        "line_idx": null
      },
      {
        "name": "steve grogan",
        "value": "steve grogan",
        "type": "string",
        "children_dict": [
          {
            "name": "1975-1990",
            "value": "1975-1990",
            "type": "string",
            "children_dict": [],
            "line_idx": 1
          }
        ],
        "line_idx": null
      },
      {
        "name": "drew bledsoe",
        "value": "drew bledsoe",
        "type": "string",
        "children_dict": [
          {
            "name": "1993-2001",
            "value": "1993-2001",
            "type": "string",
            "children_dict": [],
            "line_idx": 2
          }
        ],
        "line_idx": null
      },
      {
        "name": "babe parilli",
        "value": "babe parilli",
        "type": "string",
        "children_dict": [
          {
            "name": "1961-1967",
            "value": "1961-1967",
            "type": "string",
            "children_dict": [],
            "line_idx": 3
          }
        ],
        "line_idx": null
      },
      {
        "name": "jim plunkett",
        "value": "jim plunkett",
        "type": "string",
        "children_dict": [
          {
            "name": "1971-1975",
            "value": "1971-1975",
            "type": "string",
            "children_dict": [],
            "line_idx": 4
          }
        ],
        "line_idx": null
      },
      {
        "name": "tony eason",
        "value": "tony eason",
        "type": "string",
        "children_dict": [
          {
            "name": "1983-1989",
            "value": "1983-1989",
            "type": "string",
            "children_dict": [],
            "line_idx": 5
          }
        ],
        "line_idx": null
      },
      {
        "name": "mike taliaferro",
        "value": "mike taliaferro",
        "type": "string",
        "children_dict": [
          {
            "name": "1968-1969",
            "value": "1968-1969",
            "type": "string",
            "children_dict": [],
            "line_idx": 6
          }
        ],
        "line_idx": null
      },
      {
        "name": "hugh millen",
        "value": "hugh millen",
        "type": "string",
        "children_dict": [
          {
            "name": "1991-1992",
            "value": "1991-1992",
            "type": "string",
            "children_dict": [],
            "line_idx": 7
          }
        ],
        "line_idx": null
      },
      {
        "name": "butch songin",
        "value": "butch songin",
        "type": "string",
        "children_dict": [
          {
            "name": "1960-1961",
            "value": "1960-1961",
            "type": "string",
            "children_dict": [],
            "line_idx": 8
          }
        ],
        "line_idx": null
      },
      {
        "name": "matt cassel",
        "value": "matt cassel",
        "type": "string",
        "children_dict": [
          {
            "name": "2008",
            "value": "2008",
            "type": "string",
            "children_dict": [],
            "line_idx": 9
          }
        ],
        "line_idx": null
      },
      {
        "name": "matt cavanaugh",
        "value": "matt cavanaugh",
        "type": "string",
        "children_dict": [
          {
            "name": "1980-1982",
            "value": "1980-1982",
            "type": "string",
            "children_dict": [],
            "line_idx": 10
          }
        ],
        "line_idx": null
      },
      {
        "name": "doug flutie",
        "value": "doug flutie",
        "type": "string",
        "children_dict": [
          {
            "name": "1987-1989",
            "value": "1987-1989",
            "type": "string",
            "children_dict": [],
            "line_idx": 11
          }
        ],
        "line_idx": null
      },
      {
        "name": "tommy hodson",
        "value": "tommy hodson",
        "type": "string",
        "children_dict": [
          {
            "name": "1990-1991",
            "value": "1990-1991",
            "type": "string",
            "children_dict": [],
            "line_idx": 12
          }
        ],
        "line_idx": null
      },
      {
        "name": "joe kapp",
        "value": "joe kapp",
        "type": "string",
        "children_dict": [
          {
            "name": "1970",
            "value": "1970",
            "type": "string",
            "children_dict": [],
            "line_idx": 13
          }
        ],
        "line_idx": null
      },
      {
        "name": "marc wilson",
        "value": "marc wilson",
        "type": "string",
        "children_dict": [
          {
            "name": "1989-1990",
            "value": "1989-1990",
            "type": "string",
            "children_dict": [],
            "line_idx": 14
          }
        ],
        "line_idx": null
      },
      {
        "name": "scott zolak",
        "value": "scott zolak",
        "type": "string",
        "children_dict": [
          {
            "name": "1992 1995 1998",
            "value": "1992 1995 1998",
            "type": "string",
            "children_dict": [],
            "line_idx": 15
          }
        ],
        "line_idx": null
      },
      {
        "name": "tom sherman",
        "value": "tom sherman",
        "type": "string",
        "children_dict": [
          {
            "name": "1968",
            "value": "1968",
            "type": "string",
            "children_dict": [],
            "line_idx": 16
          }
        ],
        "line_idx": null
      },
      {
        "name": "tom yewcic",
        "value": "tom yewcic",
        "type": "string",
        "children_dict": [
          {
            "name": "1962",
            "value": "1962",
            "type": "string",
            "children_dict": [],
            "line_idx": 17
          }
        ],
        "line_idx": null
      },
      {
        "name": "scott secules",
        "value": "scott secules",
        "type": "string",
        "children_dict": [
          {
            "name": "1993",
            "value": "1993",
            "type": "string",
            "children_dict": [],
            "line_idx": 18
          }
        ],
        "line_idx": null
      },
      {
        "name": "tom ramsey",
        "value": "tom ramsey",
        "type": "string",
        "children_dict": [
          {
            "name": "1987-1988",
            "value": "1987-1988",
            "type": "string",
            "children_dict": [],
            "line_idx": 19
          }
        ],
        "line_idx": null
      },
      {
        "name": "don trull",
        "value": "don trull",
        "type": "string",
        "children_dict": [
          {
            "name": "1967",
            "value": "1967",
            "type": "string",
            "children_dict": [],
            "line_idx": 20
          }
        ],
        "line_idx": null
      },
      {
        "name": "bob bleier",
        "value": "bob bleier",
        "type": "string",
        "children_dict": [
          {
            "name": "1987",
            "value": "1987",
            "type": "string",
            "children_dict": [],
            "line_idx": 21
          }
        ],
        "line_idx": null
      },
      {
        "name": "jacoby brissett",
        "value": "jacoby brissett",
        "type": "string",
        "children_dict": [
          {
            "name": "2016",
            "value": "2016",
            "type": "string",
            "children_dict": [],
            "line_idx": 22
          }
        ],
        "line_idx": null
      },
      {
        "name": "jimmy garoppolo",
        "value": "jimmy garoppolo",
        "type": "string",
        "children_dict": [
          {
            "name": "2016",
            "value": "2016",
            "type": "string",
            "children_dict": [],
            "line_idx": 23
          }
        ],
        "line_idx": null
      },
      {
        "name": "jeff carlson",
        "value": "jeff carlson",
        "type": "string",
        "children_dict": [
          {
            "name": "1992",
            "value": "1992",
            "type": "string",
            "children_dict": [],
            "line_idx": 24
          }
        ],
        "line_idx": null
      },
      {
        "name": "neil graff",
        "value": "neil graff",
        "type": "string",
        "children_dict": [
          {
            "name": "1975",
            "value": "1975",
            "type": "string",
            "children_dict": [],
            "line_idx": 25
          }
        ],
        "line_idx": null
      },
      {
        "name": "tom greene",
        "value": "tom greene",
        "type": "string",
        "children_dict": [
          {
            "name": "1960",
            "value": "1960",
            "type": "string",
            "children_dict": [],
            "line_idx": 26
          }
        ],
        "line_idx": null
      },
      {
        "name": "eddie wilson",
        "value": "eddie wilson",
        "type": "string",
        "children_dict": [
          {
            "name": "1965",
            "value": "1965",
            "type": "string",
            "children_dict": [],
            "line_idx": 27
          }
        ],
        "line_idx": null
      },
      {
        "name": "tom owen",
        "value": "tom owen",
        "type": "string",
        "children_dict": [
          {
            "name": "1981",
            "value": "1981",
            "type": "string",
            "children_dict": [],
            "line_idx": 28
          }
        ],
        "line_idx": null
      }
    ]
  },
  "data": [
    [
      {
        "value": 269
      },
      {
        "value": 267
      },
      {
        "value": 207
      },
      {
        "value": 60
      },
      {
        "value": 0
      },
      {
        "value": 6004
      },
      {
        "value": 9375
      },
      {
        "value": 64.0
      },
      {
        "value": 70514
      },
      {
        "value": 517
      },
      {
        "value": 171
      },
      {
        "value": 99
      },
      {
        "value": 97.6
      },
      {
        "value": 580
      },
      {
        "value": 1003.0
      },
      {
        "value": 19
      },
      {
        "value": 22
      },
      {
        "value": "none"
      }
    ],
    [
      {
        "value": 149
      },
      {
        "value": 135
      },
      {
        "value": 75
      },
      {
        "value": 60
      },
      {
        "value": 0
      },
      {
        "value": 1879
      },
      {
        "value": 3593
      },
      {
        "value": 52.3
      },
      {
        "value": 26886
      },
      {
        "value": 182
      },
      {
        "value": 208
      },
      {
        "value": 76
      },
      {
        "value": 69.6
      },
      {
        "value": 445
      },
      {
        "value": 2176.0
      },
      {
        "value": 35
      },
      {
        "value": 41
      },
      {
        "value": "none"
      }
    ],
    [
      {
        "value": 124
      },
      {
        "value": 123
      },
      {
        "value": 63
      },
      {
        "value": 60
      },
      {
        "value": 0
      },
      {
        "value": 2544
      },
      {
        "value": 4518
      },
      {
        "value": 56.3
      },
      {
        "value": 29657
      },
      {
        "value": 166
      },
      {
        "value": 138
      },
      {
        "value": 86
      },
      {
        "value": 75.9
      },
      {
        "value": 270
      },
      {
        "value": 553.0
      },
      {
        "value": 2
      },
      {
        "value": 25
      },
      {
        "value": "none"
      }
    ],
    [
      {
        "value": 94
      },
      {
        "value": 83
      },
      {
        "value": 44
      },
      {
        "value": 32
      },
      {
        "value": 7
      },
      {
        "value": 1140
      },
      {
        "value": 2413
      },
      {
        "value": 47.2
      },
      {
        "value": 16747
      },
      {
        "value": 132
      },
      {
        "value": 138
      },
      {
        "value": 80
      },
      {
        "value": 64.8
      },
      {
        "value": 228
      },
      {
        "value": 949.0
      },
      {
        "value": 14
      },
      {
        "value": 33
      },
      {
        "value": "none"
      }
    ],
    [
      {
        "value": 61
      },
      {
        "value": 61
      },
      {
        "value": 23
      },
      {
        "value": 38
      },
      {
        "value": 0
      },
      {
        "value": 729
      },
      {
        "value": 1503
      },
      {
        "value": 48.5
      },
      {
        "value": 12665
      },
      {
        "value": 62
      },
      {
        "value": 87
      },
      {
        "value": 88
      },
      {
        "value": 59.7
      },
      {
        "value": 159
      },
      {
        "value": 817.0
      },
      {
        "value": 9
      },
      {
        "value": 37
      },
      {
        "value": "none"
      }
    ],
    [
      {
        "value": 72
      },
      {
        "value": 49
      },
      {
        "value": 28
      },
      {
        "value": 21
      },
      {
        "value": 0
      },
      {
        "value": 876
      },
      {
        "value": 1500
      },
      {
        "value": 52.3
      },
      {
        "value": 10732
      },
      {
        "value": 60
      },
      {
        "value": 48
      },
      {
        "value": 76
      },
      {
        "value": 80.6
      },
      {
        "value": 126
      },
      {
        "value": 474.0
      },
      {
        "value": 6
      },
      {
        "value": 26
      },
      {
        "value": "none"
      }
    ],
    [
      {
        "value": 32
      },
      {
        "value": 25
      },
      {
        "value": 8
      },
      {
        "value": 17
      },
      {
        "value": 0
      },
      {
        "value": 305
      },
      {
        "value": 680
      },
      {
        "value": 44.9
      },
      {
        "value": 3920
      },
      {
        "value": 27
      },
      {
        "value": 44
      },
      {
        "value": 77
      },
      {
        "value": 49.8
      },
      {
        "value": 23
      },
      {
        "value": 46.0
      },
      {
        "value": 0
      },
      {
        "value": 21
      },
      {
        "value": "none"
      }
    ],
    [
      {
        "value": 20
      },
      {
        "value": 20
      },
      {
        "value": 5
      },
      {
        "value": 15
      },
      {
        "value": 0
      },
      {
        "value": 370
      },
      {
        "value": 612
      },
      {
        "value": 60.5
      },
      {
        "value": 4276
      },
      {
        "value": 17
      },
      {
        "value": 28
      },
      {
        "value": 60
      },
      {
        "value": 71.8
      },
      {
        "value": 48
      },
      {
        "value": 200.0
      },
      {
        "value": 1
      },
      {
        "value": 26
      },
      {
        "value": "none"
      }
    ],
    [
      {
        "value": 28
      },
      {
        "value": 18
      },
      {
        "value": 7
      },
      {
        "value": 10
      },
      {
        "value": 1
      },
      {
        "value": 285
      },
      {
        "value": 604
      },
      {
        "value": 47.2
      },
      {
        "value": 3905
      },
      {
        "value": 36
      },
      {
        "value": 24
      },
      {
        "value": 78
      },
      {
        "value": 71.7
      },
      {
        "value": 19
      },
      {
        "value": 79.0
      },
      {
        "value": 2
      },
      {
        "value": 20
      },
      {
        "value": "none"
      }
    ],
    [
      {
        "value": 30
      },
      {
        "value": 15
      },
      {
        "value": 10
      },
      {
        "value": 5
      },
      {
        "value": 0
      },
      {
        "value": 349
      },
      {
        "value": 555
      },
      {
        "value": 62.9
      },
      {
        "value": 3946
      },
      {
        "value": 23
      },
      {
        "value": 13
      },
      {
        "value": 76
      },
      {
        "value": 88.2
      },
      {
        "value": 85
      },
      {
        "value": 298.0
      },
      {
        "value": 3
      },
      {
        "value": 19
      },
      {
        "value": "none"
      }
    ],
    [
      {
        "value": 52
      },
      {
        "value": 15
      },
      {
        "value": 5
      },
      {
        "value": 10
      },
      {
        "value": 0
      },
      {
        "value": 206
      },
      {
        "value": 385
      },
      {
        "value": 53.5
      },
      {
        "value": 3018
      },
      {
        "value": 19
      },
      {
        "value": 23
      },
      {
        "value": 75
      },
      {
        "value": 70.9
      },
      {
        "value": 39
      },
      {
        "value": 190.0
      },
      {
        "value": 3
      },
      {
        "value": 22
      },
      {
        "value": "none"
      }
    ],
    [
      {
        "value": 22
      },
      {
        "value": 13
      },
      {
        "value": 8
      },
      {
        "value": 5
      },
      {
        "value": 0
      },
      {
        "value": 148
      },
      {
        "value": 305
      },
      {
        "value": 48.5
      },
      {
        "value": 1871
      },
      {
        "value": 11
      },
      {
        "value": 14
      },
      {
        "value": 80
      },
      {
        "value": 61.0
      },
      {
        "value": 65
      },
      {
        "value": 308.0
      },
      {
        "value": 1
      },
      {
        "value": 22
      },
      {
        "value": "none"
      }
    ],
    [
      {
        "value": 32
      },
      {
        "value": 12
      },
      {
        "value": 1
      },
      {
        "value": 11
      },
      {
        "value": 0
      },
      {
        "value": 171
      },
      {
        "value": 315
      },
      {
        "value": 54.3
      },
      {
        "value": 1809
      },
      {
        "value": 7
      },
      {
        "value": 11
      },
      {
        "value": 56
      },
      {
        "value": 64.1
      },
      {
        "value": 21
      },
      {
        "value": 90.0
      },
      {
        "value": 0
      },
      {
        "value": 23
      },
      {
        "value": "none"
      }
    ],
    [
      {
        "value": 11
      },
      {
        "value": 10
      },
      {
        "value": 1
      },
      {
        "value": 9
      },
      {
        "value": 0
      },
      {
        "value": 98
      },
      {
        "value": 219
      },
      {
        "value": 44.7
      },
      {
        "value": 1104
      },
      {
        "value": 3
      },
      {
        "value": 17
      },
      {
        "value": 48
      },
      {
        "value": 32.6
      },
      {
        "value": 20
      },
      {
        "value": 71.0
      },
      {
        "value": 0
      },
      {
        "value": 14
      },
      {
        "value": "none"
      }
    ],
    [
      {
        "value": 30
      },
      {
        "value": 10
      },
      {
        "value": 1
      },
      {
        "value": 9
      },
      {
        "value": 0
      },
      {
        "value": 214
      },
      {
        "value": 415
      },
      {
        "value": 51.6
      },
      {
        "value": 2631
      },
      {
        "value": 9
      },
      {
        "value": 16
      },
      {
        "value": 65
      },
      {
        "value": 62.6
      },
      {
        "value": 12
      },
      {
        "value": 49.0
      },
      {
        "value": 0
      },
      {
        "value": 11
      },
      {
        "value": "none"
      }
    ],
    [
      {
        "value": 54
      },
      {
        "value": 7
      },
      {
        "value": 3
      },
      {
        "value": 4
      },
      {
        "value": 0
      },
      {
        "value": 124
      },
      {
        "value": 244
      },
      {
        "value": 50.8
      },
      {
        "value": 1314
      },
      {
        "value": 8
      },
      {
        "value": 7
      },
      {
        "value": 72
      },
      {
        "value": 65.8
      },
      {
        "value": 36
      },
      {
        "value": 83.0
      },
      {
        "value": 0
      },
      {
        "value": 19
      },
      {
        "value": "none"
      }
    ],
    [
      {
        "value": 18
      },
      {
        "value": 7
      },
      {
        "value": 1
      },
      {
        "value": 6
      },
      {
        "value": 0
      },
      {
        "value": 90
      },
      {
        "value": 226
      },
      {
        "value": 39.8
      },
      {
        "value": 1199
      },
      {
        "value": 12
      },
      {
        "value": 16
      },
      {
        "value": 87
      },
      {
        "value": 45.6
      },
      {
        "value": 25
      },
      {
        "value": 80.0
      },
      {
        "value": 0
      },
      {
        "value": 17
      },
      {
        "value": "none"
      }
    ],
    [
      {
        "value": 14
      },
      {
        "value": 5
      },
      {
        "value": 3
      },
      {
        "value": 2
      },
      {
        "value": 0
      },
      {
        "value": 87
      },
      {
        "value": 206
      },
      {
        "value": 42.2
      },
      {
        "value": 1374
      },
      {
        "value": 12
      },
      {
        "value": 12
      },
      {
        "value": 78
      },
      {
        "value": 60.2
      },
      {
        "value": 72
      },
      {
        "value": 424.0
      },
      {
        "value": 4
      },
      {
        "value": 46
      },
      {
        "value": "none"
      }
    ],
    [
      {
        "value": 12
      },
      {
        "value": 4
      },
      {
        "value": 0
      },
      {
        "value": 4
      },
      {
        "value": 0
      },
      {
        "value": 75
      },
      {
        "value": 134
      },
      {
        "value": 56.0
      },
      {
        "value": 918
      },
      {
        "value": 2
      },
      {
        "value": 9
      },
      {
        "value": 82
      },
      {
        "value": 76.5
      },
      {
        "value": 8
      },
      {
        "value": 33.0
      },
      {
        "value": 0
      },
      {
        "value": 13
      },
      {
        "value": "none"
      }
    ],
    [
      {
        "value": 21
      },
      {
        "value": 4
      },
      {
        "value": 2
      },
      {
        "value": 2
      },
      {
        "value": 0
      },
      {
        "value": 84
      },
      {
        "value": 164
      },
      {
        "value": 51.2
      },
      {
        "value": 1005
      },
      {
        "value": 6
      },
      {
        "value": 9
      },
      {
        "value": 40
      },
      {
        "value": 59.6
      },
      {
        "value": 17
      },
      {
        "value": 77.0
      },
      {
        "value": 1
      },
      {
        "value": 19
      },
      {
        "value": "none"
      }
    ],
    [
      {
        "value": 7
      },
      {
        "value": 3
      },
      {
        "value": 0
      },
      {
        "value": 3
      },
      {
        "value": 0
      },
      {
        "value": 27
      },
      {
        "value": 81
      },
      {
        "value": 33.3
      },
      {
        "value": 442
      },
      {
        "value": 1
      },
      {
        "value": 7
      },
      {
        "value": 52
      },
      {
        "value": 20.7
      },
      {
        "value": 19
      },
      {
        "value": 35.0
      },
      {
        "value": 3
      },
      {
        "value": 10
      },
      {
        "value": "none"
      }
    ],
    [
      {
        "value": 3
      },
      {
        "value": 2
      },
      {
        "value": 1
      },
      {
        "value": 1
      },
      {
        "value": 0
      },
      {
        "value": 14
      },
      {
        "value": 39
      },
      {
        "value": 35.9
      },
      {
        "value": 181
      },
      {
        "value": 1
      },
      {
        "value": 1
      },
      {
        "value": 35
      },
      {
        "value": 49.2
      },
      {
        "value": 5
      },
      {
        "value": "-5"
      },
      {
        "value": 1
      },
      {
        "value": 1
      },
      {
        "value": "none"
      }
    ],
    [
      {
        "value": 3
      },
      {
        "value": 2
      },
      {
        "value": 1
      },
      {
        "value": 1
      },
      {
        "value": 0
      },
      {
        "value": 34
      },
      {
        "value": 55
      },
      {
        "value": 61.8
      },
      {
        "value": 400
      },
      {
        "value": 0
      },
      {
        "value": 0
      },
      {
        "value": 58
      },
      {
        "value": 83.9
      },
      {
        "value": 16
      },
      {
        "value": 83.0
      },
      {
        "value": 1
      },
      {
        "value": 27
      },
      {
        "value": "none"
      }
    ],
    [
      {
        "value": 17
      },
      {
        "value": 2
      },
      {
        "value": 2
      },
      {
        "value": 0
      },
      {
        "value": 0
      },
      {
        "value": 63
      },
      {
        "value": 94
      },
      {
        "value": 67.0
      },
      {
        "value": 690
      },
      {
        "value": 5
      },
      {
        "value": 0
      },
      {
        "value": 37
      },
      {
        "value": 106.2
      },
      {
        "value": 25
      },
      {
        "value": 10.0
      },
      {
        "value": 0
      },
      {
        "value": 10
      },
      {
        "value": "none"
      }
    ],
    [
      {
        "value": 3
      },
      {
        "value": 2
      },
      {
        "value": 0
      },
      {
        "value": 2
      },
      {
        "value": 0
      },
      {
        "value": 18
      },
      {
        "value": 49
      },
      {
        "value": 36.7
      },
      {
        "value": 232
      },
      {
        "value": 1
      },
      {
        "value": 3
      },
      {
        "value": 40
      },
      {
        "value": 33.7
      },
      {
        "value": 11
      },
      {
        "value": 32.0
      },
      {
        "value": 0
      },
      {
        "value": 7
      },
      {
        "value": "none"
      }
    ],
    [
      {
        "value": 25
      },
      {
        "value": 2
      },
      {
        "value": 0
      },
      {
        "value": 2
      },
      {
        "value": 0
      },
      {
        "value": 19
      },
      {
        "value": 36
      },
      {
        "value": 52.8
      },
      {
        "value": 241
      },
      {
        "value": 2
      },
      {
        "value": 3
      },
      {
        "value": 31
      },
      {
        "value": 57.8
      },
      {
        "value": 2
      },
      {
        "value": 2.0
      },
      {
        "value": 0
      },
      {
        "value": 2
      },
      {
        "value": "none"
      }
    ],
    [
      {
        "value": 10
      },
      {
        "value": 2
      },
      {
        "value": 1
      },
      {
        "value": 1
      },
      {
        "value": 0
      },
      {
        "value": 27
      },
      {
        "value": 63
      },
      {
        "value": 43.9
      },
      {
        "value": 251
      },
      {
        "value": 1
      },
      {
        "value": 6
      },
      {
        "value": 31
      },
      {
        "value": 20.1
      },
      {
        "value": 7
      },
      {
        "value": 44.0
      },
      {
        "value": 0
      },
      {
        "value": 21
      },
      {
        "value": "none"
      }
    ],
    [
      {
        "value": 14
      },
      {
        "value": 1
      },
      {
        "value": 0
      },
      {
        "value": 0
      },
      {
        "value": 1
      },
      {
        "value": 20
      },
      {
        "value": 46
      },
      {
        "value": 43.5
      },
      {
        "value": 257
      },
      {
        "value": 1
      },
      {
        "value": 3
      },
      {
        "value": 30
      },
      {
        "value": 41.7
      },
      {
        "value": 8
      },
      {
        "value": 4.0
      },
      {
        "value": 0
      },
      {
        "value": 17
      },
      {
        "value": "none"
      }
    ],
    [
      {
        "value": 12
      },
      {
        "value": 1
      },
      {
        "value": 0
      },
      {
        "value": 1
      },
      {
        "value": 0
      },
      {
        "value": 58
      },
      {
        "value": 114
      },
      {
        "value": 50.9
      },
      {
        "value": 655
      },
      {
        "value": 3
      },
      {
        "value": 9
      },
      {
        "value": 32
      },
      {
        "value": 44.3
      },
      {
        "value": 2
      },
      {
        "value": "-1"
      },
      {
        "value": 0
      },
      {
        "value": 0
      },
      {
        "value": "none"
      }
    ]
  ]
}