{
  "title": "club",
  "top_root": {
    "name": "<TOP>",
    "value": "<TOP>",
    "type": "string",
    "line_idx": null,
    "children_dict": [
      {
        "name": "league",
        "value": "league",
        "type": "string",
        "children_dict": [
          {
            "name": "division",
            "value": "division",
            "type": "string",
            "children_dict": [],
            "line_idx": 0
          },
          {
            "name": "apps",
            "value": "apps",
            "type": "string",
            "children_dict": [],
            "line_idx": 1
          },
          {
            "name": "goals",
            "value": "goals",
            "type": "string",
            "children_dict": [],
            "line_idx": 2
          }
        ],
        "line_idx": null
      },
      {
        "name": "cup",
        "value": "cup",
        "type": "string",
        "children_dict": [
          {
            "name": "apps",
            "value": "apps",
            "type": "string",
            "children_dict": [],
            "line_idx": 3
          },
          {
            "name": "goals",
            "value": "goals",
            "type": "string",
            "children_dict": [],
            "line_idx": 4
          }
        ],
        "line_idx": null
      },
      {
        "name": "continental",
        "value": "continental",
        "type": "string",
        "children_dict": [
          {
            "name": "apps",
            "value": "apps",
            "type": "string",
            "children_dict": [],
            "line_idx": 5
          },
          {
            "name": "goals",
            "value": "goals",
            "type": "string",
            "children_dict": [],
            "line_idx": 6
          }
        ],
        "line_idx": null
      },
      {
        "name": "other",
        "value": "other",
        "type": "string",
        "children_dict": [
          {
            "name": "apps",
            "value": "apps",
            "type": "string",
            "children_dict": [],
            "line_idx": 7
          },
          {
            "name": "goals",
            "value": "goals",
            "type": "string",
            "children_dict": [],
            "line_idx": 8
          }
        ],
        "line_idx": null
      },
      {
        "name": "total",
        "value": "total",
        "type": "string",
        "children_dict": [
          {
            "name": "apps",
            "value": "apps",
            "type": "string",
            "children_dict": [],
            "line_idx": 9
          },
          {
            "name": "goals",
            "value": "goals",
            "type": "string",
            "children_dict": [],
            "line_idx": 10
          }
        ],
        "line_idx": null
      }
    ]
  },
  "left_root": {
    "name": "<LEFT>",
    "value": "<LEFT>",
    "type": "string",
    "line_idx": null,
    "children_dict": [
      {
        "name": "vasco da gama",
        "value": "vasco da gama",
        "type": "string",
        "children_dict": [
          {
            "name": "2008",
            "value": "2008",
            "type": "string",
            "children_dict": [],
            "line_idx": 0
          },
          {
            "name": "2009",
            "value": "2009",
            "type": "string",
            "children_dict": [],
            "line_idx": 1
          },
          {
            "name": "total",
            "value": "total",
            "type": "string",
            "children_dict": [],
            "line_idx": 2
          }
        ],
        "line_idx": null
      },
      {
        "name": "shakhtar donetsk",
        "value": "shakhtar donetsk",
        "type": "string",
        "children_dict": [
          {
            "name": "2009-10",
            "value": "2009-10",
            "type": "string",
            "children_dict": [],
            "line_idx": 3
          },
          {
            "name": "2010-11",
            "value": "2010-11",
            "type": "string",
            "children_dict": [],
            "line_idx": 4
          },
          {
            "name": "2011-12",
            "value": "2011-12",
            "type": "string",
            "children_dict": [],
            "line_idx": 5
          },
          {
            "name": "2012-13",
            "value": "2012-13",
            "type": "string",
            "children_dict": [],
            "line_idx": 6
          },
          {
            "name": "2013-14",
            "value": "2013-14",
            "type": "string",
            "children_dict": [],
            "line_idx": 7
          },
          {
            "name": "2014-15",
            "value": "2014-15",
            "type": "string",
            "children_dict": [],
            "line_idx": 8
          },
          {
            "name": "2015-16",
            "value": "2015-16",
            "type": "string",
            "children_dict": [],
            "line_idx": 9
          },
          {
            "name": "total",
            "value": "total",
            "type": "string",
            "children_dict": [],
            "line_idx": 10
          }
        ],
        "line_idx": null
      },
      {
        "name": "jiangsu suning",
        "value": "jiangsu suning",
        "type": "string",
        "children_dict": [
          {
            "name": "2016",
            "value": "2016",
            "type": "string",
            "children_dict": [],
            "line_idx": 11
          },
          {
            "name": "2017",
            "value": "2017",
            "type": "string",
            "children_dict": [],
            "line_idx": 12
          },
          {
            "name": "2018",
            "value": "2018",
            "type": "string",
            "children_dict": [],
            "line_idx": 13
          },
          {
            "name": "2019",
            "value": "2019",
            "type": "string",
            "children_dict": [],
            "line_idx": 14
          },
          {
            "name": "total",
            "value": "total",
            "type": "string",
            "children_dict": [],
            "line_idx": 15
          }
        ],
        "line_idx": null
      },
      {
        "name": "career total",
        "value": "career total",
        "type": "string",
        "children_dict": [],
        "line_idx": 16
      }
    ]
  },
  "data": [
    [
      {
        "value": "serie a"
      },
      {
        "value": 29
      },
      {
        "value": 5
      },
      {
        "value": 7
      },
      {
        "value": 1
      },
      {
        "value": 2
      },
      {
        "value": 0
      },
      {
        "value": 17
      },
      {
        "value": 2
      },
      {
        "value": 55
      },
      {
        "value": 8
      }
    ],
    [
      {
        "value": "serie b"
      },
      {
        "value": 22
      },
      {
        "value": 5
      },
      {
        "value": 3
      },
      {
        "value": 0
      },
      {
        "value": 0
      },
      {
        "value": 0
      },
      {
        "value": 12
      },
      {
        "value": 3
      },
      {
        "value": 37
      },
      {
        "value": 8
      }
    ],
    [
      {
        "value": ""
      },
      {
        "value": 51
      },
      {
        "value": 10
      },
      {
        "value": 10
      },
      {
        "value": 1
      },
      {
        "value": 2
      },
      {
        "value": 0
      },
      {
        "value": 29
      },
      {
        "value": 5
      },
      {
        "value": 92
      },
      {
        "value": 16
      }
    ],
    [
      {
        "value": "ukrainian premier league"
      },
      {
        "value": 3
      },
      {
        "value": 0
      },
      {
        "value": 0
      },
      {
        "value": 0
      },
      {
        "value": 0
      },
      {
        "value": 0
      },
      {
        "value": 0
      },
      {
        "value": 0
      },
      {
        "value": 3
      },
      {
        "value": 0
      }
    ],
    [
      {
        "value": "ukrainian premier league"
      },
      {
        "value": 26
      },
      {
        "value": 5
      },
      {
        "value": 4
      },
      {
        "value": 1
      },
      {
        "value": 8
      },
      {
        "value": 0
      },
      {
        "value": 1
      },
      {
        "value": 0
      },
      {
        "value": 39
      },
      {
        "value": 6
      }
    ],
    [
      {
        "value": "ukrainian premier league"
      },
      {
        "value": 26
      },
      {
        "value": 7
      },
      {
        "value": 5
      },
      {
        "value": 3
      },
      {
        "value": 5
      },
      {
        "value": 0
      },
      {
        "value": 1
      },
      {
        "value": 0
      },
      {
        "value": 37
      },
      {
        "value": 10
      }
    ],
    [
      {
        "value": "ukrainian premier league"
      },
      {
        "value": 27
      },
      {
        "value": 10
      },
      {
        "value": 5
      },
      {
        "value": 4
      },
      {
        "value": 8
      },
      {
        "value": 2
      },
      {
        "value": 1
      },
      {
        "value": 0
      },
      {
        "value": 41
      },
      {
        "value": 16
      }
    ],
    [
      {
        "value": "ukrainian premier league"
      },
      {
        "value": 27
      },
      {
        "value": 6
      },
      {
        "value": 4
      },
      {
        "value": 0
      },
      {
        "value": 8
      },
      {
        "value": 3
      },
      {
        "value": 1
      },
      {
        "value": 0
      },
      {
        "value": 40
      },
      {
        "value": 9
      }
    ],
    [
      {
        "value": "ukrainian premier league"
      },
      {
        "value": 22
      },
      {
        "value": 17
      },
      {
        "value": 7
      },
      {
        "value": 2
      },
      {
        "value": 8
      },
      {
        "value": 3
      },
      {
        "value": 0
      },
      {
        "value": 0
      },
      {
        "value": 37
      },
      {
        "value": 22
      }
    ],
    [
      {
        "value": "ukrainian premier league"
      },
      {
        "value": 15
      },
      {
        "value": 22
      },
      {
        "value": 0
      },
      {
        "value": 0
      },
      {
        "value": 10
      },
      {
        "value": 4
      },
      {
        "value": 1
      },
      {
        "value": 0
      },
      {
        "value": 26
      },
      {
        "value": 26
      }
    ],
    [
      {
        "value": ""
      },
      {
        "value": 146
      },
      {
        "value": 67
      },
      {
        "value": 25
      },
      {
        "value": 10
      },
      {
        "value": 47
      },
      {
        "value": 12
      },
      {
        "value": 5
      },
      {
        "value": 0
      },
      {
        "value": 223
      },
      {
        "value": 89
      }
    ],
    [
      {
        "value": "chinese super league"
      },
      {
        "value": 28
      },
      {
        "value": 11
      },
      {
        "value": 7
      },
      {
        "value": 6
      },
      {
        "value": 6
      },
      {
        "value": 2
      },
      {
        "value": 1
      },
      {
        "value": 0
      },
      {
        "value": 42
      },
      {
        "value": 19
      }
    ],
    [
      {
        "value": "chinese super league"
      },
      {
        "value": 19
      },
      {
        "value": 8
      },
      {
        "value": 2
      },
      {
        "value": 0
      },
      {
        "value": 7
      },
      {
        "value": 3
      },
      {
        "value": 1
      },
      {
        "value": 0
      },
      {
        "value": 29
      },
      {
        "value": 11
      }
    ],
    [
      {
        "value": "chinese super league"
      },
      {
        "value": 28
      },
      {
        "value": 13
      },
      {
        "value": 3
      },
      {
        "value": 2
      },
      {
        "value": 0
      },
      {
        "value": 0
      },
      {
        "value": 0
      },
      {
        "value": 0
      },
      {
        "value": 31
      },
      {
        "value": 15
      }
    ],
    [
      {
        "value": "chinese super league"
      },
      {
        "value": 1
      },
      {
        "value": 2
      },
      {
        "value": 0
      },
      {
        "value": 0
      },
      {
        "value": 0
      },
      {
        "value": 0
      },
      {
        "value": 0
      },
      {
        "value": 0
      },
      {
        "value": 1
      },
      {
        "value": 2
      }
    ],
    [
      {
        "value": ""
      },
      {
        "value": 76
      },
      {
        "value": 34
      },
      {
        "value": 12
      },
      {
        "value": 8
      },
      {
        "value": 13
      },
      {
        "value": 5
      },
      {
        "value": 2
      },
      {
        "value": 0
      },
      {
        "value": 103
      },
      {
        "value": 47
      }
    ],
    [
      {
        "value": ""
      },
      {
        "value": 273
      },
      {
        "value": 111
      },
      {
        "value": 47
      },
      {
        "value": 19
      },
      {
        "value": 62
      },
      {
        "value": 17
      },
      {
        "value": 36
      },
      {
        "value": 5
      },
      {
        "value": 418
      },
      {
        "value": 152
      }
    ]
  ]
}