{
  "title": "career statistics",
  "top_root": {
    "name": "<TOP>",
    "value": "<TOP>",
    "type": "string",
    "line_idx": null,
    "children_dict": [
      {
        "name": "league",
        "value": "league",
        "type": "string",
        "children_dict": [
          {
            "name": "division",
            "value": "division",
            "type": "string",
            "children_dict": [],
            "line_idx": 0
          },
          {
            "name": "apps",
            "value": "apps",
            "type": "string",
            "children_dict": [],
            "line_idx": 1
          },
          {
            "name": "goals",
            "value": "goals",
            "type": "string",
            "children_dict": [],
            "line_idx": 2
          }
        ],
        "line_idx": null
      },
      {
        "name": "cup",
        "value": "cup",
        "type": "string",
        "children_dict": [
          {
            "name": "apps",
            "value": "apps",
            "type": "string",
            "children_dict": [],
            "line_idx": 3
          },
          {
            "name": "goals",
            "value": "goals",
            "type": "string",
            "children_dict": [],
            "line_idx": 4
          }
        ],
        "line_idx": null
      },
      {
        "name": "continental",
        "value": "continental",
        "type": "string",
        "children_dict": [
          {
            "name": "apps",
            "value": "apps",
            "type": "string",
            "children_dict": [],
            "line_idx": 5
          },
          {
            "name": "goals",
            "value": "goals",
            "type": "string",
            "children_dict": [],
            "line_idx": 6
          }
        ],
        "line_idx": null
      },
      {
        "name": "other",
        "value": "other",
        "type": "string",
        "children_dict": [
          {
            "name": "apps",
            "value": "apps",
            "type": "string",
            "children_dict": [],
            "line_idx": 7
          },
          {
            "name": "goals",
            "value": "goals",
            "type": "string",
            "children_dict": [],
            "line_idx": 8
          }
        ],
        "line_idx": null
      },
      {
        "name": "total",
        "value": "total",
        "type": "string",
        "children_dict": [
          {
            "name": "apps",
            "value": "apps",
            "type": "string",
            "children_dict": [],
            "line_idx": 9
          },
          {
            "name": "goals",
            "value": "goals",
            "type": "string",
            "children_dict": [],
            "line_idx": 10
          }
        ],
        "line_idx": null
      }
    ]
  },
  "left_root": {
    "name": "<LEFT>",
    "value": "<LEFT>",
    "type": "string",
    "line_idx": null,
    "children_dict": [
      {
        "name": "gremio barueri",
        "value": "gremio barueri",
        "type": "string",
        "children_dict": [
          {
            "name": "2008",
            "value": "2008",
            "type": "string",
            "children_dict": [],
            "line_idx": 0
          },
          {
            "name": "2009",
            "value": "2009",
            "type": "string",
            "children_dict": [],
            "line_idx": 1
          },
          {
            "name": "total",
            "value": "total",
            "type": "string",
            "children_dict": [],
            "line_idx": 2
          }
        ],
        "line_idx": null
      },
      {
        "name": "gremio barueri",
        "value": "gremio barueri",
        "type": "string",
        "children_dict": [
          {
            "name": "2009",
            "value": "2009",
            "type": "string",
            "children_dict": [],
            "line_idx": 3
          },
          {
            "name": "total",
            "value": "total",
            "type": "string",
            "children_dict": [],
            "line_idx": 4
          }
        ],
        "line_idx": null
      },
      {
        "name": "sao paulo",
        "value": "sao paulo",
        "type": "string",
        "children_dict": [
          {
            "name": "2010",
            "value": "2010",
            "type": "string",
            "children_dict": [],
            "line_idx": 5
          },
          {
            "name": "2011",
            "value": "2011",
            "type": "string",
            "children_dict": [],
            "line_idx": 6
          },
          {
            "name": "2012",
            "value": "2012",
            "type": "string",
            "children_dict": [],
            "line_idx": 7
          },
          {
            "name": "total",
            "value": "total",
            "type": "string",
            "children_dict": [],
            "line_idx": 8
          }
        ],
        "line_idx": null
      },
      {
        "name": "al-jazira",
        "value": "al-jazira",
        "type": "string",
        "children_dict": [
          {
            "name": "2012-13",
            "value": "2012-13",
            "type": "string",
            "children_dict": [],
            "line_idx": 9
          },
          {
            "name": "total",
            "value": "total",
            "type": "string",
            "children_dict": [],
            "line_idx": 10
          }
        ],
        "line_idx": null
      },
      {
        "name": "atletico mineiro",
        "value": "atletico mineiro",
        "type": "string",
        "children_dict": [
          {
            "name": "2013",
            "value": "2013",
            "type": "string",
            "children_dict": [],
            "line_idx": 11
          },
          {
            "name": "2014",
            "value": "2014",
            "type": "string",
            "children_dict": [],
            "line_idx": 12
          },
          {
            "name": "total",
            "value": "total",
            "type": "string",
            "children_dict": [],
            "line_idx": 13
          }
        ],
        "line_idx": null
      },
      {
        "name": "gremio",
        "value": "gremio",
        "type": "string",
        "children_dict": [
          {
            "name": "2014",
            "value": "2014",
            "type": "string",
            "children_dict": [],
            "line_idx": 14
          },
          {
            "name": "total",
            "value": "total",
            "type": "string",
            "children_dict": [],
            "line_idx": 15
          }
        ],
        "line_idx": null
      },
      {
        "name": "hellas verona",
        "value": "hellas verona",
        "type": "string",
        "children_dict": [
          {
            "name": "2014-15",
            "value": "2014-15",
            "type": "string",
            "children_dict": [],
            "line_idx": 16
          },
          {
            "name": "total",
            "value": "total",
            "type": "string",
            "children_dict": [],
            "line_idx": 17
          }
        ],
        "line_idx": null
      },
      {
        "name": "gremio",
        "value": "gremio",
        "type": "string",
        "children_dict": [
          {
            "name": "2015",
            "value": "2015",
            "type": "string",
            "children_dict": [],
            "line_idx": 18
          },
          {
            "name": "2016",
            "value": "2016",
            "type": "string",
            "children_dict": [],
            "line_idx": 19
          },
          {
            "name": "total",
            "value": "total",
            "type": "string",
            "children_dict": [],
            "line_idx": 20
          }
        ],
        "line_idx": null
      },
      {
        "name": "flamengo",
        "value": "flamengo",
        "type": "string",
        "children_dict": [
          {
            "name": "2016",
            "value": "2016",
            "type": "string",
            "children_dict": [],
            "line_idx": 21
          },
          {
            "name": "total",
            "value": "total",
            "type": "string",
            "children_dict": [],
            "line_idx": 22
          }
        ],
        "line_idx": null
      },
      {
        "name": "gremio",
        "value": "gremio",
        "type": "string",
        "children_dict": [
          {
            "name": "2017",
            "value": "2017",
            "type": "string",
            "children_dict": [],
            "line_idx": 23
          },
          {
            "name": "total",
            "value": "total",
            "type": "string",
            "children_dict": [],
            "line_idx": 24
          }
        ],
        "line_idx": null
      },
      {
        "name": "chongqing lifan",
        "value": "chongqing lifan",
        "type": "string",
        "children_dict": [
          {
            "name": "2018",
            "value": "2018",
            "type": "string",
            "children_dict": [],
            "line_idx": 25
          },
          {
            "name": "total",
            "value": "total",
            "type": "string",
            "children_dict": [],
            "line_idx": 26
          }
        ],
        "line_idx": null
      },
      {
        "name": "career total",
        "value": "career total",
        "type": "string",
        "children_dict": [],
        "line_idx": 27
      }
    ]
  },
  "data": [
    [
      {
        "value": "serie b"
      },
      {
        "value": 15
      },
      {
        "value": 4
      },
      {
        "value": 0
      },
      {
        "value": 0
      },
      {
        "value": 0
      },
      {
        "value": 0
      },
      {
        "value": 0
      },
      {
        "value": 0
      },
      {
        "value": 15
      },
      {
        "value": 4
      }
    ],
    [
      {
        "value": "serie a"
      },
      {
        "value": 16
      },
      {
        "value": 2
      },
      {
        "value": 0
      },
      {
        "value": 0
      },
      {
        "value": 0
      },
      {
        "value": 0
      },
      {
        "value": 0
      },
      {
        "value": 0
      },
      {
        "value": 16
      },
      {
        "value": 2
      }
    ],
    [
      {
        "value": ""
      },
      {
        "value": 31
      },
      {
        "value": 6
      },
      {
        "value": 0
      },
      {
        "value": 0
      },
      {
        "value": 0
      },
      {
        "value": 0
      },
      {
        "value": 0
      },
      {
        "value": 0
      },
      {
        "value": 31
      },
      {
        "value": 6
      }
    ],
    [
      {
        "value": "serie a"
      },
      {
        "value": 19
      },
      {
        "value": 4
      },
      {
        "value": 0
      },
      {
        "value": 0
      },
      {
        "value": 0
      },
      {
        "value": 0
      },
      {
        "value": 0
      },
      {
        "value": 0
      },
      {
        "value": 19
      },
      {
        "value": 4
      }
    ],
    [
      {
        "value": ""
      },
      {
        "value": 19
      },
      {
        "value": 4
      },
      {
        "value": 0
      },
      {
        "value": 0
      },
      {
        "value": 0
      },
      {
        "value": 0
      },
      {
        "value": 0
      },
      {
        "value": 0
      },
      {
        "value": 19
      },
      {
        "value": 4
      }
    ],
    [
      {
        "value": "serie a"
      },
      {
        "value": 18
      },
      {
        "value": 1
      },
      {
        "value": 0
      },
      {
        "value": 0
      },
      {
        "value": 8
      },
      {
        "value": 1
      },
      {
        "value": 10
      },
      {
        "value": 4
      },
      {
        "value": 36
      },
      {
        "value": 6
      }
    ],
    [
      {
        "value": "serie a"
      },
      {
        "value": 19
      },
      {
        "value": 1
      },
      {
        "value": 4
      },
      {
        "value": 1
      },
      {
        "value": 3
      },
      {
        "value": 0
      },
      {
        "value": 13
      },
      {
        "value": 4
      },
      {
        "value": 39
      },
      {
        "value": 6
      }
    ],
    [
      {
        "value": "serie a"
      },
      {
        "value": 6
      },
      {
        "value": 0
      },
      {
        "value": 6
      },
      {
        "value": 0
      },
      {
        "value": 0
      },
      {
        "value": 0
      },
      {
        "value": 17
      },
      {
        "value": 5
      },
      {
        "value": 29
      },
      {
        "value": 5
      }
    ],
    [
      {
        "value": ""
      },
      {
        "value": 43
      },
      {
        "value": 2
      },
      {
        "value": 10
      },
      {
        "value": 1
      },
      {
        "value": 11
      },
      {
        "value": 1
      },
      {
        "value": 40
      },
      {
        "value": 13
      },
      {
        "value": 104
      },
      {
        "value": 17
      }
    ],
    [
      {
        "value": "arabian gulf league"
      },
      {
        "value": 24
      },
      {
        "value": 5
      },
      {
        "value": 10
      },
      {
        "value": 4
      },
      {
        "value": 6
      },
      {
        "value": 0
      },
      {
        "value": 0
      },
      {
        "value": 0
      },
      {
        "value": 40
      },
      {
        "value": 9
      }
    ],
    [
      {
        "value": ""
      },
      {
        "value": 24
      },
      {
        "value": 5
      },
      {
        "value": 10
      },
      {
        "value": 4
      },
      {
        "value": 6
      },
      {
        "value": 0
      },
      {
        "value": 0
      },
      {
        "value": 0
      },
      {
        "value": 40
      },
      {
        "value": 9
      }
    ],
    [
      {
        "value": "serie a"
      },
      {
        "value": 23
      },
      {
        "value": 6
      },
      {
        "value": 2
      },
      {
        "value": 1
      },
      {
        "value": 0
      },
      {
        "value": 0
      },
      {
        "value": 2
      },
      {
        "value": 0
      },
      {
        "value": 27
      },
      {
        "value": 7
      }
    ],
    [
      {
        "value": "serie a"
      },
      {
        "value": 6
      },
      {
        "value": 1
      },
      {
        "value": 0
      },
      {
        "value": 0
      },
      {
        "value": 7
      },
      {
        "value": 1
      },
      {
        "value": 7
      },
      {
        "value": 0
      },
      {
        "value": 20
      },
      {
        "value": 2
      }
    ],
    [
      {
        "value": ""
      },
      {
        "value": 29
      },
      {
        "value": 7
      },
      {
        "value": 2
      },
      {
        "value": 1
      },
      {
        "value": 7
      },
      {
        "value": 1
      },
      {
        "value": 9
      },
      {
        "value": 0
      },
      {
        "value": 47
      },
      {
        "value": 9
      }
    ],
    [
      {
        "value": "serie a"
      },
      {
        "value": 13
      },
      {
        "value": 0
      },
      {
        "value": 0
      },
      {
        "value": 0
      },
      {
        "value": 0
      },
      {
        "value": 0
      },
      {
        "value": 0
      },
      {
        "value": 0
      },
      {
        "value": 13
      },
      {
        "value": 0
      }
    ],
    [
      {
        "value": ""
      },
      {
        "value": 13
      },
      {
        "value": 0
      },
      {
        "value": 0
      },
      {
        "value": 0
      },
      {
        "value": 0
      },
      {
        "value": 0
      },
      {
        "value": 0
      },
      {
        "value": 0
      },
      {
        "value": 13
      },
      {
        "value": 0
      }
    ],
    [
      {
        "value": "serie a"
      },
      {
        "value": 6
      },
      {
        "value": 0
      },
      {
        "value": 0
      },
      {
        "value": 0
      },
      {
        "value": 0
      },
      {
        "value": 0
      },
      {
        "value": 0
      },
      {
        "value": 0
      },
      {
        "value": 16
      },
      {
        "value": 0
      }
    ],
    [
      {
        "value": ""
      },
      {
        "value": 6
      },
      {
        "value": 0
      },
      {
        "value": 0
      },
      {
        "value": 0
      },
      {
        "value": 0
      },
      {
        "value": 0
      },
      {
        "value": 0
      },
      {
        "value": 0
      },
      {
        "value": 6
      },
      {
        "value": 0
      }
    ],
    [
      {
        "value": "serie a"
      },
      {
        "value": 16
      },
      {
        "value": 1
      },
      {
        "value": 6
      },
      {
        "value": 0
      },
      {
        "value": 0
      },
      {
        "value": 0
      },
      {
        "value": 0
      },
      {
        "value": 0
      },
      {
        "value": 22
      },
      {
        "value": 1
      }
    ],
    [
      {
        "value": "serie a"
      },
      {
        "value": 0
      },
      {
        "value": 0
      },
      {
        "value": 0
      },
      {
        "value": 0
      },
      {
        "value": 2
      },
      {
        "value": 0
      },
      {
        "value": 6
      },
      {
        "value": 1
      },
      {
        "value": 8
      },
      {
        "value": 1
      }
    ],
    [
      {
        "value": ""
      },
      {
        "value": 16
      },
      {
        "value": 1
      },
      {
        "value": 6
      },
      {
        "value": 0
      },
      {
        "value": 2
      },
      {
        "value": 0
      },
      {
        "value": 6
      },
      {
        "value": 1
      },
      {
        "value": 30
      },
      {
        "value": 2
      }
    ],
    [
      {
        "value": "serie a"
      },
      {
        "value": 25
      },
      {
        "value": 3
      },
      {
        "value": 2
      },
      {
        "value": 0
      },
      {
        "value": 4
      },
      {
        "value": 1
      },
      {
        "value": 0
      },
      {
        "value": 0
      },
      {
        "value": 31
      },
      {
        "value": 4
      }
    ],
    [
      {
        "value": ""
      },
      {
        "value": 25
      },
      {
        "value": 3
      },
      {
        "value": 2
      },
      {
        "value": 0
      },
      {
        "value": 4
      },
      {
        "value": 1
      },
      {
        "value": 0
      },
      {
        "value": 0
      },
      {
        "value": 31
      },
      {
        "value": 4
      }
    ],
    [
      {
        "value": "serie a"
      },
      {
        "value": 28
      },
      {
        "value": 9
      },
      {
        "value": 5
      },
      {
        "value": 0
      },
      {
        "value": 13
      },
      {
        "value": 1
      },
      {
        "value": 2
      },
      {
        "value": 0
      },
      {
        "value": 48
      },
      {
        "value": 10
      }
    ],
    [
      {
        "value": ""
      },
      {
        "value": 28
      },
      {
        "value": 9
      },
      {
        "value": 5
      },
      {
        "value": 0
      },
      {
        "value": 13
      },
      {
        "value": 1
      },
      {
        "value": 2
      },
      {
        "value": 0
      },
      {
        "value": 48
      },
      {
        "value": 10
      }
    ],
    [
      {
        "value": "chinese super league"
      },
      {
        "value": 28
      },
      {
        "value": 6
      },
      {
        "value": 1
      },
      {
        "value": 0
      },
      {
        "value": 0
      },
      {
        "value": 0
      },
      {
        "value": 0
      },
      {
        "value": 0
      },
      {
        "value": 29
      },
      {
        "value": 6
      }
    ],
    [
      {
        "value": ""
      },
      {
        "value": 28
      },
      {
        "value": 6
      },
      {
        "value": 1
      },
      {
        "value": 0
      },
      {
        "value": 0
      },
      {
        "value": 0
      },
      {
        "value": 0
      },
      {
        "value": 0
      },
      {
        "value": 29
      },
      {
        "value": 6
      }
    ],
    [
      {
        "value": ""
      },
      {
        "value": 240
      },
      {
        "value": 39
      },
      {
        "value": 35
      },
      {
        "value": 6
      },
      {
        "value": 43
      },
      {
        "value": 4
      },
      {
        "value": 57
      },
      {
        "value": 14
      },
      {
        "value": 375
      },
      {
        "value": 63
      }
    ]
  ]
}