{
  "title": "operating locations by firm structure and sector",
  "top_root": {
    "name": "<TOP>",
    "value": "<TOP>",
    "type": "string",
    "line_idx": null,
    "children_dict": [
      {
        "name": "firm structure",
        "value": "firm structure",
        "type": "string",
        "children_dict": [
          {
            "name": "total",
            "value": "total",
            "type": "string",
            "children_dict": [],
            "line_idx": 0
          },
          {
            "name": "single",
            "value": "single",
            "type": "string",
            "children_dict": [],
            "line_idx": 1
          },
          {
            "name": "multiple",
            "value": "multiple",
            "type": "string",
            "children_dict": [],
            "line_idx": 2
          },
          {
            "name": "multiple province",
            "value": "multiple province",
            "type": "string",
            "children_dict": [],
            "line_idx": 3
          }
        ],
        "line_idx": null
      }
    ]
  },
  "left_root": {
    "name": "<LEFT>",
    "value": "<LEFT>",
    "type": "string",
    "line_idx": null,
    "children_dict": [
      {
        "name": "percent",
        "value": "percent",
        "type": "string",
        "children_dict": [
          {
            "name": "goods only",
            "value": "goods only",
            "type": "string",
            "children_dict": [],
            "line_idx": 0
          },
          {
            "name": "services only",
            "value": "services only",
            "type": "string",
            "children_dict": [],
            "line_idx": 1
          },
          {
            "name": "hybrid goods",
            "value": "hybrid goods",
            "type": "string",
            "children_dict": [],
            "line_idx": 2
          },
          {
            "name": "total business sector",
            "value": "total business sector",
            "type": "string",
            "children_dict": [],
            "line_idx": 3
          }
        ],
        "line_idx": null
      }
    ]
  },
  "data": [
    [
      {
        "value": 100.0
      },
      {
        "value": 98.6
      },
      {
        "value": 1.4
      },
      {
        "value": 33.3
      }
    ],
    [
      {
        "value": 100.0
      },
      {
        "value": 91.2
      },
      {
        "value": 8.8
      },
      {
        "value": 65.7
      }
    ],
    [
      {
        "value": 100.0
      },
      {
        "value": ""
      },
      {
        "value": 100.0
      },
      {
        "value": 85.2
      }
    ],
    [
      {
        "value": 100.0
      },
      {
        "value": 90.9
      },
      {
        "value": 9.1
      },
      {
        "value": 69.3
      }
    ]
  ]
}