{
  "title": "managerial statistics",
  "top_root": {
    "name": "<TOP>",
    "value": "<TOP>",
    "type": "string",
    "line_idx": null,
    "children_dict": [
      {
        "name": "record",
        "value": "record",
        "type": "string",
        "children_dict": [
          {
            "name": "g",
            "value": "g",
            "type": "string",
            "children_dict": [],
            "line_idx": 0
          },
          {
            "name": "w",
            "value": "w",
            "type": "string",
            "children_dict": [],
            "line_idx": 1
          },
          {
            "name": "d",
            "value": "d",
            "type": "string",
            "children_dict": [],
            "line_idx": 2
          },
          {
            "name": "l",
            "value": "l",
            "type": "string",
            "children_dict": [],
            "line_idx": 3
          },
          {
            "name": "win %",
            "value": "win %",
            "type": "string",
            "children_dict": [],
            "line_idx": 4
          },
          {
            "name": "ref",
            "value": "ref",
            "type": "string",
            "children_dict": [],
            "line_idx": 5
          }
        ],
        "line_idx": null
      }
    ]
  },
  "left_root": {
    "name": "<LEFT>",
    "value": "<LEFT>",
    "type": "string",
    "line_idx": null,
    "children_dict": [
      {
        "name": "fc wil",
        "value": "fc wil",
        "type": "string",
        "children_dict": [
          {
            "name": "1 july 1988",
            "value": "1 july 1988",
            "type": "string",
            "children_dict": [
              {
                "name": "30 june 1993",
                "value": "30 june 1993",
                "type": "string",
                "children_dict": [],
                "line_idx": 0
              }
            ],
            "line_idx": null
          }
        ],
        "line_idx": null
      },
      {
        "name": "grasshoppers",
        "value": "grasshoppers",
        "type": "string",
        "children_dict": [
          {
            "name": "1 july 1993",
            "value": "1 july 1993",
            "type": "string",
            "children_dict": [
              {
                "name": "19 november 1997",
                "value": "19 november 1997",
                "type": "string",
                "children_dict": [],
                "line_idx": 1
              }
            ],
            "line_idx": null
          }
        ],
        "line_idx": null
      },
      {
        "name": "tottenham hotspur",
        "value": "tottenham hotspur",
        "type": "string",
        "children_dict": [
          {
            "name": "20 november 1997",
            "value": "20 november 1997",
            "type": "string",
            "children_dict": [
              {
                "name": "6 september 1998",
                "value": "6 september 1998",
                "type": "string",
                "children_dict": [],
                "line_idx": 2
              }
            ],
            "line_idx": null
          }
        ],
        "line_idx": null
      },
      {
        "name": "basel",
        "value": "basel",
        "type": "string",
        "children_dict": [
          {
            "name": "1 july 1999",
            "value": "1 july 1999",
            "type": "string",
            "children_dict": [
              {
                "name": "27 may 2009",
                "value": "27 may 2009",
                "type": "string",
                "children_dict": [],
                "line_idx": 3
              }
            ],
            "line_idx": null
          }
        ],
        "line_idx": null
      },
      {
        "name": "vfb stuttgart",
        "value": "vfb stuttgart",
        "type": "string",
        "children_dict": [
          {
            "name": "6 december 2009",
            "value": "6 december 2009",
            "type": "string",
            "children_dict": [
              {
                "name": "13 october 2010",
                "value": "13 october 2010",
                "type": "string",
                "children_dict": [],
                "line_idx": 4
              }
            ],
            "line_idx": null
          }
        ],
        "line_idx": null
      },
      {
        "name": "young boys",
        "value": "young boys",
        "type": "string",
        "children_dict": [
          {
            "name": "8 may 2011",
            "value": "8 may 2011",
            "type": "string",
            "children_dict": [
              {
                "name": "30 april 2012",
                "value": "30 april 2012",
                "type": "string",
                "children_dict": [],
                "line_idx": 5
              }
            ],
            "line_idx": null
          }
        ],
        "line_idx": null
      },
      {
        "name": "al-ahli",
        "value": "al-ahli",
        "type": "string",
        "children_dict": [
          {
            "name": "1 july 2014",
            "value": "1 july 2014",
            "type": "string",
            "children_dict": [
              {
                "name": "1 july 2016",
                "value": "1 july 2016",
                "type": "string",
                "children_dict": [],
                "line_idx": 6
              }
            ],
            "line_idx": null
          }
        ],
        "line_idx": null
      },
      {
        "name": "al-ahli",
        "value": "al-ahli",
        "type": "string",
        "children_dict": [
          {
            "name": "2 october 2016",
            "value": "2 october 2016",
            "type": "string",
            "children_dict": [
              {
                "name": "20 june 2017",
                "value": "20 june 2017",
                "type": "string",
                "children_dict": [],
                "line_idx": 7
              }
            ],
            "line_idx": null
          }
        ],
        "line_idx": null
      },
      {
        "name": "zamalek sc",
        "value": "zamalek sc",
        "type": "string",
        "children_dict": [
          {
            "name": "13 july 2018",
            "value": "13 july 2018",
            "type": "string",
            "children_dict": [
              {
                "name": "present",
                "value": "present",
                "type": "string",
                "children_dict": [],
                "line_idx": 8
              }
            ],
            "line_idx": null
          }
        ],
        "line_idx": null
      },
      {
        "name": "total",
        "value": "total",
        "type": "string",
        "children_dict": [],
        "line_idx": 9
      }
    ]
  },
  "data": [
    [
      {
        "value": "-"
      },
      {
        "value": "-"
      },
      {
        "value": "-"
      },
      {
        "value": "-"
      },
      {
        "value": "-"
      },
      {
        "value": "-"
      }
    ],
    [
      {
        "value": 161.0
      },
      {
        "value": 88.0
      },
      {
        "value": 41.0
      },
      {
        "value": 32.0
      },
      {
        "value": 54.66
      },
      {
        "value": "none"
      }
    ],
    [
      {
        "value": 30.0
      },
      {
        "value": 10.0
      },
      {
        "value": 8.0
      },
      {
        "value": 12.0
      },
      {
        "value": 33.33
      },
      {
        "value": "none"
      }
    ],
    [
      {
        "value": 498.0
      },
      {
        "value": 289.0
      },
      {
        "value": 115.0
      },
      {
        "value": 94.0
      },
      {
        "value": 58.03
      },
      {
        "value": "none"
      }
    ],
    [
      {
        "value": 36.0
      },
      {
        "value": 20.0
      },
      {
        "value": 7.0
      },
      {
        "value": 9.0
      },
      {
        "value": 55.56
      },
      {
        "value": "none"
      }
    ],
    [
      {
        "value": 40.0
      },
      {
        "value": 16.0
      },
      {
        "value": 15.0
      },
      {
        "value": 9.0
      },
      {
        "value": 40.0
      },
      {
        "value": "none"
      }
    ],
    [
      {
        "value": 82.0
      },
      {
        "value": 57.0
      },
      {
        "value": 19.0
      },
      {
        "value": 6.0
      },
      {
        "value": 69.51
      },
      {
        "value": "none"
      }
    ],
    [
      {
        "value": 37.0
      },
      {
        "value": 24.0
      },
      {
        "value": 6.0
      },
      {
        "value": 7.0
      },
      {
        "value": 64.86
      },
      {
        "value": "none"
      }
    ],
    [
      {
        "value": 45.0
      },
      {
        "value": 26.0
      },
      {
        "value": 13.0
      },
      {
        "value": 6.0
      },
      {
        "value": 57.78
      },
      {
        "value": "none"
      }
    ],
    [
      {
        "value": 904.0
      },
      {
        "value": 512.0
      },
      {
        "value": 219.0
      },
      {
        "value": 173.0
      },
      {
        "value": 56.64
      },
      {
        "value": "-"
      }
    ]
  ]
}