{
  "title": "career statistics",
  "top_root": {
    "name": "<TOP>",
    "value": "<TOP>",
    "type": "string",
    "line_idx": null,
    "children_dict": [
      {
        "name": "league",
        "value": "league",
        "type": "string",
        "children_dict": [
          {
            "name": "division",
            "value": "division",
            "type": "string",
            "children_dict": [],
            "line_idx": 0
          },
          {
            "name": "apps",
            "value": "apps",
            "type": "string",
            "children_dict": [],
            "line_idx": 1
          },
          {
            "name": "goals",
            "value": "goals",
            "type": "string",
            "children_dict": [],
            "line_idx": 2
          }
        ],
        "line_idx": null
      },
      {
        "name": "cup",
        "value": "cup",
        "type": "string",
        "children_dict": [
          {
            "name": "apps",
            "value": "apps",
            "type": "string",
            "children_dict": [],
            "line_idx": 3
          },
          {
            "name": "goals",
            "value": "goals",
            "type": "string",
            "children_dict": [],
            "line_idx": 4
          }
        ],
        "line_idx": null
      },
      {
        "name": "continental",
        "value": "continental",
        "type": "string",
        "children_dict": [
          {
            "name": "apps",
            "value": "apps",
            "type": "string",
            "children_dict": [],
            "line_idx": 5
          },
          {
            "name": "goals",
            "value": "goals",
            "type": "string",
            "children_dict": [],
            "line_idx": 6
          }
        ],
        "line_idx": null
      },
      {
        "name": "other",
        "value": "other",
        "type": "string",
        "children_dict": [
          {
            "name": "apps",
            "value": "apps",
            "type": "string",
            "children_dict": [],
            "line_idx": 7
          },
          {
            "name": "goals",
            "value": "goals",
            "type": "string",
            "children_dict": [],
            "line_idx": 8
          }
        ],
        "line_idx": null
      },
      {
        "name": "total",
        "value": "total",
        "type": "string",
        "children_dict": [
          {
            "name": "apps",
            "value": "apps",
            "type": "string",
            "children_dict": [],
            "line_idx": 9
          },
          {
            "name": "goals",
            "value": "goals",
            "type": "string",
            "children_dict": [],
            "line_idx": 10
          }
        ],
        "line_idx": null
      }
    ]
  },
  "left_root": {
    "name": "<LEFT>",
    "value": "<LEFT>",
    "type": "string",
    "line_idx": null,
    "children_dict": [
      {
        "name": "huracan",
        "value": "huracan",
        "type": "string",
        "children_dict": [
          {
            "name": "2013-14",
            "value": "2013-14",
            "type": "string",
            "children_dict": [],
            "line_idx": 0
          },
          {
            "name": "2014",
            "value": "2014",
            "type": "string",
            "children_dict": [],
            "line_idx": 1
          },
          {
            "name": "2015",
            "value": "2015",
            "type": "string",
            "children_dict": [],
            "line_idx": 2
          },
          {
            "name": "2016",
            "value": "2016",
            "type": "string",
            "children_dict": [],
            "line_idx": 3
          },
          {
            "name": "2016-17",
            "value": "2016-17",
            "type": "string",
            "children_dict": [],
            "line_idx": 4
          },
          {
            "name": "2017-18",
            "value": "2017-18",
            "type": "string",
            "children_dict": [],
            "line_idx": 5
          },
          {
            "name": "total",
            "value": "total",
            "type": "string",
            "children_dict": [],
            "line_idx": 6
          }
        ],
        "line_idx": null
      },
      {
        "name": "talleres",
        "value": "talleres",
        "type": "string",
        "children_dict": [
          {
            "name": "2015",
            "value": "2015",
            "type": "string",
            "children_dict": [],
            "line_idx": 7
          }
        ],
        "line_idx": null
      },
      {
        "name": "patronato",
        "value": "patronato",
        "type": "string",
        "children_dict": [
          {
            "name": "2017-18",
            "value": "2017-18",
            "type": "string",
            "children_dict": [],
            "line_idx": 8
          }
        ],
        "line_idx": null
      },
      {
        "name": "deportivo cuenca",
        "value": "deportivo cuenca",
        "type": "string",
        "children_dict": [
          {
            "name": "2018",
            "value": "2018",
            "type": "string",
            "children_dict": [],
            "line_idx": 9
          }
        ],
        "line_idx": null
      },
      {
        "name": "guayaquil city",
        "value": "guayaquil city",
        "type": "string",
        "children_dict": [
          {
            "name": "2019",
            "value": "2019",
            "type": "string",
            "children_dict": [],
            "line_idx": 10
          }
        ],
        "line_idx": null
      },
      {
        "name": "career total",
        "value": "career total",
        "type": "string",
        "children_dict": [],
        "line_idx": 11
      }
    ]
  },
  "data": [
    [
      {
        "value": "primera b nacional"
      },
      {
        "value": 1
      },
      {
        "value": 0
      },
      {
        "value": 0.0
      },
      {
        "value": 0.0
      },
      {
        "value": "-"
      },
      {
        "value": "-"
      },
      {
        "value": 0
      },
      {
        "value": 0
      },
      {
        "value": 1
      },
      {
        "value": 0
      }
    ],
    [
      {
        "value": "primera b nacional"
      },
      {
        "value": 1
      },
      {
        "value": 0
      },
      {
        "value": 2.0
      },
      {
        "value": 0.0
      },
      {
        "value": "-"
      },
      {
        "value": "-"
      },
      {
        "value": 0
      },
      {
        "value": 0
      },
      {
        "value": 3
      },
      {
        "value": 0
      }
    ],
    [
      {
        "value": "primera division"
      },
      {
        "value": 0
      },
      {
        "value": 0
      },
      {
        "value": 0.0
      },
      {
        "value": 0.0
      },
      {
        "value": 0.0
      },
      {
        "value": 0.0
      },
      {
        "value": 0
      },
      {
        "value": 0
      },
      {
        "value": 0
      },
      {
        "value": 0
      }
    ],
    [
      {
        "value": "primera division"
      },
      {
        "value": 3
      },
      {
        "value": 0
      },
      {
        "value": 0.0
      },
      {
        "value": 0.0
      },
      {
        "value": 2.0
      },
      {
        "value": 0.0
      },
      {
        "value": 0
      },
      {
        "value": 0
      },
      {
        "value": 5
      },
      {
        "value": 0
      }
    ],
    [
      {
        "value": "primera division"
      },
      {
        "value": 11
      },
      {
        "value": 2
      },
      {
        "value": 0.0
      },
      {
        "value": 0.0
      },
      {
        "value": 1.0
      },
      {
        "value": 0.0
      },
      {
        "value": 0
      },
      {
        "value": 0
      },
      {
        "value": 12
      },
      {
        "value": 2
      }
    ],
    [
      {
        "value": "primera division"
      },
      {
        "value": 0
      },
      {
        "value": 0
      },
      {
        "value": 0.0
      },
      {
        "value": 0.0
      },
      {
        "value": 0.0
      },
      {
        "value": 0.0
      },
      {
        "value": 0
      },
      {
        "value": 0
      },
      {
        "value": 0
      },
      {
        "value": 0
      }
    ],
    [
      {
        "value": ""
      },
      {
        "value": 16
      },
      {
        "value": 2
      },
      {
        "value": 2.0
      },
      {
        "value": 0.0
      },
      {
        "value": 3.0
      },
      {
        "value": 0.0
      },
      {
        "value": 0
      },
      {
        "value": 0
      },
      {
        "value": 21
      },
      {
        "value": 2
      }
    ],
    [
      {
        "value": "torneo federal a"
      },
      {
        "value": 2
      },
      {
        "value": 1
      },
      {
        "value": 0.0
      },
      {
        "value": 0.0
      },
      {
        "value": "-"
      },
      {
        "value": "-"
      },
      {
        "value": 0
      },
      {
        "value": 0
      },
      {
        "value": 2
      },
      {
        "value": 1
      }
    ],
    [
      {
        "value": "primera division"
      },
      {
        "value": 16
      },
      {
        "value": 0
      },
      {
        "value": 0.0
      },
      {
        "value": 0.0
      },
      {
        "value": "-"
      },
      {
        "value": "-"
      },
      {
        "value": 0
      },
      {
        "value": 0
      },
      {
        "value": 16
      },
      {
        "value": 0
      }
    ],
    [
      {
        "value": "serie a"
      },
      {
        "value": 3
      },
      {
        "value": 0
      },
      {
        "value": "-"
      },
      {
        "value": "-"
      },
      {
        "value": 2.0
      },
      {
        "value": 0.0
      },
      {
        "value": 0
      },
      {
        "value": 0
      },
      {
        "value": 5
      },
      {
        "value": 0
      }
    ],
    [
      {
        "value": "serie a"
      },
      {
        "value": 3
      },
      {
        "value": 0
      },
      {
        "value": 0.0
      },
      {
        "value": 0.0
      },
      {
        "value": "-"
      },
      {
        "value": "-"
      },
      {
        "value": 0
      },
      {
        "value": 0
      },
      {
        "value": 3
      },
      {
        "value": 0
      }
    ],
    [
      {
        "value": ""
      },
      {
        "value": 40
      },
      {
        "value": 3
      },
      {
        "value": 2.0
      },
      {
        "value": 0.0
      },
      {
        "value": 3.0
      },
      {
        "value": 0.0
      },
      {
        "value": 0
      },
      {
        "value": 0
      },
      {
        "value": 45
      },
      {
        "value": 3
      }
    ]
  ]
}