{
  "title": "results by county",
  "top_root": {
    "name": "<TOP>",
    "value": "<TOP>",
    "type": "string",
    "line_idx": null,
    "children_dict": [
      {
        "name": "george herbert walker bush republican",
        "value": "george herbert walker bush republican",
        "type": "string",
        "children_dict": [
          {
            "name": "",
            "value": "",
            "type": "string",
            "children_dict": [],
            "line_idx": 0
          },
          {
            "name": "%",
            "value": "%",
            "type": "string",
            "children_dict": [],
            "line_idx": 1
          }
        ],
        "line_idx": null
      },
      {
        "name": "michael stanley dukakis democratic",
        "value": "michael stanley dukakis democratic",
        "type": "string",
        "children_dict": [
          {
            "name": "",
            "value": "",
            "type": "string",
            "children_dict": [],
            "line_idx": 2
          },
          {
            "name": "%",
            "value": "%",
            "type": "string",
            "children_dict": [],
            "line_idx": 3
          }
        ],
        "line_idx": null
      },
      {
        "name": "various candidates other parties",
        "value": "various candidates other parties",
        "type": "string",
        "children_dict": [
          {
            "name": "",
            "value": "",
            "type": "string",
            "children_dict": [],
            "line_idx": 4
          },
          {
            "name": "%",
            "value": "%",
            "type": "string",
            "children_dict": [],
            "line_idx": 5
          }
        ],
        "line_idx": null
      },
      {
        "name": "margin",
        "value": "margin",
        "type": "string",
        "children_dict": [
          {
            "name": "",
            "value": "",
            "type": "string",
            "children_dict": [],
            "line_idx": 6
          },
          {
            "name": "%",
            "value": "%",
            "type": "string",
            "children_dict": [],
            "line_idx": 7
          }
        ],
        "line_idx": null
      },
      {
        "name": "total votes cast",
        "value": "total votes cast",
        "type": "string",
        "children_dict": [
          {
            "name": "",
            "value": "",
            "type": "string",
            "children_dict": [],
            "line_idx": 8
          }
        ],
        "line_idx": null
      }
    ]
  },
  "left_root": {
    "name": "<LEFT>",
    "value": "<LEFT>",
    "type": "string",
    "line_idx": null,
    "children_dict": [
      {
        "name": "beaverhead",
        "value": "beaverhead",
        "type": "string",
        "children_dict": [],
        "line_idx": 0
      },
      {
        "name": "big horn",
        "value": "big horn",
        "type": "string",
        "children_dict": [],
        "line_idx": 1
      },
      {
        "name": "blaine",
        "value": "blaine",
        "type": "string",
        "children_dict": [],
        "line_idx": 2
      },
      {
        "name": "broadwater",
        "value": "broadwater",
        "type": "string",
        "children_dict": [],
        "line_idx": 3
      },
      {
        "name": "carbon",
        "value": "carbon",
        "type": "string",
        "children_dict": [],
        "line_idx": 4
      },
      {
        "name": "carter",
        "value": "carter",
        "type": "string",
        "children_dict": [],
        "line_idx": 5
      },
      {
        "name": "cascade",
        "value": "cascade",
        "type": "string",
        "children_dict": [],
        "line_idx": 6
      },
      {
        "name": "chouteau",
        "value": "chouteau",
        "type": "string",
        "children_dict": [],
        "line_idx": 7
      },
      {
        "name": "custer",
        "value": "custer",
        "type": "string",
        "children_dict": [],
        "line_idx": 8
      },
      {
        "name": "daniels",
        "value": "daniels",
        "type": "string",
        "children_dict": [],
        "line_idx": 9
      },
      {
        "name": "dawson",
        "value": "dawson",
        "type": "string",
        "children_dict": [],
        "line_idx": 10
      },
      {
        "name": "deer lodge",
        "value": "deer lodge",
        "type": "string",
        "children_dict": [],
        "line_idx": 11
      },
      {
        "name": "fallon",
        "value": "fallon",
        "type": "string",
        "children_dict": [],
        "line_idx": 12
      },
      {
        "name": "fergus",
        "value": "fergus",
        "type": "string",
        "children_dict": [],
        "line_idx": 13
      },
      {
        "name": "flathead",
        "value": "flathead",
        "type": "string",
        "children_dict": [],
        "line_idx": 14
      },
      {
        "name": "gallatin",
        "value": "gallatin",
        "type": "string",
        "children_dict": [],
        "line_idx": 15
      },
      {
        "name": "garfield",
        "value": "garfield",
        "type": "string",
        "children_dict": [],
        "line_idx": 16
      },
      {
        "name": "glacier",
        "value": "glacier",
        "type": "string",
        "children_dict": [],
        "line_idx": 17
      },
      {
        "name": "golden valley",
        "value": "golden valley",
        "type": "string",
        "children_dict": [],
        "line_idx": 18
      },
      {
        "name": "granite",
        "value": "granite",
        "type": "string",
        "children_dict": [],
        "line_idx": 19
      },
      {
        "name": "hill",
        "value": "hill",
        "type": "string",
        "children_dict": [],
        "line_idx": 20
      },
      {
        "name": "jefferson",
        "value": "jefferson",
        "type": "string",
        "children_dict": [],
        "line_idx": 21
      },
      {
        "name": "judith basin",
        "value": "judith basin",
        "type": "string",
        "children_dict": [],
        "line_idx": 22
      },
      {
        "name": "lake",
        "value": "lake",
        "type": "string",
        "children_dict": [],
        "line_idx": 23
      },
      {
        "name": "lewis and clark",
        "value": "lewis and clark",
        "type": "string",
        "children_dict": [],
        "line_idx": 24
      },
      {
        "name": "liberty",
        "value": "liberty",
        "type": "string",
        "children_dict": [],
        "line_idx": 25
      },
      {
        "name": "lincoln",
        "value": "lincoln",
        "type": "string",
        "children_dict": [],
        "line_idx": 26
      },
      {
        "name": "mccone",
        "value": "mccone",
        "type": "string",
        "children_dict": [],
        "line_idx": 27
      },
      {
        "name": "madison",
        "value": "madison",
        "type": "string",
        "children_dict": [],
        "line_idx": 28
      },
      {
        "name": "meagher",
        "value": "meagher",
        "type": "string",
        "children_dict": [],
        "line_idx": 29
      },
      {
        "name": "mineral",
        "value": "mineral",
        "type": "string",
        "children_dict": [],
        "line_idx": 30
      },
      {
        "name": "missoula",
        "value": "missoula",
        "type": "string",
        "children_dict": [],
        "line_idx": 31
      },
      {
        "name": "musselshell",
        "value": "musselshell",
        "type": "string",
        "children_dict": [],
        "line_idx": 32
      },
      {
        "name": "park",
        "value": "park",
        "type": "string",
        "children_dict": [],
        "line_idx": 33
      },
      {
        "name": "petroleum",
        "value": "petroleum",
        "type": "string",
        "children_dict": [],
        "line_idx": 34
      },
      {
        "name": "phillips",
        "value": "phillips",
        "type": "string",
        "children_dict": [],
        "line_idx": 35
      },
      {
        "name": "pondera",
        "value": "pondera",
        "type": "string",
        "children_dict": [],
        "line_idx": 36
      },
      {
        "name": "powder river",
        "value": "powder river",
        "type": "string",
        "children_dict": [],
        "line_idx": 37
      },
      {
        "name": "powell",
        "value": "powell",
        "type": "string",
        "children_dict": [],
        "line_idx": 38
      },
      {
        "name": "prairie",
        "value": "prairie",
        "type": "string",
        "children_dict": [],
        "line_idx": 39
      },
      {
        "name": "ravalli",
        "value": "ravalli",
        "type": "string",
        "children_dict": [],
        "line_idx": 40
      },
      {
        "name": "richland",
        "value": "richland",
        "type": "string",
        "children_dict": [],
        "line_idx": 41
      },
      {
        "name": "roosevelt",
        "value": "roosevelt",
        "type": "string",
        "children_dict": [],
        "line_idx": 42
      },
      {
        "name": "rosebud",
        "value": "rosebud",
        "type": "string",
        "children_dict": [],
        "line_idx": 43
      },
      {
        "name": "sanders",
        "value": "sanders",
        "type": "string",
        "children_dict": [],
        "line_idx": 44
      },
      {
        "name": "sheridan",
        "value": "sheridan",
        "type": "string",
        "children_dict": [],
        "line_idx": 45
      },
      {
        "name": "silver bow",
        "value": "silver bow",
        "type": "string",
        "children_dict": [],
        "line_idx": 46
      },
      {
        "name": "stillwater",
        "value": "stillwater",
        "type": "string",
        "children_dict": [],
        "line_idx": 47
      },
      {
        "name": "sweet grass",
        "value": "sweet grass",
        "type": "string",
        "children_dict": [],
        "line_idx": 48
      },
      {
        "name": "teton",
        "value": "teton",
        "type": "string",
        "children_dict": [],
        "line_idx": 49
      },
      {
        "name": "toole",
        "value": "toole",
        "type": "string",
        "children_dict": [],
        "line_idx": 50
      },
      {
        "name": "treasure",
        "value": "treasure",
        "type": "string",
        "children_dict": [],
        "line_idx": 51
      },
      {
        "name": "valley",
        "value": "valley",
        "type": "string",
        "children_dict": [],
        "line_idx": 52
      },
      {
        "name": "wheatland",
        "value": "wheatland",
        "type": "string",
        "children_dict": [],
        "line_idx": 53
      },
      {
        "name": "wibaux",
        "value": "wibaux",
        "type": "string",
        "children_dict": [],
        "line_idx": 54
      },
      {
        "name": "yellowstone",
        "value": "yellowstone",
        "type": "string",
        "children_dict": [],
        "line_idx": 55
      },
      {
        "name": "totals",
        "value": "totals",
        "type": "string",
        "children_dict": [],
        "line_idx": 56
      }
    ]
  },
  "data": [
    [
      {
        "value": 2668
      },
      {
        "value": 66.73
      },
      {
        "value": 1274
      },
      {
        "value": 31.87
      },
      {
        "value": 56
      },
      {
        "value": 1.4
      },
      {
        "value": 1394
      },
      {
        "value": 34.87
      },
      {
        "value": 3998
      }
    ],
    [
      {
        "value": 1711
      },
      {
        "value": 42.95
      },
      {
        "value": 2233
      },
      {
        "value": 56.05
      },
      {
        "value": 40
      },
      {
        "value": 1.0
      },
      {
        "value": 522
      },
      {
        "value": 13.1
      },
      {
        "value": 3984
      }
    ],
    [
      {
        "value": 1402
      },
      {
        "value": 48.15
      },
      {
        "value": 1460
      },
      {
        "value": 50.14
      },
      {
        "value": 50
      },
      {
        "value": 1.72
      },
      {
        "value": 58
      },
      {
        "value": 1.99
      },
      {
        "value": 2912
      }
    ],
    [
      {
        "value": 1054
      },
      {
        "value": 62.63
      },
      {
        "value": 592
      },
      {
        "value": 35.18
      },
      {
        "value": 37
      },
      {
        "value": 2.2
      },
      {
        "value": 462
      },
      {
        "value": 27.45
      },
      {
        "value": 1683
      }
    ],
    [
      {
        "value": 2360
      },
      {
        "value": 52.8
      },
      {
        "value": 2039
      },
      {
        "value": 45.62
      },
      {
        "value": 71
      },
      {
        "value": 1.59
      },
      {
        "value": 321
      },
      {
        "value": 7.18
      },
      {
        "value": 4470
      }
    ],
    [
      {
        "value": 686
      },
      {
        "value": 72.82
      },
      {
        "value": 242
      },
      {
        "value": 25.69
      },
      {
        "value": 14
      },
      {
        "value": 1.49
      },
      {
        "value": 444
      },
      {
        "value": 47.13
      },
      {
        "value": 942
      }
    ],
    [
      {
        "value": 15946
      },
      {
        "value": 49.64
      },
      {
        "value": 15718
      },
      {
        "value": 48.93
      },
      {
        "value": 460
      },
      {
        "value": 1.43
      },
      {
        "value": 228
      },
      {
        "value": 0.71
      },
      {
        "value": 32124
      }
    ],
    [
      {
        "value": 1980
      },
      {
        "value": 61.51
      },
      {
        "value": 1166
      },
      {
        "value": 36.22
      },
      {
        "value": 73
      },
      {
        "value": 2.27
      },
      {
        "value": 814
      },
      {
        "value": 25.29
      },
      {
        "value": 3219
      }
    ],
    [
      {
        "value": 3007
      },
      {
        "value": 55.05
      },
      {
        "value": 2343
      },
      {
        "value": 42.9
      },
      {
        "value": 112
      },
      {
        "value": 2.05
      },
      {
        "value": 664
      },
      {
        "value": 12.16
      },
      {
        "value": 5462
      }
    ],
    [
      {
        "value": 802
      },
      {
        "value": 57.49
      },
      {
        "value": 571
      },
      {
        "value": 40.93
      },
      {
        "value": 22
      },
      {
        "value": 1.58
      },
      {
        "value": 231
      },
      {
        "value": 16.56
      },
      {
        "value": 1395
      }
    ],
    [
      {
        "value": 2658
      },
      {
        "value": 54.4
      },
      {
        "value": 2120
      },
      {
        "value": 43.39
      },
      {
        "value": 108
      },
      {
        "value": 2.21
      },
      {
        "value": 538
      },
      {
        "value": 11.01
      },
      {
        "value": 4886
      }
    ],
    [
      {
        "value": 1168
      },
      {
        "value": 26.51
      },
      {
        "value": 3185
      },
      {
        "value": 72.29
      },
      {
        "value": 53
      },
      {
        "value": 1.2
      },
      {
        "value": 2017
      },
      {
        "value": 45.78
      },
      {
        "value": 4406
      }
    ],
    [
      {
        "value": 1002
      },
      {
        "value": 61.25
      },
      {
        "value": 612
      },
      {
        "value": 37.41
      },
      {
        "value": 22
      },
      {
        "value": 1.34
      },
      {
        "value": 390
      },
      {
        "value": 23.84
      },
      {
        "value": 1636
      }
    ],
    [
      {
        "value": 3948
      },
      {
        "value": 64.55
      },
      {
        "value": 2052
      },
      {
        "value": 33.55
      },
      {
        "value": 116
      },
      {
        "value": 1.9
      },
      {
        "value": 1896
      },
      {
        "value": 31.0
      },
      {
        "value": 6116
      }
    ],
    [
      {
        "value": 14461
      },
      {
        "value": 57.33
      },
      {
        "value": 10202
      },
      {
        "value": 40.44
      },
      {
        "value": 562
      },
      {
        "value": 2.23
      },
      {
        "value": 4259
      },
      {
        "value": 16.88
      },
      {
        "value": 25225
      }
    ],
    [
      {
        "value": 13214
      },
      {
        "value": 56.94
      },
      {
        "value": 9527
      },
      {
        "value": 41.06
      },
      {
        "value": 464
      },
      {
        "value": 2.0
      },
      {
        "value": 3687
      },
      {
        "value": 15.89
      },
      {
        "value": 23205
      }
    ],
    [
      {
        "value": 631
      },
      {
        "value": 74.15
      },
      {
        "value": 196
      },
      {
        "value": 23.03
      },
      {
        "value": 24
      },
      {
        "value": 2.82
      },
      {
        "value": 435
      },
      {
        "value": 51.12
      },
      {
        "value": 851
      }
    ],
    [
      {
        "value": 1728
      },
      {
        "value": 43.16
      },
      {
        "value": 2151
      },
      {
        "value": 53.72
      },
      {
        "value": 125
      },
      {
        "value": 3.12
      },
      {
        "value": 423
      },
      {
        "value": 10.56
      },
      {
        "value": 4004
      }
    ],
    [
      {
        "value": 335
      },
      {
        "value": 61.69
      },
      {
        "value": 203
      },
      {
        "value": 37.38
      },
      {
        "value": 5
      },
      {
        "value": 0.92
      },
      {
        "value": 132
      },
      {
        "value": 24.31
      },
      {
        "value": 543
      }
    ],
    [
      {
        "value": 789
      },
      {
        "value": 59.5
      },
      {
        "value": 511
      },
      {
        "value": 38.54
      },
      {
        "value": 26
      },
      {
        "value": 1.96
      },
      {
        "value": 278
      },
      {
        "value": 20.97
      },
      {
        "value": 1326
      }
    ],
    [
      {
        "value": 3467
      },
      {
        "value": 44.5
      },
      {
        "value": 4219
      },
      {
        "value": 54.15
      },
      {
        "value": 105
      },
      {
        "value": 1.35
      },
      {
        "value": 752
      },
      {
        "value": 9.65
      },
      {
        "value": 7791
      }
    ],
    [
      {
        "value": 2007
      },
      {
        "value": 52.31
      },
      {
        "value": 1746
      },
      {
        "value": 45.5
      },
      {
        "value": 84
      },
      {
        "value": 2.19
      },
      {
        "value": 261
      },
      {
        "value": 6.8
      },
      {
        "value": 3837
      }
    ],
    [
      {
        "value": 902
      },
      {
        "value": 59.5
      },
      {
        "value": 590
      },
      {
        "value": 38.92
      },
      {
        "value": 24
      },
      {
        "value": 1.58
      },
      {
        "value": 312
      },
      {
        "value": 20.58
      },
      {
        "value": 1516
      }
    ],
    [
      {
        "value": 4883
      },
      {
        "value": 53.37
      },
      {
        "value": 4109
      },
      {
        "value": 44.91
      },
      {
        "value": 158
      },
      {
        "value": 1.73
      },
      {
        "value": 774
      },
      {
        "value": 8.46
      },
      {
        "value": 9150
      }
    ],
    [
      {
        "value": 10946
      },
      {
        "value": 46.91
      },
      {
        "value": 11932
      },
      {
        "value": 51.14
      },
      {
        "value": 456
      },
      {
        "value": 1.95
      },
      {
        "value": 986
      },
      {
        "value": 4.23
      },
      {
        "value": 23334
      }
    ],
    [
      {
        "value": 771
      },
      {
        "value": 63.82
      },
      {
        "value": 418
      },
      {
        "value": 34.6
      },
      {
        "value": 19
      },
      {
        "value": 1.57
      },
      {
        "value": 353
      },
      {
        "value": 29.22
      },
      {
        "value": 1208
      }
    ],
    [
      {
        "value": 3500
      },
      {
        "value": 47.98
      },
      {
        "value": 3601
      },
      {
        "value": 49.37
      },
      {
        "value": 193
      },
      {
        "value": 2.65
      },
      {
        "value": 101
      },
      {
        "value": 1.38
      },
      {
        "value": 7294
      }
    ],
    [
      {
        "value": 814
      },
      {
        "value": 58.18
      },
      {
        "value": 567
      },
      {
        "value": 40.53
      },
      {
        "value": 18
      },
      {
        "value": 1.29
      },
      {
        "value": 247
      },
      {
        "value": 17.66
      },
      {
        "value": 1399
      }
    ],
    [
      {
        "value": 2045
      },
      {
        "value": 68.62
      },
      {
        "value": 878
      },
      {
        "value": 29.46
      },
      {
        "value": 57
      },
      {
        "value": 1.91
      },
      {
        "value": 1167
      },
      {
        "value": 39.16
      },
      {
        "value": 2980
      }
    ],
    [
      {
        "value": 656
      },
      {
        "value": 65.01
      },
      {
        "value": 337
      },
      {
        "value": 33.4
      },
      {
        "value": 16
      },
      {
        "value": 1.59
      },
      {
        "value": 319
      },
      {
        "value": 31.62
      },
      {
        "value": 1009
      }
    ],
    [
      {
        "value": 616
      },
      {
        "value": 43.14
      },
      {
        "value": 789
      },
      {
        "value": 55.25
      },
      {
        "value": 23
      },
      {
        "value": 1.61
      },
      {
        "value": 173
      },
      {
        "value": 12.11
      },
      {
        "value": 1428
      }
    ],
    [
      {
        "value": 15965
      },
      {
        "value": 44.76
      },
      {
        "value": 19178
      },
      {
        "value": 53.77
      },
      {
        "value": 526
      },
      {
        "value": 1.47
      },
      {
        "value": 3213
      },
      {
        "value": 9.01
      },
      {
        "value": 35669
      }
    ],
    [
      {
        "value": 1280
      },
      {
        "value": 58.08
      },
      {
        "value": 898
      },
      {
        "value": 40.74
      },
      {
        "value": 26
      },
      {
        "value": 1.18
      },
      {
        "value": 382
      },
      {
        "value": 17.33
      },
      {
        "value": 2204
      }
    ],
    [
      {
        "value": 3823
      },
      {
        "value": 59.13
      },
      {
        "value": 2526
      },
      {
        "value": 39.07
      },
      {
        "value": 116
      },
      {
        "value": 1.79
      },
      {
        "value": 1297
      },
      {
        "value": 20.06
      },
      {
        "value": 6465
      }
    ],
    [
      {
        "value": 204
      },
      {
        "value": 67.55
      },
      {
        "value": 91
      },
      {
        "value": 30.13
      },
      {
        "value": 7
      },
      {
        "value": 2.32
      },
      {
        "value": 113
      },
      {
        "value": 37.42
      },
      {
        "value": 302
      }
    ],
    [
      {
        "value": 1462
      },
      {
        "value": 60.26
      },
      {
        "value": 905
      },
      {
        "value": 37.3
      },
      {
        "value": 59
      },
      {
        "value": 2.43
      },
      {
        "value": 557
      },
      {
        "value": 22.96
      },
      {
        "value": 2426
      }
    ],
    [
      {
        "value": 1795
      },
      {
        "value": 57.64
      },
      {
        "value": 1245
      },
      {
        "value": 39.98
      },
      {
        "value": 74
      },
      {
        "value": 2.38
      },
      {
        "value": 550
      },
      {
        "value": 17.66
      },
      {
        "value": 3114
      }
    ],
    [
      {
        "value": 815
      },
      {
        "value": 66.15
      },
      {
        "value": 395
      },
      {
        "value": 32.06
      },
      {
        "value": 22
      },
      {
        "value": 1.79
      },
      {
        "value": 420
      },
      {
        "value": 34.09
      },
      {
        "value": 1232
      }
    ],
    [
      {
        "value": 1574
      },
      {
        "value": 56.31
      },
      {
        "value": 1174
      },
      {
        "value": 42.0
      },
      {
        "value": 47
      },
      {
        "value": 1.68
      },
      {
        "value": 400
      },
      {
        "value": 14.31
      },
      {
        "value": 2795
      }
    ],
    [
      {
        "value": 541
      },
      {
        "value": 60.11
      },
      {
        "value": 343
      },
      {
        "value": 38.11
      },
      {
        "value": 16
      },
      {
        "value": 1.78
      },
      {
        "value": 198
      },
      {
        "value": 22.0
      },
      {
        "value": 900
      }
    ],
    [
      {
        "value": 7418
      },
      {
        "value": 59.39
      },
      {
        "value": 4763
      },
      {
        "value": 38.13
      },
      {
        "value": 309
      },
      {
        "value": 2.47
      },
      {
        "value": 2655
      },
      {
        "value": 21.26
      },
      {
        "value": 12490
      }
    ],
    [
      {
        "value": 2628
      },
      {
        "value": 57.81
      },
      {
        "value": 1824
      },
      {
        "value": 40.12
      },
      {
        "value": 94
      },
      {
        "value": 2.07
      },
      {
        "value": 804
      },
      {
        "value": 17.69
      },
      {
        "value": 4546
      }
    ],
    [
      {
        "value": 1957
      },
      {
        "value": 47.52
      },
      {
        "value": 2083
      },
      {
        "value": 50.58
      },
      {
        "value": 78
      },
      {
        "value": 1.89
      },
      {
        "value": 126
      },
      {
        "value": 3.06
      },
      {
        "value": 4118
      }
    ],
    [
      {
        "value": 1822
      },
      {
        "value": 48.05
      },
      {
        "value": 1869
      },
      {
        "value": 49.29
      },
      {
        "value": 101
      },
      {
        "value": 2.66
      },
      {
        "value": 47
      },
      {
        "value": 1.24
      },
      {
        "value": 3792
      }
    ],
    [
      {
        "value": 2152
      },
      {
        "value": 51.24
      },
      {
        "value": 1959
      },
      {
        "value": 46.64
      },
      {
        "value": 89
      },
      {
        "value": 2.12
      },
      {
        "value": 193
      },
      {
        "value": 4.6
      },
      {
        "value": 4200
      }
    ],
    [
      {
        "value": 1381
      },
      {
        "value": 49.98
      },
      {
        "value": 1354
      },
      {
        "value": 49.0
      },
      {
        "value": 28
      },
      {
        "value": 1.01
      },
      {
        "value": 27
      },
      {
        "value": 0.98
      },
      {
        "value": 2763
      }
    ],
    [
      {
        "value": 5043
      },
      {
        "value": 30.22
      },
      {
        "value": 11422
      },
      {
        "value": 68.45
      },
      {
        "value": 222
      },
      {
        "value": 1.33
      },
      {
        "value": 6379
      },
      {
        "value": 38.23
      },
      {
        "value": 16687
      }
    ],
    [
      {
        "value": 1920
      },
      {
        "value": 56.82
      },
      {
        "value": 1407
      },
      {
        "value": 41.64
      },
      {
        "value": 52
      },
      {
        "value": 1.54
      },
      {
        "value": 513
      },
      {
        "value": 15.18
      },
      {
        "value": 3379
      }
    ],
    [
      {
        "value": 1242
      },
      {
        "value": 71.67
      },
      {
        "value": 462
      },
      {
        "value": 26.66
      },
      {
        "value": 29
      },
      {
        "value": 1.67
      },
      {
        "value": 780
      },
      {
        "value": 45.01
      },
      {
        "value": 1733
      }
    ],
    [
      {
        "value": 1876
      },
      {
        "value": 57.83
      },
      {
        "value": 1303
      },
      {
        "value": 40.17
      },
      {
        "value": 65
      },
      {
        "value": 2.0
      },
      {
        "value": 573
      },
      {
        "value": 17.66
      },
      {
        "value": 3244
      }
    ],
    [
      {
        "value": 1505
      },
      {
        "value": 57.14
      },
      {
        "value": 1070
      },
      {
        "value": 40.62
      },
      {
        "value": 59
      },
      {
        "value": 2.24
      },
      {
        "value": 435
      },
      {
        "value": 16.51
      },
      {
        "value": 2634
      }
    ],
    [
      {
        "value": 291
      },
      {
        "value": 54.29
      },
      {
        "value": 231
      },
      {
        "value": 43.1
      },
      {
        "value": 14
      },
      {
        "value": 2.61
      },
      {
        "value": 60
      },
      {
        "value": 11.19
      },
      {
        "value": 536
      }
    ],
    [
      {
        "value": 2467
      },
      {
        "value": 52.42
      },
      {
        "value": 2163
      },
      {
        "value": 45.96
      },
      {
        "value": 76
      },
      {
        "value": 1.61
      },
      {
        "value": 304
      },
      {
        "value": 6.46
      },
      {
        "value": 4706
      }
    ],
    [
      {
        "value": 667
      },
      {
        "value": 59.03
      },
      {
        "value": 443
      },
      {
        "value": 39.2
      },
      {
        "value": 20
      },
      {
        "value": 1.77
      },
      {
        "value": 224
      },
      {
        "value": 19.82
      },
      {
        "value": 1130
      }
    ],
    [
      {
        "value": 358
      },
      {
        "value": 56.92
      },
      {
        "value": 258
      },
      {
        "value": 41.02
      },
      {
        "value": 13
      },
      {
        "value": 2.07
      },
      {
        "value": 100
      },
      {
        "value": 15.9
      },
      {
        "value": 629
      }
    ],
    [
      {
        "value": 28069
      },
      {
        "value": 55.42
      },
      {
        "value": 21987
      },
      {
        "value": 43.41
      },
      {
        "value": 591
      },
      {
        "value": 1.17
      },
      {
        "value": 6082
      },
      {
        "value": 12.01
      },
      {
        "value": 50647
      }
    ],
    [
      {
        "value": 190412
      },
      {
        "value": 52.07
      },
      {
        "value": 168936
      },
      {
        "value": 46.2
      },
      {
        "value": 6326
      },
      {
        "value": 1.73
      },
      {
        "value": 21476
      },
      {
        "value": 0.0587
      },
      {
        "value": 365674
      }
    ]
  ]
}