{
  "title": "career statistics",
  "top_root": {
    "name": "<TOP>",
    "value": "<TOP>",
    "type": "string",
    "line_idx": null,
    "children_dict": [
      {
        "name": "league",
        "value": "league",
        "type": "string",
        "children_dict": [
          {
            "name": "division",
            "value": "division",
            "type": "string",
            "children_dict": [],
            "line_idx": 0
          },
          {
            "name": "apps",
            "value": "apps",
            "type": "string",
            "children_dict": [],
            "line_idx": 1
          },
          {
            "name": "goals",
            "value": "goals",
            "type": "string",
            "children_dict": [],
            "line_idx": 2
          }
        ],
        "line_idx": null
      },
      {
        "name": "cup",
        "value": "cup",
        "type": "string",
        "children_dict": [
          {
            "name": "apps",
            "value": "apps",
            "type": "string",
            "children_dict": [],
            "line_idx": 3
          },
          {
            "name": "goals",
            "value": "goals",
            "type": "string",
            "children_dict": [],
            "line_idx": 4
          }
        ],
        "line_idx": null
      },
      {
        "name": "league cup",
        "value": "league cup",
        "type": "string",
        "children_dict": [
          {
            "name": "apps",
            "value": "apps",
            "type": "string",
            "children_dict": [],
            "line_idx": 5
          },
          {
            "name": "goals",
            "value": "goals",
            "type": "string",
            "children_dict": [],
            "line_idx": 6
          }
        ],
        "line_idx": null
      },
      {
        "name": "continental",
        "value": "continental",
        "type": "string",
        "children_dict": [
          {
            "name": "apps",
            "value": "apps",
            "type": "string",
            "children_dict": [],
            "line_idx": 7
          },
          {
            "name": "goals",
            "value": "goals",
            "type": "string",
            "children_dict": [],
            "line_idx": 8
          }
        ],
        "line_idx": null
      },
      {
        "name": "other",
        "value": "other",
        "type": "string",
        "children_dict": [
          {
            "name": "apps",
            "value": "apps",
            "type": "string",
            "children_dict": [],
            "line_idx": 9
          },
          {
            "name": "goals",
            "value": "goals",
            "type": "string",
            "children_dict": [],
            "line_idx": 10
          }
        ],
        "line_idx": null
      },
      {
        "name": "total",
        "value": "total",
        "type": "string",
        "children_dict": [
          {
            "name": "apps",
            "value": "apps",
            "type": "string",
            "children_dict": [],
            "line_idx": 11
          },
          {
            "name": "goals",
            "value": "goals",
            "type": "string",
            "children_dict": [],
            "line_idx": 12
          }
        ],
        "line_idx": null
      }
    ]
  },
  "left_root": {
    "name": "<LEFT>",
    "value": "<LEFT>",
    "type": "string",
    "line_idx": null,
    "children_dict": [
      {
        "name": "atletico de rafaela",
        "value": "atletico de rafaela",
        "type": "string",
        "children_dict": [
          {
            "name": "2016",
            "value": "2016",
            "type": "string",
            "children_dict": [],
            "line_idx": 0
          },
          {
            "name": "2016-17",
            "value": "2016-17",
            "type": "string",
            "children_dict": [],
            "line_idx": 1
          },
          {
            "name": "2017-18",
            "value": "2017-18",
            "type": "string",
            "children_dict": [],
            "line_idx": 2
          },
          {
            "name": "2018-19",
            "value": "2018-19",
            "type": "string",
            "children_dict": [],
            "line_idx": 3
          },
          {
            "name": "total",
            "value": "total",
            "type": "string",
            "children_dict": [],
            "line_idx": 4
          }
        ],
        "line_idx": null
      },
      {
        "name": "estudiantes",
        "value": "estudiantes",
        "type": "string",
        "children_dict": [
          {
            "name": "2017-18",
            "value": "2017-18",
            "type": "string",
            "children_dict": [],
            "line_idx": 5
          }
        ],
        "line_idx": null
      },
      {
        "name": "career total",
        "value": "career total",
        "type": "string",
        "children_dict": [],
        "line_idx": 6
      }
    ]
  },
  "data": [
    [
      {
        "value": "primera division"
      },
      {
        "value": 0
      },
      {
        "value": 0
      },
      {
        "value": 1
      },
      {
        "value": 0
      },
      {
        "value": "-"
      },
      {
        "value": "-"
      },
      {
        "value": 0
      },
      {
        "value": 0
      },
      {
        "value": 1
      },
      {
        "value": 0
      },
      {
        "value": "none"
      },
      {
        "value": "none"
      }
    ],
    [
      {
        "value": "primera division"
      },
      {
        "value": 16
      },
      {
        "value": 3
      },
      {
        "value": 1
      },
      {
        "value": 0
      },
      {
        "value": "-"
      },
      {
        "value": "-"
      },
      {
        "value": 0
      },
      {
        "value": 0
      },
      {
        "value": 17
      },
      {
        "value": 3
      },
      {
        "value": "none"
      },
      {
        "value": "none"
      }
    ],
    [
      {
        "value": "primera b nacional"
      },
      {
        "value": 0
      },
      {
        "value": 0
      },
      {
        "value": 0
      },
      {
        "value": 0
      },
      {
        "value": "-"
      },
      {
        "value": "-"
      },
      {
        "value": 0
      },
      {
        "value": 0
      },
      {
        "value": 0
      },
      {
        "value": 0
      },
      {
        "value": "none"
      },
      {
        "value": "none"
      }
    ],
    [
      {
        "value": "primera b nacional"
      },
      {
        "value": 5
      },
      {
        "value": 5
      },
      {
        "value": 0
      },
      {
        "value": 0
      },
      {
        "value": "-"
      },
      {
        "value": "-"
      },
      {
        "value": 0
      },
      {
        "value": 0
      },
      {
        "value": 5
      },
      {
        "value": 5
      },
      {
        "value": "none"
      },
      {
        "value": "none"
      }
    ],
    [
      {
        "value": ""
      },
      {
        "value": 21
      },
      {
        "value": 8
      },
      {
        "value": 2
      },
      {
        "value": 0
      },
      {
        "value": "-"
      },
      {
        "value": "-"
      },
      {
        "value": 0
      },
      {
        "value": 0
      },
      {
        "value": 23
      },
      {
        "value": 8
      },
      {
        "value": "none"
      },
      {
        "value": "none"
      }
    ],
    [
      {
        "value": "primera division"
      },
      {
        "value": 8
      },
      {
        "value": 0
      },
      {
        "value": 0
      },
      {
        "value": 0
      },
      {
        "value": "-"
      },
      {
        "value": "-"
      },
      {
        "value": 0
      },
      {
        "value": 0
      },
      {
        "value": 0
      },
      {
        "value": 0
      },
      {
        "value": 8.0
      },
      {
        "value": 0.0
      }
    ],
    [
      {
        "value": ""
      },
      {
        "value": 29
      },
      {
        "value": 8
      },
      {
        "value": 2
      },
      {
        "value": 0
      },
      {
        "value": "-"
      },
      {
        "value": "-"
      },
      {
        "value": 0
      },
      {
        "value": 0
      },
      {
        "value": 0
      },
      {
        "value": 0
      },
      {
        "value": 31.0
      },
      {
        "value": 8.0
      }
    ]
  ]
}