{
  "title": "sex and marital status by fols of workers in the agri-food sector aged 15 years and over, three agricultural regions of new brunswick, 2011",
  "top_root": {
    "name": "<TOP>",
    "value": "<TOP>",
    "type": "string",
    "line_idx": null,
    "children_dict": [
      {
        "name": "agricultural region 1",
        "value": "agricultural region 1",
        "type": "string",
        "children_dict": [
          {
            "name": "french-language workers",
            "value": "french-language workers",
            "type": "string",
            "children_dict": [],
            "line_idx": 0
          },
          {
            "name": "english-language workers",
            "value": "english-language workers",
            "type": "string",
            "children_dict": [],
            "line_idx": 1
          }
        ],
        "line_idx": null
      },
      {
        "name": "agricultural region 3",
        "value": "agricultural region 3",
        "type": "string",
        "children_dict": [
          {
            "name": "french-language workers",
            "value": "french-language workers",
            "type": "string",
            "children_dict": [],
            "line_idx": 2
          },
          {
            "name": "english-language workers",
            "value": "english-language workers",
            "type": "string",
            "children_dict": [],
            "line_idx": 3
          }
        ],
        "line_idx": null
      },
      {
        "name": "agricultural region 4",
        "value": "agricultural region 4",
        "type": "string",
        "children_dict": [
          {
            "name": "french-language workers",
            "value": "french-language workers",
            "type": "string",
            "children_dict": [],
            "line_idx": 4
          },
          {
            "name": "english-language workers",
            "value": "english-language workers",
            "type": "string",
            "children_dict": [],
            "line_idx": 5
          }
        ],
        "line_idx": null
      }
    ]
  },
  "left_root": {
    "name": "<LEFT>",
    "value": "<LEFT>",
    "type": "string",
    "line_idx": null,
    "children_dict": [
      {
        "name": "percent",
        "value": "percent",
        "type": "string",
        "children_dict": [
          {
            "name": "sex",
            "value": "sex",
            "type": "string",
            "children_dict": [
              {
                "name": "female",
                "value": "female",
                "type": "string",
                "children_dict": [],
                "line_idx": 1
              },
              {
                "name": "male",
                "value": "male",
                "type": "string",
                "children_dict": [],
                "line_idx": 2
              }
            ],
            "line_idx": 0
          },
          {
            "name": "marital status",
            "value": "marital status",
            "type": "string",
            "children_dict": [
              {
                "name": "single",
                "value": "single",
                "type": "string",
                "children_dict": [],
                "line_idx": 4
              },
              {
                "name": "married",
                "value": "married",
                "type": "string",
                "children_dict": [],
                "line_idx": 5
              },
              {
                "name": "common-law",
                "value": "common-law",
                "type": "string",
                "children_dict": [],
                "line_idx": 6
              },
              {
                "name": "separated, divorced or widowed",
                "value": "separated, divorced or widowed",
                "type": "string",
                "children_dict": [],
                "line_idx": 7
              }
            ],
            "line_idx": 3
          }
        ],
        "line_idx": null
      }
    ]
  },
  "data": [
    [
      {
        "value": ""
      },
      {
        "value": ""
      },
      {
        "value": ""
      },
      {
        "value": ""
      },
      {
        "value": ""
      },
      {
        "value": ""
      }
    ],
    [
      {
        "value": 58.4
      },
      {
        "value": 54.5
      },
      {
        "value": 54.3
      },
      {
        "value": 54.5
      },
      {
        "value": 60.7
      },
      {
        "value": 60.4
      }
    ],
    [
      {
        "value": 41.5
      },
      {
        "value": 45.5
      },
      {
        "value": 45.8
      },
      {
        "value": 45.5
      },
      {
        "value": 39.3
      },
      {
        "value": 39.6
      }
    ],
    [
      {
        "value": ""
      },
      {
        "value": ""
      },
      {
        "value": ""
      },
      {
        "value": ""
      },
      {
        "value": ""
      },
      {
        "value": ""
      }
    ],
    [
      {
        "value": 37.8
      },
      {
        "value": 48.1
      },
      {
        "value": 43.9
      },
      {
        "value": 41.5
      },
      {
        "value": 41.4
      },
      {
        "value": 42.0
      }
    ],
    [
      {
        "value": 37.6
      },
      {
        "value": 31.8
      },
      {
        "value": 33.8
      },
      {
        "value": 37.7
      },
      {
        "value": 29.5
      },
      {
        "value": 35.5
      }
    ],
    [
      {
        "value": 16.3
      },
      {
        "value": 11.4
      },
      {
        "value": 15.8
      },
      {
        "value": 12.9
      },
      {
        "value": 20.1
      },
      {
        "value": 11.8
      }
    ],
    [
      {
        "value": 8.2
      },
      {
        "value": 8.8
      },
      {
        "value": 6.5
      },
      {
        "value": 7.9
      },
      {
        "value": 9.2
      },
      {
        "value": 10.7
      }
    ]
  ]
}