{
  "title": "career statistics",
  "top_root": {
    "name": "<TOP>",
    "value": "<TOP>",
    "type": "string",
    "line_idx": null,
    "children_dict": [
      {
        "name": "league",
        "value": "league",
        "type": "string",
        "children_dict": [
          {
            "name": "division",
            "value": "division",
            "type": "string",
            "children_dict": [],
            "line_idx": 0
          },
          {
            "name": "apps",
            "value": "apps",
            "type": "string",
            "children_dict": [],
            "line_idx": 1
          },
          {
            "name": "goals",
            "value": "goals",
            "type": "string",
            "children_dict": [],
            "line_idx": 2
          }
        ],
        "line_idx": null
      },
      {
        "name": "cup",
        "value": "cup",
        "type": "string",
        "children_dict": [
          {
            "name": "apps",
            "value": "apps",
            "type": "string",
            "children_dict": [],
            "line_idx": 3
          },
          {
            "name": "goals",
            "value": "goals",
            "type": "string",
            "children_dict": [],
            "line_idx": 4
          }
        ],
        "line_idx": null
      },
      {
        "name": "continental",
        "value": "continental",
        "type": "string",
        "children_dict": [
          {
            "name": "apps",
            "value": "apps",
            "type": "string",
            "children_dict": [],
            "line_idx": 5
          },
          {
            "name": "goals",
            "value": "goals",
            "type": "string",
            "children_dict": [],
            "line_idx": 6
          }
        ],
        "line_idx": null
      },
      {
        "name": "other",
        "value": "other",
        "type": "string",
        "children_dict": [
          {
            "name": "apps",
            "value": "apps",
            "type": "string",
            "children_dict": [],
            "line_idx": 7
          },
          {
            "name": "goals",
            "value": "goals",
            "type": "string",
            "children_dict": [],
            "line_idx": 8
          }
        ],
        "line_idx": null
      },
      {
        "name": "total",
        "value": "total",
        "type": "string",
        "children_dict": [
          {
            "name": "apps",
            "value": "apps",
            "type": "string",
            "children_dict": [],
            "line_idx": 9
          },
          {
            "name": "goals",
            "value": "goals",
            "type": "string",
            "children_dict": [],
            "line_idx": 10
          }
        ],
        "line_idx": null
      }
    ]
  },
  "left_root": {
    "name": "<LEFT>",
    "value": "<LEFT>",
    "type": "string",
    "line_idx": null,
    "children_dict": [
      {
        "name": "independiente rivadavia",
        "value": "independiente rivadavia",
        "type": "string",
        "children_dict": [
          {
            "name": "2010-11",
            "value": "2010-11",
            "type": "string",
            "children_dict": [],
            "line_idx": 0
          },
          {
            "name": "2011-12",
            "value": "2011-12",
            "type": "string",
            "children_dict": [],
            "line_idx": 1
          },
          {
            "name": "2012-13",
            "value": "2012-13",
            "type": "string",
            "children_dict": [],
            "line_idx": 2
          },
          {
            "name": "2013-14",
            "value": "2013-14",
            "type": "string",
            "children_dict": [],
            "line_idx": 3
          },
          {
            "name": "2014",
            "value": "2014",
            "type": "string",
            "children_dict": [],
            "line_idx": 4
          },
          {
            "name": "total",
            "value": "total",
            "type": "string",
            "children_dict": [],
            "line_idx": 5
          }
        ],
        "line_idx": null
      },
      {
        "name": "sportivo italiano",
        "value": "sportivo italiano",
        "type": "string",
        "children_dict": [
          {
            "name": "2015",
            "value": "2015",
            "type": "string",
            "children_dict": [],
            "line_idx": 6
          }
        ],
        "line_idx": null
      },
      {
        "name": "atlanta",
        "value": "atlanta",
        "type": "string",
        "children_dict": [
          {
            "name": "2016",
            "value": "2016",
            "type": "string",
            "children_dict": [],
            "line_idx": 7
          },
          {
            "name": "2016-17",
            "value": "2016-17",
            "type": "string",
            "children_dict": [],
            "line_idx": 8
          },
          {
            "name": "total",
            "value": "total",
            "type": "string",
            "children_dict": [],
            "line_idx": 9
          }
        ],
        "line_idx": null
      },
      {
        "name": "independiente rivadavia",
        "value": "independiente rivadavia",
        "type": "string",
        "children_dict": [
          {
            "name": "2017-18",
            "value": "2017-18",
            "type": "string",
            "children_dict": [],
            "line_idx": 10
          },
          {
            "name": "2018-19",
            "value": "2018-19",
            "type": "string",
            "children_dict": [],
            "line_idx": 11
          },
          {
            "name": "total",
            "value": "total",
            "type": "string",
            "children_dict": [],
            "line_idx": 12
          }
        ],
        "line_idx": null
      },
      {
        "name": "career total",
        "value": "career total",
        "type": "string",
        "children_dict": [],
        "line_idx": 13
      }
    ]
  },
  "data": [
    [
      {
        "value": "primera b nacional"
      },
      {
        "value": 0
      },
      {
        "value": 0
      },
      {
        "value": 0
      },
      {
        "value": 0
      },
      {
        "value": "-"
      },
      {
        "value": "-"
      },
      {
        "value": 0
      },
      {
        "value": 0
      },
      {
        "value": 0
      },
      {
        "value": 0
      }
    ],
    [
      {
        "value": "primera b nacional"
      },
      {
        "value": 20
      },
      {
        "value": 0
      },
      {
        "value": 1
      },
      {
        "value": 0
      },
      {
        "value": "-"
      },
      {
        "value": "-"
      },
      {
        "value": 0
      },
      {
        "value": 0
      },
      {
        "value": 21
      },
      {
        "value": 0
      }
    ],
    [
      {
        "value": "primera b nacional"
      },
      {
        "value": 22
      },
      {
        "value": 0
      },
      {
        "value": 0
      },
      {
        "value": 0
      },
      {
        "value": "-"
      },
      {
        "value": "-"
      },
      {
        "value": 0
      },
      {
        "value": 0
      },
      {
        "value": 22
      },
      {
        "value": 0
      }
    ],
    [
      {
        "value": "primera b nacional"
      },
      {
        "value": 26
      },
      {
        "value": 1
      },
      {
        "value": 0
      },
      {
        "value": 0
      },
      {
        "value": "-"
      },
      {
        "value": "-"
      },
      {
        "value": 0
      },
      {
        "value": 0
      },
      {
        "value": 26
      },
      {
        "value": 1
      }
    ],
    [
      {
        "value": "primera b nacional"
      },
      {
        "value": 17
      },
      {
        "value": 1
      },
      {
        "value": 0
      },
      {
        "value": 0
      },
      {
        "value": "-"
      },
      {
        "value": "-"
      },
      {
        "value": 0
      },
      {
        "value": 0
      },
      {
        "value": 17
      },
      {
        "value": 1
      }
    ],
    [
      {
        "value": ""
      },
      {
        "value": 85
      },
      {
        "value": 2
      },
      {
        "value": 1
      },
      {
        "value": 0
      },
      {
        "value": "-"
      },
      {
        "value": "-"
      },
      {
        "value": 0
      },
      {
        "value": 0
      },
      {
        "value": 86
      },
      {
        "value": 2
      }
    ],
    [
      {
        "value": "primera b metropolitana"
      },
      {
        "value": 31
      },
      {
        "value": 4
      },
      {
        "value": 0
      },
      {
        "value": 0
      },
      {
        "value": "-"
      },
      {
        "value": "-"
      },
      {
        "value": 0
      },
      {
        "value": 0
      },
      {
        "value": 31
      },
      {
        "value": 4
      }
    ],
    [
      {
        "value": "primera b metropolitana"
      },
      {
        "value": 14
      },
      {
        "value": 0
      },
      {
        "value": 0
      },
      {
        "value": 0
      },
      {
        "value": "-"
      },
      {
        "value": "-"
      },
      {
        "value": 0
      },
      {
        "value": 0
      },
      {
        "value": 14
      },
      {
        "value": 0
      }
    ],
    [
      {
        "value": "primera b metropolitana"
      },
      {
        "value": 21
      },
      {
        "value": 0
      },
      {
        "value": 1
      },
      {
        "value": 0
      },
      {
        "value": "-"
      },
      {
        "value": "-"
      },
      {
        "value": 1
      },
      {
        "value": 0
      },
      {
        "value": 23
      },
      {
        "value": 0
      }
    ],
    [
      {
        "value": ""
      },
      {
        "value": 35
      },
      {
        "value": 0
      },
      {
        "value": 1
      },
      {
        "value": 0
      },
      {
        "value": "-"
      },
      {
        "value": "-"
      },
      {
        "value": 1
      },
      {
        "value": 0
      },
      {
        "value": 37
      },
      {
        "value": 0
      }
    ],
    [
      {
        "value": "primera b nacional"
      },
      {
        "value": 6
      },
      {
        "value": 0
      },
      {
        "value": 0
      },
      {
        "value": 0
      },
      {
        "value": "-"
      },
      {
        "value": "-"
      },
      {
        "value": 0
      },
      {
        "value": 0
      },
      {
        "value": 6
      },
      {
        "value": 0
      }
    ],
    [
      {
        "value": "primera b nacional"
      },
      {
        "value": 5
      },
      {
        "value": 0
      },
      {
        "value": 0
      },
      {
        "value": 0
      },
      {
        "value": "-"
      },
      {
        "value": "-"
      },
      {
        "value": 0
      },
      {
        "value": 0
      },
      {
        "value": 5
      },
      {
        "value": 0
      }
    ],
    [
      {
        "value": ""
      },
      {
        "value": 11
      },
      {
        "value": 0
      },
      {
        "value": 0
      },
      {
        "value": 0
      },
      {
        "value": "-"
      },
      {
        "value": "-"
      },
      {
        "value": 0
      },
      {
        "value": 0
      },
      {
        "value": 11
      },
      {
        "value": 0
      }
    ],
    [
      {
        "value": ""
      },
      {
        "value": 162
      },
      {
        "value": 6
      },
      {
        "value": 2
      },
      {
        "value": 0
      },
      {
        "value": "-"
      },
      {
        "value": "-"
      },
      {
        "value": 1
      },
      {
        "value": 0
      },
      {
        "value": 165
      },
      {
        "value": 6
      }
    ]
  ]
}