{
  "title": "this table displays the results of household living arrangements by immigrant status and sex. the information is grouped by household living arrangement (appearing as row headers), canadian-born, total immigrants, recent immigrants, female and male, calculated using percentage units of measure (appearing as column headers)",
  "top_root": {
    "name": "<TOP>",
    "value": "<TOP>",
    "type": "string",
    "line_idx": null,
    "children_dict": [
      {
        "name": "canadian-born",
        "value": "canadian-born",
        "type": "string",
        "children_dict": [
          {
            "name": "female",
            "value": "female",
            "type": "string",
            "children_dict": [],
            "line_idx": 0
          },
          {
            "name": "male",
            "value": "male",
            "type": "string",
            "children_dict": [],
            "line_idx": 1
          }
        ],
        "line_idx": null
      },
      {
        "name": "total immigrants",
        "value": "total immigrants",
        "type": "string",
        "children_dict": [
          {
            "name": "female",
            "value": "female",
            "type": "string",
            "children_dict": [],
            "line_idx": 2
          },
          {
            "name": "male",
            "value": "male",
            "type": "string",
            "children_dict": [],
            "line_idx": 3
          }
        ],
        "line_idx": null
      },
      {
        "name": "recent immigrants",
        "value": "recent immigrants",
        "type": "string",
        "children_dict": [
          {
            "name": "female",
            "value": "female",
            "type": "string",
            "children_dict": [],
            "line_idx": 4
          },
          {
            "name": "male",
            "value": "male",
            "type": "string",
            "children_dict": [],
            "line_idx": 5
          }
        ],
        "line_idx": null
      }
    ]
  },
  "left_root": {
    "name": "<LEFT>",
    "value": "<LEFT>",
    "type": "string",
    "line_idx": null,
    "children_dict": [
      {
        "name": "percentage",
        "value": "percentage",
        "type": "string",
        "children_dict": [
          {
            "name": "15 to 24 years",
            "value": "15 to 24 years",
            "type": "string",
            "children_dict": [],
            "line_idx": 0
          },
          {
            "name": "total",
            "value": "total",
            "type": "string",
            "children_dict": [
              {
                "name": "living in a census family",
                "value": "living in a census family",
                "type": "string",
                "children_dict": [],
                "line_idx": 2
              },
              {
                "name": "living with at least one relative",
                "value": "living with at least one relative",
                "type": "string",
                "children_dict": [],
                "line_idx": 3
              },
              {
                "name": "living with non-relatives only",
                "value": "living with non-relatives only",
                "type": "string",
                "children_dict": [],
                "line_idx": 4
              },
              {
                "name": "living alone",
                "value": "living alone",
                "type": "string",
                "children_dict": [],
                "line_idx": 5
              }
            ],
            "line_idx": 1
          },
          {
            "name": "25 to 54 years",
            "value": "25 to 54 years",
            "type": "string",
            "children_dict": [],
            "line_idx": 6
          },
          {
            "name": "total",
            "value": "total",
            "type": "string",
            "children_dict": [
              {
                "name": "living in a census family",
                "value": "living in a census family",
                "type": "string",
                "children_dict": [],
                "line_idx": 8
              },
              {
                "name": "living with at least one relative",
                "value": "living with at least one relative",
                "type": "string",
                "children_dict": [],
                "line_idx": 9
              },
              {
                "name": "living with non-relatives only",
                "value": "living with non-relatives only",
                "type": "string",
                "children_dict": [],
                "line_idx": 10
              },
              {
                "name": "living alone",
                "value": "living alone",
                "type": "string",
                "children_dict": [],
                "line_idx": 11
              }
            ],
            "line_idx": 7
          },
          {
            "name": "55 to 64 years",
            "value": "55 to 64 years",
            "type": "string",
            "children_dict": [],
            "line_idx": 12
          },
          {
            "name": "total",
            "value": "total",
            "type": "string",
            "children_dict": [
              {
                "name": "living in a census family",
                "value": "living in a census family",
                "type": "string",
                "children_dict": [],
                "line_idx": 14
              },
              {
                "name": "living with at least one relative",
                "value": "living with at least one relative",
                "type": "string",
                "children_dict": [],
                "line_idx": 15
              },
              {
                "name": "living with non-relatives only",
                "value": "living with non-relatives only",
                "type": "string",
                "children_dict": [],
                "line_idx": 16
              },
              {
                "name": "living alone",
                "value": "living alone",
                "type": "string",
                "children_dict": [],
                "line_idx": 17
              }
            ],
            "line_idx": 13
          },
          {
            "name": "65 years and over",
            "value": "65 years and over",
            "type": "string",
            "children_dict": [],
            "line_idx": 18
          },
          {
            "name": "total",
            "value": "total",
            "type": "string",
            "children_dict": [
              {
                "name": "living in a census family",
                "value": "living in a census family",
                "type": "string",
                "children_dict": [],
                "line_idx": 20
              },
              {
                "name": "living with at least one relative",
                "value": "living with at least one relative",
                "type": "string",
                "children_dict": [],
                "line_idx": 21
              },
              {
                "name": "living with non-relatives only",
                "value": "living with non-relatives only",
                "type": "string",
                "children_dict": [],
                "line_idx": 22
              },
              {
                "name": "living alone",
                "value": "living alone",
                "type": "string",
                "children_dict": [],
                "line_idx": 23
              }
            ],
            "line_idx": 19
          }
        ],
        "line_idx": null
      }
    ]
  },
  "data": [
    [
      {
        "value": ""
      },
      {
        "value": ""
      },
      {
        "value": ""
      },
      {
        "value": ""
      },
      {
        "value": ""
      },
      {
        "value": ""
      }
    ],
    [
      {
        "value": 100.0
      },
      {
        "value": 100.0
      },
      {
        "value": 100.0
      },
      {
        "value": 100.0
      },
      {
        "value": 100.0
      },
      {
        "value": 100.0
      }
    ],
    [
      {
        "value": 88.1
      },
      {
        "value": 87.0
      },
      {
        "value": 89.8
      },
      {
        "value": 88.4
      },
      {
        "value": 86.5
      },
      {
        "value": 84.0
      }
    ],
    [
      {
        "value": 1.9
      },
      {
        "value": 2.2
      },
      {
        "value": 3.3
      },
      {
        "value": 3.5
      },
      {
        "value": 5.4
      },
      {
        "value": 5.2
      }
    ],
    [
      {
        "value": 6.9
      },
      {
        "value": 7.2
      },
      {
        "value": 4.6
      },
      {
        "value": 5.4
      },
      {
        "value": 6.0
      },
      {
        "value": 7.9
      }
    ],
    [
      {
        "value": 3.2
      },
      {
        "value": 3.5
      },
      {
        "value": 2.3
      },
      {
        "value": 2.7
      },
      {
        "value": 2.1
      },
      {
        "value": 2.8
      }
    ],
    [
      {
        "value": ""
      },
      {
        "value": ""
      },
      {
        "value": ""
      },
      {
        "value": ""
      },
      {
        "value": ""
      },
      {
        "value": ""
      }
    ],
    [
      {
        "value": 100.0
      },
      {
        "value": 100.0
      },
      {
        "value": 100.0
      },
      {
        "value": 100.0
      },
      {
        "value": 100.0
      },
      {
        "value": 100.0
      }
    ],
    [
      {
        "value": 84.4
      },
      {
        "value": 77.4
      },
      {
        "value": 89.2
      },
      {
        "value": 84.6
      },
      {
        "value": 85.6
      },
      {
        "value": 80.6
      }
    ],
    [
      {
        "value": 1.2
      },
      {
        "value": 1.7
      },
      {
        "value": 2.2
      },
      {
        "value": 2.4
      },
      {
        "value": 3.7
      },
      {
        "value": 3.7
      }
    ],
    [
      {
        "value": 4.0
      },
      {
        "value": 6.2
      },
      {
        "value": 3.2
      },
      {
        "value": 4.5
      },
      {
        "value": 5.9
      },
      {
        "value": 7.5
      }
    ],
    [
      {
        "value": 10.4
      },
      {
        "value": 14.7
      },
      {
        "value": 5.4
      },
      {
        "value": 8.6
      },
      {
        "value": 4.7
      },
      {
        "value": 8.2
      }
    ],
    [
      {
        "value": ""
      },
      {
        "value": ""
      },
      {
        "value": ""
      },
      {
        "value": ""
      },
      {
        "value": ""
      },
      {
        "value": ""
      }
    ],
    [
      {
        "value": 100.0
      },
      {
        "value": 100.0
      },
      {
        "value": 100.0
      },
      {
        "value": 100.0
      },
      {
        "value": 100.0
      },
      {
        "value": 100.0
      }
    ],
    [
      {
        "value": 74.7
      },
      {
        "value": 78.4
      },
      {
        "value": 81.2
      },
      {
        "value": 86.4
      },
      {
        "value": 77.3
      },
      {
        "value": 89.7
      }
    ],
    [
      {
        "value": 2.5
      },
      {
        "value": 1.6
      },
      {
        "value": 4.8
      },
      {
        "value": 1.8
      },
      {
        "value": 15.3
      },
      {
        "value": 3.3
      }
    ],
    [
      {
        "value": 2.5
      },
      {
        "value": 3.1
      },
      {
        "value": 2.0
      },
      {
        "value": 2.3
      },
      {
        "value": 2.4
      },
      {
        "value": 2.4
      }
    ],
    [
      {
        "value": 20.3
      },
      {
        "value": 16.9
      },
      {
        "value": 11.9
      },
      {
        "value": 9.5
      },
      {
        "value": 5.0
      },
      {
        "value": 4.5
      }
    ],
    [
      {
        "value": ""
      },
      {
        "value": ""
      },
      {
        "value": ""
      },
      {
        "value": ""
      },
      {
        "value": ""
      },
      {
        "value": ""
      }
    ],
    [
      {
        "value": 100.0
      },
      {
        "value": 100.0
      },
      {
        "value": 100.0
      },
      {
        "value": 100.0
      },
      {
        "value": 100.0
      },
      {
        "value": 100.0
      }
    ],
    [
      {
        "value": 55.1
      },
      {
        "value": 76.7
      },
      {
        "value": 57.4
      },
      {
        "value": 82.0
      },
      {
        "value": 51.5
      },
      {
        "value": 85.8
      }
    ],
    [
      {
        "value": 4.6
      },
      {
        "value": 2.1
      },
      {
        "value": 13.1
      },
      {
        "value": 3.6
      },
      {
        "value": 41.0
      },
      {
        "value": 9.8
      }
    ],
    [
      {
        "value": 1.9
      },
      {
        "value": 2.2
      },
      {
        "value": 1.5
      },
      {
        "value": 1.5
      },
      {
        "value": 1.5
      },
      {
        "value": 1.1
      }
    ],
    [
      {
        "value": 38.4
      },
      {
        "value": 19.1
      },
      {
        "value": 27.9
      },
      {
        "value": 12.9
      },
      {
        "value": 6.0
      },
      {
        "value": 3.4
      }
    ]
  ]
}