{
  "title": "table 3. postdoctoral appointees and nonfaculty researchers in science, engineering, and health fields of research in all institutions, by sex and field: 2017-18",
  "top_root": {
    "name": "<TOP>",
    "value": "<TOP>",
    "type": "string",
    "line_idx": null,
    "children_dict": [
      {
        "name": "postdoctoral appointees",
        "value": "postdoctoral appointees",
        "type": "string",
        "children_dict": [
          {
            "name": "2017",
            "value": "2017",
            "type": "string",
            "children_dict": [],
            "line_idx": 0
          },
          {
            "name": "2018",
            "value": "2018",
            "type": "string",
            "children_dict": [],
            "line_idx": 1
          },
          {
            "name": "change",
            "value": "change",
            "type": "string",
            "children_dict": [],
            "line_idx": 2
          },
          {
            "name": "percent change",
            "value": "percent change",
            "type": "string",
            "children_dict": [],
            "line_idx": 3
          }
        ],
        "line_idx": null
      },
      {
        "name": "nonfaculty researchers",
        "value": "nonfaculty researchers",
        "type": "string",
        "children_dict": [
          {
            "name": "2017",
            "value": "2017",
            "type": "string",
            "children_dict": [],
            "line_idx": 4
          },
          {
            "name": "2018",
            "value": "2018",
            "type": "string",
            "children_dict": [],
            "line_idx": 5
          },
          {
            "name": "change",
            "value": "change",
            "type": "string",
            "children_dict": [],
            "line_idx": 6
          },
          {
            "name": "percent change",
            "value": "percent change",
            "type": "string",
            "children_dict": [],
            "line_idx": 7
          }
        ],
        "line_idx": null
      }
    ]
  },
  "left_root": {
    "name": "<LEFT>",
    "value": "<LEFT>",
    "type": "string",
    "line_idx": null,
    "children_dict": [
      {
        "name": "all surveyed fields",
        "value": "all surveyed fields",
        "type": "string",
        "children_dict": [
          {
            "name": "male",
            "value": "male",
            "type": "string",
            "children_dict": [],
            "line_idx": 1
          },
          {
            "name": "female",
            "value": "female",
            "type": "string",
            "children_dict": [],
            "line_idx": 2
          },
          {
            "name": "science and engineering",
            "value": "science and engineering",
            "type": "string",
            "children_dict": [
              {
                "name": "science",
                "value": "science",
                "type": "string",
                "children_dict": [
                  {
                    "name": "agricultural sciences",
                    "value": "agricultural sciences",
                    "type": "string",
                    "children_dict": [],
                    "line_idx": 5
                  },
                  {
                    "name": "biological and biomedical sciences",
                    "value": "biological and biomedical sciences",
                    "type": "string",
                    "children_dict": [],
                    "line_idx": 6
                  },
                  {
                    "name": "computer and information sciences",
                    "value": "computer and information sciences",
                    "type": "string",
                    "children_dict": [],
                    "line_idx": 7
                  },
                  {
                    "name": "geosciences, atmospheric sciences, and ocean sciences",
                    "value": "geosciences, atmospheric sciences, and ocean sciences",
                    "type": "string",
                    "children_dict": [],
                    "line_idx": 8
                  },
                  {
                    "name": "mathematics and statistics",
                    "value": "mathematics and statistics",
                    "type": "string",
                    "children_dict": [],
                    "line_idx": 9
                  },
                  {
                    "name": "multidisciplinary and interdisciplinary studies",
                    "value": "multidisciplinary and interdisciplinary studies",
                    "type": "string",
                    "children_dict": [],
                    "line_idx": 10
                  },
                  {
                    "name": "natural resources and conservation",
                    "value": "natural resources and conservation",
                    "type": "string",
                    "children_dict": [],
                    "line_idx": 11
                  },
                  {
                    "name": "physical sciences",
                    "value": "physical sciences",
                    "type": "string",
                    "children_dict": [],
                    "line_idx": 12
                  },
                  {
                    "name": "psychology",
                    "value": "psychology",
                    "type": "string",
                    "children_dict": [],
                    "line_idx": 13
                  },
                  {
                    "name": "social sciences",
                    "value": "social sciences",
                    "type": "string",
                    "children_dict": [],
                    "line_idx": 14
                  }
                ],
                "line_idx": 4
              },
              {
                "name": "engineering",
                "value": "engineering",
                "type": "string",
                "children_dict": [
                  {
                    "name": "bioengineering and biomedical engineering",
                    "value": "bioengineering and biomedical engineering",
                    "type": "string",
                    "children_dict": [],
                    "line_idx": 16
                  },
                  {
                    "name": "chemical engineering",
                    "value": "chemical engineering",
                    "type": "string",
                    "children_dict": [],
                    "line_idx": 17
                  },
                  {
                    "name": "civil engineering",
                    "value": "civil engineering",
                    "type": "string",
                    "children_dict": [],
                    "line_idx": 18
                  },
                  {
                    "name": "electrical, electronics, and communications engineering",
                    "value": "electrical, electronics, and communications engineering",
                    "type": "string",
                    "children_dict": [],
                    "line_idx": 19
                  },
                  {
                    "name": "engineering mechanics, physics, and science",
                    "value": "engineering mechanics, physics, and science",
                    "type": "string",
                    "children_dict": [],
                    "line_idx": 20
                  },
                  {
                    "name": "industrial and manufacturing engineering",
                    "value": "industrial and manufacturing engineering",
                    "type": "string",
                    "children_dict": [],
                    "line_idx": 21
                  },
                  {
                    "name": "mechanical engineering",
                    "value": "mechanical engineering",
                    "type": "string",
                    "children_dict": [],
                    "line_idx": 22
                  },
                  {
                    "name": "metallurgical and materials engineering",
                    "value": "metallurgical and materials engineering",
                    "type": "string",
                    "children_dict": [],
                    "line_idx": 23
                  },
                  {
                    "name": "other engineering a",
                    "value": "other engineering a",
                    "type": "string",
                    "children_dict": [],
                    "line_idx": 24
                  }
                ],
                "line_idx": 15
              }
            ],
            "line_idx": 3
          },
          {
            "name": "health",
            "value": "health",
            "type": "string",
            "children_dict": [
              {
                "name": "clinical medicine",
                "value": "clinical medicine",
                "type": "string",
                "children_dict": [],
                "line_idx": 26
              },
              {
                "name": "other health",
                "value": "other health",
                "type": "string",
                "children_dict": [],
                "line_idx": 27
              }
            ],
            "line_idx": 25
          }
        ],
        "line_idx": 0
      }
    ]
  },
  "data": [
    [
      {
        "value": 64733.0
      },
      {
        "value": 64783.0
      },
      {
        "value": 50.0
      },
      {
        "value": 0.1
      },
      {
        "value": 28180.0
      },
      {
        "value": 29284.0
      },
      {
        "value": 1104.0
      },
      {
        "value": 3.9
      }
    ],
    [
      {
        "value": 38870.0
      },
      {
        "value": 38661.0
      },
      {
        "value": -209.0
      },
      {
        "value": -0.5
      },
      {
        "value": 16580.0
      },
      {
        "value": 17468.0
      },
      {
        "value": 888.0
      },
      {
        "value": 5.4
      }
    ],
    [
      {
        "value": 25863.0
      },
      {
        "value": 26122.0
      },
      {
        "value": 259.0
      },
      {
        "value": 1.0
      },
      {
        "value": 11600.0
      },
      {
        "value": 11816.0
      },
      {
        "value": 216.0
      },
      {
        "value": 1.9
      }
    ],
    [
      {
        "value": 46080.0
      },
      {
        "value": 45478.0
      },
      {
        "value": -602.0
      },
      {
        "value": -1.3
      },
      {
        "value": 20542.0
      },
      {
        "value": 21848.0
      },
      {
        "value": 1306.0
      },
      {
        "value": 6.4
      }
    ],
    [
      {
        "value": 38241.0
      },
      {
        "value": 37564.0
      },
      {
        "value": -677.0
      },
      {
        "value": -1.8
      },
      {
        "value": 17268.0
      },
      {
        "value": 18278.0
      },
      {
        "value": 1010.0
      },
      {
        "value": 5.8
      }
    ],
    [
      {
        "value": 1024.0
      },
      {
        "value": 1072.0
      },
      {
        "value": 48.0
      },
      {
        "value": 4.7
      },
      {
        "value": 496.0
      },
      {
        "value": 565.0
      },
      {
        "value": 69.0
      },
      {
        "value": 13.9
      }
    ],
    [
      {
        "value": 21781.0
      },
      {
        "value": 21533.0
      },
      {
        "value": -248.0
      },
      {
        "value": -1.1
      },
      {
        "value": 8203.0
      },
      {
        "value": 8250.0
      },
      {
        "value": 47.0
      },
      {
        "value": 0.6
      }
    ],
    [
      {
        "value": 854.0
      },
      {
        "value": 879.0
      },
      {
        "value": 25.0
      },
      {
        "value": 2.9
      },
      {
        "value": 476.0
      },
      {
        "value": 515.0
      },
      {
        "value": 39.0
      },
      {
        "value": 8.2
      }
    ],
    [
      {
        "value": 2089.0
      },
      {
        "value": 1726.0
      },
      {
        "value": -363.0
      },
      {
        "value": -17.4
      },
      {
        "value": 1794.0
      },
      {
        "value": 2106.0
      },
      {
        "value": 312.0
      },
      {
        "value": 17.4
      }
    ],
    [
      {
        "value": 991.0
      },
      {
        "value": 982.0
      },
      {
        "value": -9.0
      },
      {
        "value": -0.9
      },
      {
        "value": 240.0
      },
      {
        "value": 266.0
      },
      {
        "value": 26.0
      },
      {
        "value": 10.8
      }
    ],
    [
      {
        "value": 1131.0
      },
      {
        "value": 980.0
      },
      {
        "value": -151.0
      },
      {
        "value": -13.4
      },
      {
        "value": 806.0
      },
      {
        "value": 832.0
      },
      {
        "value": 26.0
      },
      {
        "value": 3.2
      }
    ],
    [
      {
        "value": 731.0
      },
      {
        "value": 764.0
      },
      {
        "value": 33.0
      },
      {
        "value": 4.5
      },
      {
        "value": 364.0
      },
      {
        "value": 580.0
      },
      {
        "value": 216.0
      },
      {
        "value": 59.3
      }
    ],
    [
      {
        "value": 7211.0
      },
      {
        "value": 6976.0
      },
      {
        "value": -235.0
      },
      {
        "value": -3.3
      },
      {
        "value": 2871.0
      },
      {
        "value": 3056.0
      },
      {
        "value": 185.0
      },
      {
        "value": 6.4
      }
    ],
    [
      {
        "value": 1082.0
      },
      {
        "value": 1145.0
      },
      {
        "value": 63.0
      },
      {
        "value": 5.8
      },
      {
        "value": 494.0
      },
      {
        "value": 507.0
      },
      {
        "value": 13.0
      },
      {
        "value": 2.6
      }
    ],
    [
      {
        "value": 1347.0
      },
      {
        "value": 1507.0
      },
      {
        "value": 160.0
      },
      {
        "value": 11.9
      },
      {
        "value": 1524.0
      },
      {
        "value": 1601.0
      },
      {
        "value": 77.0
      },
      {
        "value": 5.1
      }
    ],
    [
      {
        "value": 7839.0
      },
      {
        "value": 7914.0
      },
      {
        "value": 75.0
      },
      {
        "value": 1.0
      },
      {
        "value": 3274.0
      },
      {
        "value": 3570.0
      },
      {
        "value": 296.0
      },
      {
        "value": 9.0
      }
    ],
    [
      {
        "value": 1398.0
      },
      {
        "value": 1433.0
      },
      {
        "value": 35.0
      },
      {
        "value": 2.5
      },
      {
        "value": 415.0
      },
      {
        "value": 440.0
      },
      {
        "value": 25.0
      },
      {
        "value": 6.0
      }
    ],
    [
      {
        "value": 1197.0
      },
      {
        "value": 1142.0
      },
      {
        "value": -55.0
      },
      {
        "value": -4.6
      },
      {
        "value": 281.0
      },
      {
        "value": 257.0
      },
      {
        "value": -24.0
      },
      {
        "value": -8.5
      }
    ],
    [
      {
        "value": 804.0
      },
      {
        "value": 739.0
      },
      {
        "value": -65.0
      },
      {
        "value": -8.1
      },
      {
        "value": 422.0
      },
      {
        "value": 414.0
      },
      {
        "value": -8.0
      },
      {
        "value": -1.9
      }
    ],
    [
      {
        "value": 1170.0
      },
      {
        "value": 1197.0
      },
      {
        "value": 27.0
      },
      {
        "value": 2.3
      },
      {
        "value": 557.0
      },
      {
        "value": 588.0
      },
      {
        "value": 31.0
      },
      {
        "value": 5.6
      }
    ],
    [
      {
        "value": 316.0
      },
      {
        "value": 354.0
      },
      {
        "value": 38.0
      },
      {
        "value": 12.0
      },
      {
        "value": 200.0
      },
      {
        "value": 220.0
      },
      {
        "value": 20.0
      },
      {
        "value": 10.0
      }
    ],
    [
      {
        "value": 127.0
      },
      {
        "value": 156.0
      },
      {
        "value": 29.0
      },
      {
        "value": 22.8
      },
      {
        "value": 119.0
      },
      {
        "value": 105.0
      },
      {
        "value": -14.0
      },
      {
        "value": -11.8
      }
    ],
    [
      {
        "value": 1089.0
      },
      {
        "value": 1069.0
      },
      {
        "value": -20.0
      },
      {
        "value": -1.8
      },
      {
        "value": 458.0
      },
      {
        "value": 489.0
      },
      {
        "value": 31.0
      },
      {
        "value": 6.8
      }
    ],
    [
      {
        "value": 550.0
      },
      {
        "value": 549.0
      },
      {
        "value": -1.0
      },
      {
        "value": -0.2
      },
      {
        "value": 181.0
      },
      {
        "value": 215.0
      },
      {
        "value": 34.0
      },
      {
        "value": 18.8
      }
    ],
    [
      {
        "value": 1188.0
      },
      {
        "value": 1275.0
      },
      {
        "value": 87.0
      },
      {
        "value": 7.3
      },
      {
        "value": 641.0
      },
      {
        "value": 842.0
      },
      {
        "value": 201.0
      },
      {
        "value": 31.4
      }
    ],
    [
      {
        "value": 18653.0
      },
      {
        "value": 19305.0
      },
      {
        "value": 652.0
      },
      {
        "value": 3.5
      },
      {
        "value": 7638.0
      },
      {
        "value": 7436.0
      },
      {
        "value": -202.0
      },
      {
        "value": -2.6
      }
    ],
    [
      {
        "value": 16100.0
      },
      {
        "value": 16563.0
      },
      {
        "value": 463.0
      },
      {
        "value": 2.9
      },
      {
        "value": 6448.0
      },
      {
        "value": 6159.0
      },
      {
        "value": -289.0
      },
      {
        "value": -4.5
      }
    ],
    [
      {
        "value": 2553.0
      },
      {
        "value": 2742.0
      },
      {
        "value": 189.0
      },
      {
        "value": 7.4
      },
      {
        "value": 1190.0
      },
      {
        "value": 1277.0
      },
      {
        "value": 87.0
      },
      {
        "value": 7.3
      }
    ]
  ]
}