{
  "title": "education by fols of workers in the agri-food sector aged 15 years and over, seven agricultural regions in quebec, 2011",
  "top_root": {
    "name": "<TOP>",
    "value": "<TOP>",
    "type": "string",
    "line_idx": null,
    "children_dict": [
      {
        "name": "gaspesie iles-de-la-madeleine",
        "value": "gaspesie iles-de-la-madeleine",
        "type": "string",
        "children_dict": [
          {
            "name": "english-language workers",
            "value": "english-language workers",
            "type": "string",
            "children_dict": [],
            "line_idx": 0
          },
          {
            "name": "other workers",
            "value": "other workers",
            "type": "string",
            "children_dict": [],
            "line_idx": 1
          }
        ],
        "line_idx": null
      },
      {
        "name": "estrie",
        "value": "estrie",
        "type": "string",
        "children_dict": [
          {
            "name": "english-language workers",
            "value": "english-language workers",
            "type": "string",
            "children_dict": [],
            "line_idx": 2
          },
          {
            "name": "other workers",
            "value": "other workers",
            "type": "string",
            "children_dict": [],
            "line_idx": 3
          }
        ],
        "line_idx": null
      },
      {
        "name": "montegerie",
        "value": "montegerie",
        "type": "string",
        "children_dict": [
          {
            "name": "english-language workers",
            "value": "english-language workers",
            "type": "string",
            "children_dict": [],
            "line_idx": 4
          },
          {
            "name": "other workers",
            "value": "other workers",
            "type": "string",
            "children_dict": [],
            "line_idx": 5
          }
        ],
        "line_idx": null
      },
      {
        "name": "montreal - laval",
        "value": "montreal - laval",
        "type": "string",
        "children_dict": [
          {
            "name": "english-language workers",
            "value": "english-language workers",
            "type": "string",
            "children_dict": [],
            "line_idx": 6
          },
          {
            "name": "other workers",
            "value": "other workers",
            "type": "string",
            "children_dict": [],
            "line_idx": 7
          }
        ],
        "line_idx": null
      },
      {
        "name": "laurentides",
        "value": "laurentides",
        "type": "string",
        "children_dict": [
          {
            "name": "english-language workers",
            "value": "english-language workers",
            "type": "string",
            "children_dict": [],
            "line_idx": 8
          },
          {
            "name": "other workers",
            "value": "other workers",
            "type": "string",
            "children_dict": [],
            "line_idx": 9
          }
        ],
        "line_idx": null
      },
      {
        "name": "outaouais",
        "value": "outaouais",
        "type": "string",
        "children_dict": [
          {
            "name": "english-language workers",
            "value": "english-language workers",
            "type": "string",
            "children_dict": [],
            "line_idx": 10
          },
          {
            "name": "other workers",
            "value": "other workers",
            "type": "string",
            "children_dict": [],
            "line_idx": 11
          }
        ],
        "line_idx": null
      },
      {
        "name": "abitibi-temiscamingue nord-du-quebec",
        "value": "abitibi-temiscamingue nord-du-quebec",
        "type": "string",
        "children_dict": [
          {
            "name": "english-language workers",
            "value": "english-language workers",
            "type": "string",
            "children_dict": [],
            "line_idx": 12
          },
          {
            "name": "other workers",
            "value": "other workers",
            "type": "string",
            "children_dict": [],
            "line_idx": 13
          }
        ],
        "line_idx": null
      }
    ]
  },
  "left_root": {
    "name": "<LEFT>",
    "value": "<LEFT>",
    "type": "string",
    "line_idx": null,
    "children_dict": [
      {
        "name": "percent",
        "value": "percent",
        "type": "string",
        "children_dict": [
          {
            "name": "no certificate, diploma or degree",
            "value": "no certificate, diploma or degree",
            "type": "string",
            "children_dict": [],
            "line_idx": 0
          },
          {
            "name": "secondary school diploma",
            "value": "secondary school diploma",
            "type": "string",
            "children_dict": [],
            "line_idx": 1
          },
          {
            "name": "certificate or college diploma",
            "value": "certificate or college diploma",
            "type": "string",
            "children_dict": [],
            "line_idx": 2
          },
          {
            "name": "bachelor's",
            "value": "bachelor's",
            "type": "string",
            "children_dict": [],
            "line_idx": 3
          },
          {
            "name": "certificate or university diploma over bachelor's",
            "value": "certificate or university diploma over bachelor's",
            "type": "string",
            "children_dict": [],
            "line_idx": 4
          }
        ],
        "line_idx": null
      }
    ]
  },
  "data": [
    [
      {
        "value": 28.9
      },
      {
        "value": 37.9
      },
      {
        "value": 29.7
      },
      {
        "value": 26.1
      },
      {
        "value": 19.0
      },
      {
        "value": 28.2
      },
      {
        "value": 17.7
      },
      {
        "value": 22.2
      },
      {
        "value": 21.4
      },
      {
        "value": 29.2
      },
      {
        "value": 24.1
      },
      {
        "value": 37.5
      },
      {
        "value": 68.4
      },
      {
        "value": 37.5
      }
    ],
    [
      {
        "value": 55.3
      },
      {
        "value": 50.0
      },
      {
        "value": 41.2
      },
      {
        "value": 52.7
      },
      {
        "value": 46.4
      },
      {
        "value": 49.4
      },
      {
        "value": 44.3
      },
      {
        "value": 43.1
      },
      {
        "value": 53.6
      },
      {
        "value": 52.8
      },
      {
        "value": 49.1
      },
      {
        "value": 47.7
      },
      {
        "value": 23.2
      },
      {
        "value": 50.2
      }
    ],
    [
      {
        "value": 11.4
      },
      {
        "value": 9.7
      },
      {
        "value": 15.4
      },
      {
        "value": 14.6
      },
      {
        "value": 17.4
      },
      {
        "value": 13.6
      },
      {
        "value": 17.7
      },
      {
        "value": 17.0
      },
      {
        "value": 17.1
      },
      {
        "value": 11.9
      },
      {
        "value": 15.7
      },
      {
        "value": 9.8
      },
      {
        "value": 6.8
      },
      {
        "value": 8.7
      }
    ],
    [
      {
        "value": 5.3
      },
      {
        "value": 2.2
      },
      {
        "value": 11.0
      },
      {
        "value": 4.9
      },
      {
        "value": 12.7
      },
      {
        "value": 7.4
      },
      {
        "value": 15.9
      },
      {
        "value": 14.0
      },
      {
        "value": 6.9
      },
      {
        "value": 5.1
      },
      {
        "value": 8.1
      },
      {
        "value": 4.1
      },
      {
        "value": 3.4
      },
      {
        "value": 3.3
      }
    ],
    [
      {
        "value": 0.0
      },
      {
        "value": 0.0
      },
      {
        "value": 2.7
      },
      {
        "value": 1.4
      },
      {
        "value": 4.4
      },
      {
        "value": 1.4
      },
      {
        "value": 4.4
      },
      {
        "value": 3.7
      },
      {
        "value": 0.0
      },
      {
        "value": 0.8
      },
      {
        "value": 3.1
      },
      {
        "value": 0.6
      },
      {
        "value": 0.0
      },
      {
        "value": 0.4
      }
    ]
  ]
}