{
  "title": "investment in 'data'",
  "top_root": {
    "name": "<TOP>",
    "value": "<TOP>",
    "type": "string",
    "line_idx": null,
    "children_dict": [
      {
        "name": "'data' share of production activities",
        "value": "'data' share of production activities",
        "type": "string",
        "children_dict": [
          {
            "name": "2005 to 2018",
            "value": "2005 to 2018",
            "type": "string",
            "children_dict": [
              {
                "name": "percent",
                "value": "percent",
                "type": "string",
                "children_dict": [],
                "line_idx": 0
              }
            ],
            "line_idx": null
          }
        ],
        "line_idx": null
      },
      {
        "name": "investment in 'data'",
        "value": "investment in 'data'",
        "type": "string",
        "children_dict": [
          {
            "name": "2005",
            "value": "2005",
            "type": "string",
            "children_dict": [
              {
                "name": "millions of dollars",
                "value": "millions of dollars",
                "type": "string",
                "children_dict": [],
                "line_idx": 1
              }
            ],
            "line_idx": null
          },
          {
            "name": "2010",
            "value": "2010",
            "type": "string",
            "children_dict": [
              {
                "name": "millions of dollars",
                "value": "millions of dollars",
                "type": "string",
                "children_dict": [],
                "line_idx": 2
              }
            ],
            "line_idx": null
          },
          {
            "name": "2015",
            "value": "2015",
            "type": "string",
            "children_dict": [
              {
                "name": "millions of dollars",
                "value": "millions of dollars",
                "type": "string",
                "children_dict": [],
                "line_idx": 3
              }
            ],
            "line_idx": null
          },
          {
            "name": "2018",
            "value": "2018",
            "type": "string",
            "children_dict": [
              {
                "name": "millions of dollars",
                "value": "millions of dollars",
                "type": "string",
                "children_dict": [],
                "line_idx": 4
              }
            ],
            "line_idx": null
          }
        ],
        "line_idx": null
      }
    ]
  },
  "left_root": {
    "name": "<LEFT>",
    "value": "<LEFT>",
    "type": "string",
    "line_idx": null,
    "children_dict": [
      {
        "name": "total of all occupational groups",
        "value": "total of all occupational groups",
        "type": "string",
        "children_dict": [
          {
            "name": "lower range value",
            "value": "lower range value",
            "type": "string",
            "children_dict": [],
            "line_idx": 1
          },
          {
            "name": "upper range value",
            "value": "upper range value",
            "type": "string",
            "children_dict": [],
            "line_idx": 2
          }
        ],
        "line_idx": 0
      },
      {
        "name": "financial and investment analysts",
        "value": "financial and investment analysts",
        "type": "string",
        "children_dict": [
          {
            "name": "lower range value",
            "value": "lower range value",
            "type": "string",
            "children_dict": [],
            "line_idx": 4
          },
          {
            "name": "upper range value",
            "value": "upper range value",
            "type": "string",
            "children_dict": [],
            "line_idx": 5
          }
        ],
        "line_idx": 3
      },
      {
        "name": "customer and information services supervisors",
        "value": "customer and information services supervisors",
        "type": "string",
        "children_dict": [
          {
            "name": "lower range value",
            "value": "lower range value",
            "type": "string",
            "children_dict": [],
            "line_idx": 7
          },
          {
            "name": "upper range value",
            "value": "upper range value",
            "type": "string",
            "children_dict": [],
            "line_idx": 8
          }
        ],
        "line_idx": 6
      },
      {
        "name": "data entry clerks",
        "value": "data entry clerks",
        "type": "string",
        "children_dict": [
          {
            "name": "lower range value",
            "value": "lower range value",
            "type": "string",
            "children_dict": [],
            "line_idx": 10
          },
          {
            "name": "upper range value",
            "value": "upper range value",
            "type": "string",
            "children_dict": [],
            "line_idx": 11
          }
        ],
        "line_idx": 9
      },
      {
        "name": "other customer and information services representatives",
        "value": "other customer and information services representatives",
        "type": "string",
        "children_dict": [
          {
            "name": "lower range value",
            "value": "lower range value",
            "type": "string",
            "children_dict": [],
            "line_idx": 13
          },
          {
            "name": "upper range value",
            "value": "upper range value",
            "type": "string",
            "children_dict": [],
            "line_idx": 14
          }
        ],
        "line_idx": 12
      },
      {
        "name": "survey interviewers and statistical clerks",
        "value": "survey interviewers and statistical clerks",
        "type": "string",
        "children_dict": [
          {
            "name": "lower range value",
            "value": "lower range value",
            "type": "string",
            "children_dict": [],
            "line_idx": 16
          },
          {
            "name": "upper range value",
            "value": "upper range value",
            "type": "string",
            "children_dict": [],
            "line_idx": 17
          }
        ],
        "line_idx": 15
      },
      {
        "name": "mathematicians, statisticians and actuaries",
        "value": "mathematicians, statisticians and actuaries",
        "type": "string",
        "children_dict": [
          {
            "name": "lower range value",
            "value": "lower range value",
            "type": "string",
            "children_dict": [],
            "line_idx": 19
          },
          {
            "name": "upper range value",
            "value": "upper range value",
            "type": "string",
            "children_dict": [],
            "line_idx": 20
          }
        ],
        "line_idx": 18
      },
      {
        "name": "economists and economic policy researchers and analysts",
        "value": "economists and economic policy researchers and analysts",
        "type": "string",
        "children_dict": [
          {
            "name": "lower range value",
            "value": "lower range value",
            "type": "string",
            "children_dict": [],
            "line_idx": 22
          },
          {
            "name": "upper range value",
            "value": "upper range value",
            "type": "string",
            "children_dict": [],
            "line_idx": 23
          }
        ],
        "line_idx": 21
      },
      {
        "name": "social policy researchers, consultants and program officers",
        "value": "social policy researchers, consultants and program officers",
        "type": "string",
        "children_dict": [
          {
            "name": "lower range value",
            "value": "lower range value",
            "type": "string",
            "children_dict": [],
            "line_idx": 25
          },
          {
            "name": "upper range value",
            "value": "upper range value",
            "type": "string",
            "children_dict": [],
            "line_idx": 26
          }
        ],
        "line_idx": 24
      },
      {
        "name": "percent",
        "value": "percent",
        "type": "string",
        "children_dict": [
          {
            "name": "annual growth rate",
            "value": "annual growth rate",
            "type": "string",
            "children_dict": [
              {
                "name": "lower range value",
                "value": "lower range value",
                "type": "string",
                "children_dict": [],
                "line_idx": 28
              },
              {
                "name": "upper range value",
                "value": "upper range value",
                "type": "string",
                "children_dict": [],
                "line_idx": 29
              }
            ],
            "line_idx": 27
          }
        ],
        "line_idx": null
      }
    ]
  },
  "data": [
    [
      {
        "value": ""
      },
      {
        "value": ""
      },
      {
        "value": ""
      },
      {
        "value": ""
      },
      {
        "value": ""
      }
    ],
    [
      {
        "value": ""
      },
      {
        "value": 6777.0
      },
      {
        "value": 7559.0
      },
      {
        "value": 8916.0
      },
      {
        "value": 9418.0
      }
    ],
    [
      {
        "value": ""
      },
      {
        "value": 9742.0
      },
      {
        "value": 10840.0
      },
      {
        "value": 13448.0
      },
      {
        "value": 14216.0
      }
    ],
    [
      {
        "value": ""
      },
      {
        "value": ""
      },
      {
        "value": ""
      },
      {
        "value": ""
      },
      {
        "value": ""
      }
    ],
    [
      {
        "value": 10.0
      },
      {
        "value": 475.0
      },
      {
        "value": 456.0
      },
      {
        "value": 1124.0
      },
      {
        "value": 992.0
      }
    ],
    [
      {
        "value": 20.0
      },
      {
        "value": 949.0
      },
      {
        "value": 913.0
      },
      {
        "value": 2249.0
      },
      {
        "value": 1983.0
      }
    ],
    [
      {
        "value": ""
      },
      {
        "value": ""
      },
      {
        "value": ""
      },
      {
        "value": ""
      },
      {
        "value": ""
      }
    ],
    [
      {
        "value": 30.0
      },
      {
        "value": 578.0
      },
      {
        "value": 342.0
      },
      {
        "value": 307.0
      },
      {
        "value": 307.0
      }
    ],
    [
      {
        "value": 50.0
      },
      {
        "value": 964.0
      },
      {
        "value": 569.0
      },
      {
        "value": 511.0
      },
      {
        "value": 512.0
      }
    ],
    [
      {
        "value": ""
      },
      {
        "value": ""
      },
      {
        "value": ""
      },
      {
        "value": ""
      },
      {
        "value": ""
      }
    ],
    [
      {
        "value": 100.0
      },
      {
        "value": 2041.0
      },
      {
        "value": 2114.0
      },
      {
        "value": 1924.0
      },
      {
        "value": 1942.0
      }
    ],
    [
      {
        "value": 100.0
      },
      {
        "value": 2041.0
      },
      {
        "value": 2114.0
      },
      {
        "value": 1924.0
      },
      {
        "value": 1942.0
      }
    ],
    [
      {
        "value": ""
      },
      {
        "value": ""
      },
      {
        "value": ""
      },
      {
        "value": ""
      },
      {
        "value": ""
      }
    ],
    [
      {
        "value": 30.0
      },
      {
        "value": 2534.0
      },
      {
        "value": 2901.0
      },
      {
        "value": 3517.0
      },
      {
        "value": 3576.0
      }
    ],
    [
      {
        "value": 50.0
      },
      {
        "value": 4223.0
      },
      {
        "value": 4835.0
      },
      {
        "value": 5862.0
      },
      {
        "value": 5959.0
      }
    ],
    [
      {
        "value": ""
      },
      {
        "value": ""
      },
      {
        "value": ""
      },
      {
        "value": ""
      },
      {
        "value": ""
      }
    ],
    [
      {
        "value": 90.0
      },
      {
        "value": 409.0
      },
      {
        "value": 541.0
      },
      {
        "value": 419.0
      },
      {
        "value": 215.0
      }
    ],
    [
      {
        "value": 100.0
      },
      {
        "value": 454.0
      },
      {
        "value": 602.0
      },
      {
        "value": 466.0
      },
      {
        "value": 239.0
      }
    ],
    [
      {
        "value": ""
      },
      {
        "value": ""
      },
      {
        "value": ""
      },
      {
        "value": ""
      },
      {
        "value": ""
      }
    ],
    [
      {
        "value": 20.0
      },
      {
        "value": 165.0
      },
      {
        "value": 325.0
      },
      {
        "value": 398.0
      },
      {
        "value": 930.0
      }
    ],
    [
      {
        "value": 30.0
      },
      {
        "value": 248.0
      },
      {
        "value": 488.0
      },
      {
        "value": 597.0
      },
      {
        "value": 1395.0
      }
    ],
    [
      {
        "value": ""
      },
      {
        "value": ""
      },
      {
        "value": ""
      },
      {
        "value": ""
      },
      {
        "value": ""
      }
    ],
    [
      {
        "value": 20.0
      },
      {
        "value": 238.0
      },
      {
        "value": 374.0
      },
      {
        "value": 555.0
      },
      {
        "value": 790.0
      }
    ],
    [
      {
        "value": 30.0
      },
      {
        "value": 357.0
      },
      {
        "value": 562.0
      },
      {
        "value": 832.0
      },
      {
        "value": 1184.0
      }
    ],
    [
      {
        "value": ""
      },
      {
        "value": ""
      },
      {
        "value": ""
      },
      {
        "value": ""
      },
      {
        "value": ""
      }
    ],
    [
      {
        "value": 20.0
      },
      {
        "value": 338.0
      },
      {
        "value": 505.0
      },
      {
        "value": 672.0
      },
      {
        "value": 667.0
      }
    ],
    [
      {
        "value": 30.0
      },
      {
        "value": 507.0
      },
      {
        "value": 757.0
      },
      {
        "value": 1008.0
      },
      {
        "value": 1000.0
      }
    ],
    [
      {
        "value": ""
      },
      {
        "value": ""
      },
      {
        "value": ""
      },
      {
        "value": ""
      },
      {
        "value": ""
      }
    ],
    [
      {
        "value": ""
      },
      {
        "value": ""
      },
      {
        "value": 2.2
      },
      {
        "value": 3.4
      },
      {
        "value": 1.8
      }
    ],
    [
      {
        "value": ""
      },
      {
        "value": ""
      },
      {
        "value": 2.2
      },
      {
        "value": 4.4
      },
      {
        "value": 1.9
      }
    ]
  ]
}