{
  "title": "club",
  "top_root": {
    "name": "<TOP>",
    "value": "<TOP>",
    "type": "string",
    "line_idx": null,
    "children_dict": [
      {
        "name": "league",
        "value": "league",
        "type": "string",
        "children_dict": [
          {
            "name": "division",
            "value": "division",
            "type": "string",
            "children_dict": [],
            "line_idx": 0
          },
          {
            "name": "apps",
            "value": "apps",
            "type": "string",
            "children_dict": [],
            "line_idx": 1
          },
          {
            "name": "goals",
            "value": "goals",
            "type": "string",
            "children_dict": [],
            "line_idx": 2
          }
        ],
        "line_idx": null
      },
      {
        "name": "cup",
        "value": "cup",
        "type": "string",
        "children_dict": [
          {
            "name": "apps",
            "value": "apps",
            "type": "string",
            "children_dict": [],
            "line_idx": 3
          },
          {
            "name": "goals",
            "value": "goals",
            "type": "string",
            "children_dict": [],
            "line_idx": 4
          }
        ],
        "line_idx": null
      },
      {
        "name": "europe",
        "value": "europe",
        "type": "string",
        "children_dict": [
          {
            "name": "apps",
            "value": "apps",
            "type": "string",
            "children_dict": [],
            "line_idx": 5
          },
          {
            "name": "goals",
            "value": "goals",
            "type": "string",
            "children_dict": [],
            "line_idx": 6
          }
        ],
        "line_idx": null
      },
      {
        "name": "other",
        "value": "other",
        "type": "string",
        "children_dict": [
          {
            "name": "apps",
            "value": "apps",
            "type": "string",
            "children_dict": [],
            "line_idx": 7
          },
          {
            "name": "goals",
            "value": "goals",
            "type": "string",
            "children_dict": [],
            "line_idx": 8
          }
        ],
        "line_idx": null
      },
      {
        "name": "total",
        "value": "total",
        "type": "string",
        "children_dict": [
          {
            "name": "apps",
            "value": "apps",
            "type": "string",
            "children_dict": [],
            "line_idx": 9
          },
          {
            "name": "goals",
            "value": "goals",
            "type": "string",
            "children_dict": [],
            "line_idx": 10
          }
        ],
        "line_idx": null
      }
    ]
  },
  "left_root": {
    "name": "<LEFT>",
    "value": "<LEFT>",
    "type": "string",
    "line_idx": null,
    "children_dict": [
      {
        "name": "marseille",
        "value": "marseille",
        "type": "string",
        "children_dict": [
          {
            "name": "2003-04",
            "value": "2003-04",
            "type": "string",
            "children_dict": [],
            "line_idx": 0
          },
          {
            "name": "total",
            "value": "total",
            "type": "string",
            "children_dict": [],
            "line_idx": 1
          }
        ],
        "line_idx": null
      },
      {
        "name": "arsenal",
        "value": "arsenal",
        "type": "string",
        "children_dict": [
          {
            "name": "2004-05",
            "value": "2004-05",
            "type": "string",
            "children_dict": [],
            "line_idx": 2
          },
          {
            "name": "2005-06",
            "value": "2005-06",
            "type": "string",
            "children_dict": [],
            "line_idx": 3
          },
          {
            "name": "2006-07",
            "value": "2006-07",
            "type": "string",
            "children_dict": [],
            "line_idx": 4
          },
          {
            "name": "2007-08",
            "value": "2007-08",
            "type": "string",
            "children_dict": [],
            "line_idx": 5
          },
          {
            "name": "total",
            "value": "total",
            "type": "string",
            "children_dict": [],
            "line_idx": 6
          }
        ],
        "line_idx": null
      },
      {
        "name": "milan",
        "value": "milan",
        "type": "string",
        "children_dict": [
          {
            "name": "2008-09",
            "value": "2008-09",
            "type": "string",
            "children_dict": [],
            "line_idx": 7
          },
          {
            "name": "2009-10",
            "value": "2009-10",
            "type": "string",
            "children_dict": [],
            "line_idx": 8
          },
          {
            "name": "2010-11",
            "value": "2010-11",
            "type": "string",
            "children_dict": [],
            "line_idx": 9
          },
          {
            "name": "2011-12",
            "value": "2011-12",
            "type": "string",
            "children_dict": [],
            "line_idx": 10
          },
          {
            "name": "2012-13",
            "value": "2012-13",
            "type": "string",
            "children_dict": [],
            "line_idx": 11
          },
          {
            "name": "total",
            "value": "total",
            "type": "string",
            "children_dict": [],
            "line_idx": 12
          }
        ],
        "line_idx": null
      },
      {
        "name": "arsenal",
        "value": "arsenal",
        "type": "string",
        "children_dict": [
          {
            "name": "2013-14",
            "value": "2013-14",
            "type": "string",
            "children_dict": [],
            "line_idx": 13
          },
          {
            "name": "2014-15",
            "value": "2014-15",
            "type": "string",
            "children_dict": [],
            "line_idx": 14
          },
          {
            "name": "2015-16",
            "value": "2015-16",
            "type": "string",
            "children_dict": [],
            "line_idx": 15
          },
          {
            "name": "total",
            "value": "total",
            "type": "string",
            "children_dict": [],
            "line_idx": 16
          },
          {
            "name": "arsenal total",
            "value": "arsenal total",
            "type": "string",
            "children_dict": [],
            "line_idx": 17
          }
        ],
        "line_idx": null
      },
      {
        "name": "crystal palace",
        "value": "crystal palace",
        "type": "string",
        "children_dict": [
          {
            "name": "2016-17",
            "value": "2016-17",
            "type": "string",
            "children_dict": [],
            "line_idx": 18
          }
        ],
        "line_idx": null
      },
      {
        "name": "getafe",
        "value": "getafe",
        "type": "string",
        "children_dict": [
          {
            "name": "2017-18",
            "value": "2017-18",
            "type": "string",
            "children_dict": [],
            "line_idx": 19
          },
          {
            "name": "2018-19",
            "value": "2018-19",
            "type": "string",
            "children_dict": [],
            "line_idx": 20
          },
          {
            "name": "total",
            "value": "total",
            "type": "string",
            "children_dict": [],
            "line_idx": 21
          }
        ],
        "line_idx": null
      },
      {
        "name": "career total",
        "value": "career total",
        "type": "string",
        "children_dict": [],
        "line_idx": 22
      }
    ]
  },
  "data": [
    [
      {
        "value": "ligue 1"
      },
      {
        "value": 14
      },
      {
        "value": 0
      },
      {
        "value": 1
      },
      {
        "value": 0
      },
      {
        "value": 9.0
      },
      {
        "value": 0.0
      },
      {
        "value": "-"
      },
      {
        "value": "-"
      },
      {
        "value": 24
      },
      {
        "value": 0
      }
    ],
    [
      {
        "value": ""
      },
      {
        "value": 14
      },
      {
        "value": 0
      },
      {
        "value": 1
      },
      {
        "value": 0
      },
      {
        "value": 9.0
      },
      {
        "value": 0.0
      },
      {
        "value": "-"
      },
      {
        "value": "-"
      },
      {
        "value": 24
      },
      {
        "value": 0
      }
    ],
    [
      {
        "value": "premier league"
      },
      {
        "value": 21
      },
      {
        "value": 1
      },
      {
        "value": 7
      },
      {
        "value": 0
      },
      {
        "value": 4.0
      },
      {
        "value": 0.0
      },
      {
        "value": 0.0
      },
      {
        "value": 0.0
      },
      {
        "value": 32
      },
      {
        "value": 1
      }
    ],
    [
      {
        "value": "premier league"
      },
      {
        "value": 31
      },
      {
        "value": 0
      },
      {
        "value": 5
      },
      {
        "value": 0
      },
      {
        "value": 12.0
      },
      {
        "value": 0.0
      },
      {
        "value": 1.0
      },
      {
        "value": 0.0
      },
      {
        "value": 49
      },
      {
        "value": 0
      }
    ],
    [
      {
        "value": "premier league"
      },
      {
        "value": 20
      },
      {
        "value": 3
      },
      {
        "value": 6
      },
      {
        "value": 0
      },
      {
        "value": 6.0
      },
      {
        "value": 1.0
      },
      {
        "value": "-"
      },
      {
        "value": "-"
      },
      {
        "value": 32
      },
      {
        "value": 4
      }
    ],
    [
      {
        "value": "premier league"
      },
      {
        "value": 30
      },
      {
        "value": 3
      },
      {
        "value": 2
      },
      {
        "value": 0
      },
      {
        "value": 8.0
      },
      {
        "value": 0.0
      },
      {
        "value": "-"
      },
      {
        "value": "-"
      },
      {
        "value": 40
      },
      {
        "value": 3
      }
    ],
    [
      {
        "value": ""
      },
      {
        "value": 102
      },
      {
        "value": 7
      },
      {
        "value": 20
      },
      {
        "value": 0
      },
      {
        "value": 30.0
      },
      {
        "value": 1.0
      },
      {
        "value": 1.0
      },
      {
        "value": 0.0
      },
      {
        "value": 153
      },
      {
        "value": 8
      }
    ],
    [
      {
        "value": "serie a"
      },
      {
        "value": 29
      },
      {
        "value": 0
      },
      {
        "value": 1
      },
      {
        "value": 0
      },
      {
        "value": 7.0
      },
      {
        "value": 0.0
      },
      {
        "value": "-"
      },
      {
        "value": "-"
      },
      {
        "value": 37
      },
      {
        "value": 0
      }
    ],
    [
      {
        "value": "serie a"
      },
      {
        "value": 25
      },
      {
        "value": 0
      },
      {
        "value": 2
      },
      {
        "value": 1
      },
      {
        "value": 5.0
      },
      {
        "value": 0.0
      },
      {
        "value": "-"
      },
      {
        "value": "-"
      },
      {
        "value": 32
      },
      {
        "value": 1
      }
    ],
    [
      {
        "value": "serie a"
      },
      {
        "value": 23
      },
      {
        "value": 2
      },
      {
        "value": 2
      },
      {
        "value": 0
      },
      {
        "value": 5.0
      },
      {
        "value": 0.0
      },
      {
        "value": "-"
      },
      {
        "value": "-"
      },
      {
        "value": 30
      },
      {
        "value": 2
      }
    ],
    [
      {
        "value": "serie a"
      },
      {
        "value": 2
      },
      {
        "value": 1
      },
      {
        "value": 0
      },
      {
        "value": 0
      },
      {
        "value": 0.0
      },
      {
        "value": 0.0
      },
      {
        "value": 0.0
      },
      {
        "value": 0.0
      },
      {
        "value": 2
      },
      {
        "value": 1
      }
    ],
    [
      {
        "value": "serie a"
      },
      {
        "value": 18
      },
      {
        "value": 4
      },
      {
        "value": 1
      },
      {
        "value": 0
      },
      {
        "value": 3.0
      },
      {
        "value": 0.0
      },
      {
        "value": "-"
      },
      {
        "value": "-"
      },
      {
        "value": 22
      },
      {
        "value": 4
      }
    ],
    [
      {
        "value": ""
      },
      {
        "value": 97
      },
      {
        "value": 7
      },
      {
        "value": 6
      },
      {
        "value": 1
      },
      {
        "value": 20.0
      },
      {
        "value": 0.0
      },
      {
        "value": 0.0
      },
      {
        "value": 0.0
      },
      {
        "value": 123
      },
      {
        "value": 8
      }
    ],
    [
      {
        "value": "premier league"
      },
      {
        "value": 27
      },
      {
        "value": 2
      },
      {
        "value": 3
      },
      {
        "value": 0
      },
      {
        "value": 6.0
      },
      {
        "value": 0.0
      },
      {
        "value": "-"
      },
      {
        "value": "-"
      },
      {
        "value": 36
      },
      {
        "value": 2
      }
    ],
    [
      {
        "value": "premier league"
      },
      {
        "value": 23
      },
      {
        "value": 1
      },
      {
        "value": 2
      },
      {
        "value": 0
      },
      {
        "value": 7.0
      },
      {
        "value": 0.0
      },
      {
        "value": 1.0
      },
      {
        "value": 0.0
      },
      {
        "value": 33
      },
      {
        "value": 1
      }
    ],
    [
      {
        "value": "premier league"
      },
      {
        "value": 16
      },
      {
        "value": 0
      },
      {
        "value": 4
      },
      {
        "value": 2
      },
      {
        "value": 4.0
      },
      {
        "value": 0.0
      },
      {
        "value": 0.0
      },
      {
        "value": 0.0
      },
      {
        "value": 24
      },
      {
        "value": 2
      }
    ],
    [
      {
        "value": ""
      },
      {
        "value": 66
      },
      {
        "value": 3
      },
      {
        "value": 9
      },
      {
        "value": 2
      },
      {
        "value": 17.0
      },
      {
        "value": 0.0
      },
      {
        "value": 1.0
      },
      {
        "value": 0.0
      },
      {
        "value": 93
      },
      {
        "value": 5
      }
    ],
    [
      {
        "value": ""
      },
      {
        "value": 168
      },
      {
        "value": 10
      },
      {
        "value": 29
      },
      {
        "value": 2
      },
      {
        "value": 47.0
      },
      {
        "value": 1.0
      },
      {
        "value": 2.0
      },
      {
        "value": 0.0
      },
      {
        "value": 246
      },
      {
        "value": 13
      }
    ],
    [
      {
        "value": "premier league"
      },
      {
        "value": 10
      },
      {
        "value": 0
      },
      {
        "value": 3
      },
      {
        "value": 0
      },
      {
        "value": "-"
      },
      {
        "value": "-"
      },
      {
        "value": "-"
      },
      {
        "value": "-"
      },
      {
        "value": 13
      },
      {
        "value": 0
      }
    ],
    [
      {
        "value": "la liga"
      },
      {
        "value": 8
      },
      {
        "value": 0
      },
      {
        "value": 0
      },
      {
        "value": 0
      },
      {
        "value": "-"
      },
      {
        "value": "-"
      },
      {
        "value": "-"
      },
      {
        "value": "-"
      },
      {
        "value": 8
      },
      {
        "value": 0
      }
    ],
    [
      {
        "value": "la liga"
      },
      {
        "value": 5
      },
      {
        "value": 0
      },
      {
        "value": 3
      },
      {
        "value": 0
      },
      {
        "value": "-"
      },
      {
        "value": "-"
      },
      {
        "value": "-"
      },
      {
        "value": "-"
      },
      {
        "value": 8
      },
      {
        "value": 0
      }
    ],
    [
      {
        "value": ""
      },
      {
        "value": 13
      },
      {
        "value": 0
      },
      {
        "value": 3
      },
      {
        "value": 0
      },
      {
        "value": 0.0
      },
      {
        "value": 0.0
      },
      {
        "value": 0.0
      },
      {
        "value": 0.0
      },
      {
        "value": 16
      },
      {
        "value": 0
      }
    ],
    [
      {
        "value": ""
      },
      {
        "value": 302
      },
      {
        "value": 17
      },
      {
        "value": 42
      },
      {
        "value": 3
      },
      {
        "value": 76.0
      },
      {
        "value": 1.0
      },
      {
        "value": 2.0
      },
      {
        "value": 0.0
      },
      {
        "value": 422
      },
      {
        "value": 21
      }
    ]
  ]
}