{
  "title": "year by year",
  "top_root": {
    "name": "<TOP>",
    "value": "<TOP>",
    "type": "string",
    "line_idx": null,
    "children_dict": [
      {
        "name": "regular season",
        "value": "regular season",
        "type": "string",
        "children_dict": [
          {
            "name": "finish",
            "value": "finish",
            "type": "string",
            "children_dict": [],
            "line_idx": 0
          },
          {
            "name": "gp",
            "value": "gp",
            "type": "string",
            "children_dict": [],
            "line_idx": 1
          },
          {
            "name": "w",
            "value": "w",
            "type": "string",
            "children_dict": [],
            "line_idx": 2
          },
          {
            "name": "l",
            "value": "l",
            "type": "string",
            "children_dict": [],
            "line_idx": 3
          },
          {
            "name": "t",
            "value": "t",
            "type": "string",
            "children_dict": [],
            "line_idx": 4
          },
          {
            "name": "ot",
            "value": "ot",
            "type": "string",
            "children_dict": [],
            "line_idx": 5
          },
          {
            "name": "pts",
            "value": "pts",
            "type": "string",
            "children_dict": [],
            "line_idx": 6
          },
          {
            "name": "row",
            "value": "row",
            "type": "string",
            "children_dict": [],
            "line_idx": 7
          },
          {
            "name": "gf",
            "value": "gf",
            "type": "string",
            "children_dict": [],
            "line_idx": 8
          },
          {
            "name": "ga",
            "value": "ga",
            "type": "string",
            "children_dict": [],
            "line_idx": 9
          }
        ],
        "line_idx": null
      },
      {
        "name": "postseason",
        "value": "postseason",
        "type": "string",
        "children_dict": [
          {
            "name": "gp",
            "value": "gp",
            "type": "string",
            "children_dict": [],
            "line_idx": 10
          },
          {
            "name": "w",
            "value": "w",
            "type": "string",
            "children_dict": [],
            "line_idx": 11
          },
          {
            "name": "l",
            "value": "l",
            "type": "string",
            "children_dict": [],
            "line_idx": 12
          },
          {
            "name": "gf",
            "value": "gf",
            "type": "string",
            "children_dict": [],
            "line_idx": 13
          },
          {
            "name": "ga",
            "value": "ga",
            "type": "string",
            "children_dict": [],
            "line_idx": 14
          },
          {
            "name": "result",
            "value": "result",
            "type": "string",
            "children_dict": [],
            "line_idx": 15
          }
        ],
        "line_idx": null
      }
    ]
  },
  "left_root": {
    "name": "<LEFT>",
    "value": "<LEFT>",
    "type": "string",
    "line_idx": null,
    "children_dict": [
      {
        "name": "1967-68",
        "value": "1967-68",
        "type": "string",
        "children_dict": [
          {
            "name": "-",
            "value": "-",
            "type": "string",
            "children_dict": [
              {
                "name": "west",
                "value": "west",
                "type": "string",
                "children_dict": [],
                "line_idx": 0
              }
            ],
            "line_idx": null
          }
        ],
        "line_idx": null
      },
      {
        "name": "1968-69",
        "value": "1968-69",
        "type": "string",
        "children_dict": [
          {
            "name": "-",
            "value": "-",
            "type": "string",
            "children_dict": [
              {
                "name": "west",
                "value": "west",
                "type": "string",
                "children_dict": [],
                "line_idx": 1
              }
            ],
            "line_idx": null
          }
        ],
        "line_idx": null
      },
      {
        "name": "1969-70",
        "value": "1969-70",
        "type": "string",
        "children_dict": [
          {
            "name": "-",
            "value": "-",
            "type": "string",
            "children_dict": [
              {
                "name": "west",
                "value": "west",
                "type": "string",
                "children_dict": [],
                "line_idx": 2
              }
            ],
            "line_idx": null
          }
        ],
        "line_idx": null
      },
      {
        "name": "1970-71",
        "value": "1970-71",
        "type": "string",
        "children_dict": [
          {
            "name": "-",
            "value": "-",
            "type": "string",
            "children_dict": [
              {
                "name": "west",
                "value": "west",
                "type": "string",
                "children_dict": [],
                "line_idx": 3
              }
            ],
            "line_idx": null
          }
        ],
        "line_idx": null
      },
      {
        "name": "1971-72",
        "value": "1971-72",
        "type": "string",
        "children_dict": [
          {
            "name": "-",
            "value": "-",
            "type": "string",
            "children_dict": [
              {
                "name": "west",
                "value": "west",
                "type": "string",
                "children_dict": [],
                "line_idx": 4
              }
            ],
            "line_idx": null
          }
        ],
        "line_idx": null
      },
      {
        "name": "1972-73",
        "value": "1972-73",
        "type": "string",
        "children_dict": [
          {
            "name": "-",
            "value": "-",
            "type": "string",
            "children_dict": [
              {
                "name": "west",
                "value": "west",
                "type": "string",
                "children_dict": [],
                "line_idx": 5
              }
            ],
            "line_idx": null
          }
        ],
        "line_idx": null
      },
      {
        "name": "1973-74",
        "value": "1973-74",
        "type": "string",
        "children_dict": [
          {
            "name": "-",
            "value": "-",
            "type": "string",
            "children_dict": [
              {
                "name": "west",
                "value": "west",
                "type": "string",
                "children_dict": [],
                "line_idx": 6
              }
            ],
            "line_idx": null
          }
        ],
        "line_idx": null
      },
      {
        "name": "1974-75",
        "value": "1974-75",
        "type": "string",
        "children_dict": [
          {
            "name": "campbell",
            "value": "campbell",
            "type": "string",
            "children_dict": [
              {
                "name": "patrick",
                "value": "patrick",
                "type": "string",
                "children_dict": [],
                "line_idx": 7
              }
            ],
            "line_idx": null
          }
        ],
        "line_idx": null
      },
      {
        "name": "1975-76",
        "value": "1975-76",
        "type": "string",
        "children_dict": [
          {
            "name": "campbell",
            "value": "campbell",
            "type": "string",
            "children_dict": [
              {
                "name": "patrick",
                "value": "patrick",
                "type": "string",
                "children_dict": [],
                "line_idx": 8
              }
            ],
            "line_idx": null
          }
        ],
        "line_idx": null
      },
      {
        "name": "1976-77",
        "value": "1976-77",
        "type": "string",
        "children_dict": [
          {
            "name": "campbell",
            "value": "campbell",
            "type": "string",
            "children_dict": [
              {
                "name": "patrick",
                "value": "patrick",
                "type": "string",
                "children_dict": [],
                "line_idx": 9
              }
            ],
            "line_idx": null
          }
        ],
        "line_idx": null
      },
      {
        "name": "1977-78",
        "value": "1977-78",
        "type": "string",
        "children_dict": [
          {
            "name": "campbell",
            "value": "campbell",
            "type": "string",
            "children_dict": [
              {
                "name": "patrick",
                "value": "patrick",
                "type": "string",
                "children_dict": [],
                "line_idx": 10
              }
            ],
            "line_idx": null
          }
        ],
        "line_idx": null
      },
      {
        "name": "1978-79",
        "value": "1978-79",
        "type": "string",
        "children_dict": [
          {
            "name": "campbell",
            "value": "campbell",
            "type": "string",
            "children_dict": [
              {
                "name": "patrick",
                "value": "patrick",
                "type": "string",
                "children_dict": [],
                "line_idx": 11
              }
            ],
            "line_idx": null
          }
        ],
        "line_idx": null
      },
      {
        "name": "1979-80",
        "value": "1979-80",
        "type": "string",
        "children_dict": [
          {
            "name": "campbell",
            "value": "campbell",
            "type": "string",
            "children_dict": [
              {
                "name": "patrick",
                "value": "patrick",
                "type": "string",
                "children_dict": [],
                "line_idx": 12
              }
            ],
            "line_idx": null
          }
        ],
        "line_idx": null
      },
      {
        "name": "1980-81",
        "value": "1980-81",
        "type": "string",
        "children_dict": [
          {
            "name": "campbell",
            "value": "campbell",
            "type": "string",
            "children_dict": [
              {
                "name": "patrick",
                "value": "patrick",
                "type": "string",
                "children_dict": [],
                "line_idx": 13
              }
            ],
            "line_idx": null
          }
        ],
        "line_idx": null
      },
      {
        "name": "1981-82",
        "value": "1981-82",
        "type": "string",
        "children_dict": [
          {
            "name": "wales",
            "value": "wales",
            "type": "string",
            "children_dict": [
              {
                "name": "patrick",
                "value": "patrick",
                "type": "string",
                "children_dict": [],
                "line_idx": 14
              }
            ],
            "line_idx": null
          }
        ],
        "line_idx": null
      },
      {
        "name": "1982-83",
        "value": "1982-83",
        "type": "string",
        "children_dict": [
          {
            "name": "wales",
            "value": "wales",
            "type": "string",
            "children_dict": [
              {
                "name": "patrick",
                "value": "patrick",
                "type": "string",
                "children_dict": [],
                "line_idx": 15
              }
            ],
            "line_idx": null
          }
        ],
        "line_idx": null
      },
      {
        "name": "1983-84",
        "value": "1983-84",
        "type": "string",
        "children_dict": [
          {
            "name": "wales",
            "value": "wales",
            "type": "string",
            "children_dict": [
              {
                "name": "patrick",
                "value": "patrick",
                "type": "string",
                "children_dict": [],
                "line_idx": 16
              }
            ],
            "line_idx": null
          }
        ],
        "line_idx": null
      },
      {
        "name": "1984-85",
        "value": "1984-85",
        "type": "string",
        "children_dict": [
          {
            "name": "wales",
            "value": "wales",
            "type": "string",
            "children_dict": [
              {
                "name": "patrick",
                "value": "patrick",
                "type": "string",
                "children_dict": [],
                "line_idx": 17
              }
            ],
            "line_idx": null
          }
        ],
        "line_idx": null
      },
      {
        "name": "1985-86",
        "value": "1985-86",
        "type": "string",
        "children_dict": [
          {
            "name": "wales",
            "value": "wales",
            "type": "string",
            "children_dict": [
              {
                "name": "patrick",
                "value": "patrick",
                "type": "string",
                "children_dict": [],
                "line_idx": 18
              }
            ],
            "line_idx": null
          }
        ],
        "line_idx": null
      },
      {
        "name": "1986-87",
        "value": "1986-87",
        "type": "string",
        "children_dict": [
          {
            "name": "wales",
            "value": "wales",
            "type": "string",
            "children_dict": [
              {
                "name": "patrick",
                "value": "patrick",
                "type": "string",
                "children_dict": [],
                "line_idx": 19
              }
            ],
            "line_idx": null
          }
        ],
        "line_idx": null
      },
      {
        "name": "1987-88",
        "value": "1987-88",
        "type": "string",
        "children_dict": [
          {
            "name": "wales",
            "value": "wales",
            "type": "string",
            "children_dict": [
              {
                "name": "patrick",
                "value": "patrick",
                "type": "string",
                "children_dict": [],
                "line_idx": 20
              }
            ],
            "line_idx": null
          }
        ],
        "line_idx": null
      },
      {
        "name": "1988-89",
        "value": "1988-89",
        "type": "string",
        "children_dict": [
          {
            "name": "wales",
            "value": "wales",
            "type": "string",
            "children_dict": [
              {
                "name": "patrick",
                "value": "patrick",
                "type": "string",
                "children_dict": [],
                "line_idx": 21
              }
            ],
            "line_idx": null
          }
        ],
        "line_idx": null
      },
      {
        "name": "1989-90",
        "value": "1989-90",
        "type": "string",
        "children_dict": [
          {
            "name": "wales",
            "value": "wales",
            "type": "string",
            "children_dict": [
              {
                "name": "patrick",
                "value": "patrick",
                "type": "string",
                "children_dict": [],
                "line_idx": 22
              }
            ],
            "line_idx": null
          }
        ],
        "line_idx": null
      },
      {
        "name": "1990-91",
        "value": "1990-91",
        "type": "string",
        "children_dict": [
          {
            "name": "wales",
            "value": "wales",
            "type": "string",
            "children_dict": [
              {
                "name": "patrick",
                "value": "patrick",
                "type": "string",
                "children_dict": [],
                "line_idx": 23
              }
            ],
            "line_idx": null
          }
        ],
        "line_idx": null
      },
      {
        "name": "1991-92",
        "value": "1991-92",
        "type": "string",
        "children_dict": [
          {
            "name": "wales",
            "value": "wales",
            "type": "string",
            "children_dict": [
              {
                "name": "patrick",
                "value": "patrick",
                "type": "string",
                "children_dict": [],
                "line_idx": 24
              }
            ],
            "line_idx": null
          }
        ],
        "line_idx": null
      },
      {
        "name": "1992-93",
        "value": "1992-93",
        "type": "string",
        "children_dict": [
          {
            "name": "wales",
            "value": "wales",
            "type": "string",
            "children_dict": [
              {
                "name": "patrick",
                "value": "patrick",
                "type": "string",
                "children_dict": [],
                "line_idx": 25
              }
            ],
            "line_idx": null
          }
        ],
        "line_idx": null
      },
      {
        "name": "1993-94",
        "value": "1993-94",
        "type": "string",
        "children_dict": [
          {
            "name": "eastern",
            "value": "eastern",
            "type": "string",
            "children_dict": [
              {
                "name": "atlantic",
                "value": "atlantic",
                "type": "string",
                "children_dict": [],
                "line_idx": 26
              }
            ],
            "line_idx": null
          }
        ],
        "line_idx": null
      },
      {
        "name": "1994-95",
        "value": "1994-95",
        "type": "string",
        "children_dict": [
          {
            "name": "eastern",
            "value": "eastern",
            "type": "string",
            "children_dict": [
              {
                "name": "atlantic",
                "value": "atlantic",
                "type": "string",
                "children_dict": [],
                "line_idx": 27
              }
            ],
            "line_idx": null
          }
        ],
        "line_idx": null
      },
      {
        "name": "1995-96",
        "value": "1995-96",
        "type": "string",
        "children_dict": [
          {
            "name": "eastern",
            "value": "eastern",
            "type": "string",
            "children_dict": [
              {
                "name": "atlantic",
                "value": "atlantic",
                "type": "string",
                "children_dict": [],
                "line_idx": 28
              }
            ],
            "line_idx": null
          }
        ],
        "line_idx": null
      },
      {
        "name": "1996-97",
        "value": "1996-97",
        "type": "string",
        "children_dict": [
          {
            "name": "eastern",
            "value": "eastern",
            "type": "string",
            "children_dict": [
              {
                "name": "atlantic",
                "value": "atlantic",
                "type": "string",
                "children_dict": [],
                "line_idx": 29
              }
            ],
            "line_idx": null
          }
        ],
        "line_idx": null
      },
      {
        "name": "1997-98",
        "value": "1997-98",
        "type": "string",
        "children_dict": [
          {
            "name": "eastern",
            "value": "eastern",
            "type": "string",
            "children_dict": [
              {
                "name": "atlantic",
                "value": "atlantic",
                "type": "string",
                "children_dict": [],
                "line_idx": 30
              }
            ],
            "line_idx": null
          }
        ],
        "line_idx": null
      },
      {
        "name": "1998-99",
        "value": "1998-99",
        "type": "string",
        "children_dict": [
          {
            "name": "eastern",
            "value": "eastern",
            "type": "string",
            "children_dict": [
              {
                "name": "atlantic",
                "value": "atlantic",
                "type": "string",
                "children_dict": [],
                "line_idx": 31
              }
            ],
            "line_idx": null
          }
        ],
        "line_idx": null
      },
      {
        "name": "1999-2000",
        "value": "1999-2000",
        "type": "string",
        "children_dict": [
          {
            "name": "eastern",
            "value": "eastern",
            "type": "string",
            "children_dict": [
              {
                "name": "atlantic",
                "value": "atlantic",
                "type": "string",
                "children_dict": [],
                "line_idx": 32
              }
            ],
            "line_idx": null
          }
        ],
        "line_idx": null
      },
      {
        "name": "2000-01",
        "value": "2000-01",
        "type": "string",
        "children_dict": [
          {
            "name": "eastern",
            "value": "eastern",
            "type": "string",
            "children_dict": [
              {
                "name": "atlantic",
                "value": "atlantic",
                "type": "string",
                "children_dict": [],
                "line_idx": 33
              }
            ],
            "line_idx": null
          }
        ],
        "line_idx": null
      },
      {
        "name": "2001-02",
        "value": "2001-02",
        "type": "string",
        "children_dict": [
          {
            "name": "eastern",
            "value": "eastern",
            "type": "string",
            "children_dict": [
              {
                "name": "atlantic",
                "value": "atlantic",
                "type": "string",
                "children_dict": [],
                "line_idx": 34
              }
            ],
            "line_idx": null
          }
        ],
        "line_idx": null
      },
      {
        "name": "2002-03",
        "value": "2002-03",
        "type": "string",
        "children_dict": [
          {
            "name": "eastern",
            "value": "eastern",
            "type": "string",
            "children_dict": [
              {
                "name": "atlantic",
                "value": "atlantic",
                "type": "string",
                "children_dict": [],
                "line_idx": 35
              }
            ],
            "line_idx": null
          }
        ],
        "line_idx": null
      },
      {
        "name": "2003-04",
        "value": "2003-04",
        "type": "string",
        "children_dict": [
          {
            "name": "eastern",
            "value": "eastern",
            "type": "string",
            "children_dict": [
              {
                "name": "atlantic",
                "value": "atlantic",
                "type": "string",
                "children_dict": [],
                "line_idx": 36
              }
            ],
            "line_idx": null
          }
        ],
        "line_idx": null
      },
      {
        "name": "2004-05",
        "value": "2004-05",
        "type": "string",
        "children_dict": [
          {
            "name": "eastern",
            "value": "eastern",
            "type": "string",
            "children_dict": [
              {
                "name": "atlantic",
                "value": "atlantic",
                "type": "string",
                "children_dict": [],
                "line_idx": 37
              }
            ],
            "line_idx": null
          }
        ],
        "line_idx": null
      },
      {
        "name": "2005-06",
        "value": "2005-06",
        "type": "string",
        "children_dict": [
          {
            "name": "eastern",
            "value": "eastern",
            "type": "string",
            "children_dict": [
              {
                "name": "atlantic",
                "value": "atlantic",
                "type": "string",
                "children_dict": [],
                "line_idx": 38
              }
            ],
            "line_idx": null
          }
        ],
        "line_idx": null
      },
      {
        "name": "2006-07",
        "value": "2006-07",
        "type": "string",
        "children_dict": [
          {
            "name": "eastern",
            "value": "eastern",
            "type": "string",
            "children_dict": [
              {
                "name": "atlantic",
                "value": "atlantic",
                "type": "string",
                "children_dict": [],
                "line_idx": 39
              }
            ],
            "line_idx": null
          }
        ],
        "line_idx": null
      },
      {
        "name": "2007-08",
        "value": "2007-08",
        "type": "string",
        "children_dict": [
          {
            "name": "eastern",
            "value": "eastern",
            "type": "string",
            "children_dict": [
              {
                "name": "atlantic",
                "value": "atlantic",
                "type": "string",
                "children_dict": [],
                "line_idx": 40
              }
            ],
            "line_idx": null
          }
        ],
        "line_idx": null
      },
      {
        "name": "2008-09",
        "value": "2008-09",
        "type": "string",
        "children_dict": [
          {
            "name": "eastern",
            "value": "eastern",
            "type": "string",
            "children_dict": [
              {
                "name": "atlantic",
                "value": "atlantic",
                "type": "string",
                "children_dict": [],
                "line_idx": 41
              }
            ],
            "line_idx": null
          }
        ],
        "line_idx": null
      },
      {
        "name": "2009-10",
        "value": "2009-10",
        "type": "string",
        "children_dict": [
          {
            "name": "eastern",
            "value": "eastern",
            "type": "string",
            "children_dict": [
              {
                "name": "atlantic",
                "value": "atlantic",
                "type": "string",
                "children_dict": [],
                "line_idx": 42
              }
            ],
            "line_idx": null
          }
        ],
        "line_idx": null
      },
      {
        "name": "2010-11",
        "value": "2010-11",
        "type": "string",
        "children_dict": [
          {
            "name": "eastern",
            "value": "eastern",
            "type": "string",
            "children_dict": [
              {
                "name": "atlantic",
                "value": "atlantic",
                "type": "string",
                "children_dict": [],
                "line_idx": 43
              }
            ],
            "line_idx": null
          }
        ],
        "line_idx": null
      },
      {
        "name": "2011-12",
        "value": "2011-12",
        "type": "string",
        "children_dict": [
          {
            "name": "eastern",
            "value": "eastern",
            "type": "string",
            "children_dict": [
              {
                "name": "atlantic",
                "value": "atlantic",
                "type": "string",
                "children_dict": [],
                "line_idx": 44
              }
            ],
            "line_idx": null
          }
        ],
        "line_idx": null
      },
      {
        "name": "2012-13",
        "value": "2012-13",
        "type": "string",
        "children_dict": [
          {
            "name": "eastern",
            "value": "eastern",
            "type": "string",
            "children_dict": [
              {
                "name": "atlantic",
                "value": "atlantic",
                "type": "string",
                "children_dict": [],
                "line_idx": 45
              }
            ],
            "line_idx": null
          }
        ],
        "line_idx": null
      },
      {
        "name": "2013-14",
        "value": "2013-14",
        "type": "string",
        "children_dict": [
          {
            "name": "eastern",
            "value": "eastern",
            "type": "string",
            "children_dict": [
              {
                "name": "metropolitan",
                "value": "metropolitan",
                "type": "string",
                "children_dict": [],
                "line_idx": 46
              }
            ],
            "line_idx": null
          }
        ],
        "line_idx": null
      },
      {
        "name": "2014-15",
        "value": "2014-15",
        "type": "string",
        "children_dict": [
          {
            "name": "eastern",
            "value": "eastern",
            "type": "string",
            "children_dict": [
              {
                "name": "metropolitan",
                "value": "metropolitan",
                "type": "string",
                "children_dict": [],
                "line_idx": 47
              }
            ],
            "line_idx": null
          }
        ],
        "line_idx": null
      },
      {
        "name": "2015-16",
        "value": "2015-16",
        "type": "string",
        "children_dict": [
          {
            "name": "eastern",
            "value": "eastern",
            "type": "string",
            "children_dict": [
              {
                "name": "metropolitan",
                "value": "metropolitan",
                "type": "string",
                "children_dict": [],
                "line_idx": 48
              }
            ],
            "line_idx": null
          }
        ],
        "line_idx": null
      },
      {
        "name": "2016-17",
        "value": "2016-17",
        "type": "string",
        "children_dict": [
          {
            "name": "eastern",
            "value": "eastern",
            "type": "string",
            "children_dict": [
              {
                "name": "metropolitan",
                "value": "metropolitan",
                "type": "string",
                "children_dict": [],
                "line_idx": 49
              }
            ],
            "line_idx": null
          }
        ],
        "line_idx": null
      },
      {
        "name": "2017-18",
        "value": "2017-18",
        "type": "string",
        "children_dict": [
          {
            "name": "eastern",
            "value": "eastern",
            "type": "string",
            "children_dict": [
              {
                "name": "metropolitan",
                "value": "metropolitan",
                "type": "string",
                "children_dict": [],
                "line_idx": 50
              }
            ],
            "line_idx": null
          }
        ],
        "line_idx": null
      },
      {
        "name": "2018-19",
        "value": "2018-19",
        "type": "string",
        "children_dict": [
          {
            "name": "eastern",
            "value": "eastern",
            "type": "string",
            "children_dict": [
              {
                "name": "metropolitan",
                "value": "metropolitan",
                "type": "string",
                "children_dict": [],
                "line_idx": 51
              }
            ],
            "line_idx": null
          }
        ],
        "line_idx": null
      },
      {
        "name": "totals",
        "value": "totals",
        "type": "string",
        "children_dict": [],
        "line_idx": 52
      }
    ]
  },
  "data": [
    [
      {
        "value": "1st"
      },
      {
        "value": 74.0
      },
      {
        "value": 31.0
      },
      {
        "value": 32.0
      },
      {
        "value": 11.0
      },
      {
        "value": "-"
      },
      {
        "value": 73.0
      },
      {
        "value": "-"
      },
      {
        "value": 173.0
      },
      {
        "value": 179.0
      },
      {
        "value": 7.0
      },
      {
        "value": 3.0
      },
      {
        "value": 4.0
      },
      {
        "value": 17.0
      },
      {
        "value": 17.0
      },
      {
        "value": "lost quarterfinals to st. louis blues, 3-4"
      }
    ],
    [
      {
        "value": "3rd"
      },
      {
        "value": 76.0
      },
      {
        "value": 20.0
      },
      {
        "value": 35.0
      },
      {
        "value": 21.0
      },
      {
        "value": "-"
      },
      {
        "value": 61.0
      },
      {
        "value": "-"
      },
      {
        "value": 174.0
      },
      {
        "value": 225.0
      },
      {
        "value": 4.0
      },
      {
        "value": 0.0
      },
      {
        "value": 4.0
      },
      {
        "value": 3.0
      },
      {
        "value": 17.0
      },
      {
        "value": "lost quarterfinals to st. louis blues, 0-4"
      }
    ],
    [
      {
        "value": "5th"
      },
      {
        "value": 76.0
      },
      {
        "value": 17.0
      },
      {
        "value": 35.0
      },
      {
        "value": 24.0
      },
      {
        "value": "-"
      },
      {
        "value": 58.0
      },
      {
        "value": "-"
      },
      {
        "value": 197.0
      },
      {
        "value": 225.0
      },
      {
        "value": "-"
      },
      {
        "value": "-"
      },
      {
        "value": "-"
      },
      {
        "value": "-"
      },
      {
        "value": "-"
      },
      {
        "value": "did not qualify"
      }
    ],
    [
      {
        "value": "3rd"
      },
      {
        "value": 78.0
      },
      {
        "value": 28.0
      },
      {
        "value": 33.0
      },
      {
        "value": 17.0
      },
      {
        "value": "-"
      },
      {
        "value": 73.0
      },
      {
        "value": "-"
      },
      {
        "value": 207.0
      },
      {
        "value": 225.0
      },
      {
        "value": 4.0
      },
      {
        "value": 0.0
      },
      {
        "value": 4.0
      },
      {
        "value": 8.0
      },
      {
        "value": 20.0
      },
      {
        "value": "lost quarterfinals to chicago black hawks, 0-4"
      }
    ],
    [
      {
        "value": "5th"
      },
      {
        "value": 78.0
      },
      {
        "value": 26.0
      },
      {
        "value": 38.0
      },
      {
        "value": 14.0
      },
      {
        "value": "-"
      },
      {
        "value": 66.0
      },
      {
        "value": "-"
      },
      {
        "value": 200.0
      },
      {
        "value": 236.0
      },
      {
        "value": "-"
      },
      {
        "value": "-"
      },
      {
        "value": "-"
      },
      {
        "value": "-"
      },
      {
        "value": "-"
      },
      {
        "value": "did not qualify"
      }
    ],
    [
      {
        "value": "2nd"
      },
      {
        "value": 78.0
      },
      {
        "value": 37.0
      },
      {
        "value": 30.0
      },
      {
        "value": 11.0
      },
      {
        "value": "-"
      },
      {
        "value": 85.0
      },
      {
        "value": "-"
      },
      {
        "value": 296.0
      },
      {
        "value": 256.0
      },
      {
        "value": 11.0
      },
      {
        "value": 5.0
      },
      {
        "value": 6.0
      },
      {
        "value": 27.0
      },
      {
        "value": 31.0
      },
      {
        "value": "won quarterfinals vs. minnesota north stars, 4-2 lost semifinals to montreal canadiens, 1-4"
      }
    ],
    [
      {
        "value": "1st"
      },
      {
        "value": 78.0
      },
      {
        "value": 50.0
      },
      {
        "value": 16.0
      },
      {
        "value": 12.0
      },
      {
        "value": "-"
      },
      {
        "value": 112.0
      },
      {
        "value": "-"
      },
      {
        "value": 273.0
      },
      {
        "value": 164.0
      },
      {
        "value": 17.0
      },
      {
        "value": 12.0
      },
      {
        "value": 5.0
      },
      {
        "value": 54.0
      },
      {
        "value": 36.0
      },
      {
        "value": "won quarterfinals vs. atlanta flames, 4-0 won semifinals vs"
      }
    ],
    [
      {
        "value": "1st"
      },
      {
        "value": 80.0
      },
      {
        "value": 51.0
      },
      {
        "value": 18.0
      },
      {
        "value": 11.0
      },
      {
        "value": "-"
      },
      {
        "value": 113.0
      },
      {
        "value": "-"
      },
      {
        "value": 293.0
      },
      {
        "value": 181.0
      },
      {
        "value": 17.0
      },
      {
        "value": 12.0
      },
      {
        "value": 5.0
      },
      {
        "value": 53.0
      },
      {
        "value": 34.0
      },
      {
        "value": "won quarterfinals vs. toronto maple leafs, 4-0 won semifinals vs"
      }
    ],
    [
      {
        "value": "1st"
      },
      {
        "value": 80.0
      },
      {
        "value": 51.0
      },
      {
        "value": 13.0
      },
      {
        "value": 16.0
      },
      {
        "value": "-"
      },
      {
        "value": 118.0
      },
      {
        "value": "-"
      },
      {
        "value": 348.0
      },
      {
        "value": 209.0
      },
      {
        "value": 16.0
      },
      {
        "value": 8.0
      },
      {
        "value": 8.0
      },
      {
        "value": 56.0
      },
      {
        "value": 52.0
      },
      {
        "value": "won quarterfinals vs. toronto maple leafs, 4-3 won semifinals vs"
      }
    ],
    [
      {
        "value": "1st"
      },
      {
        "value": 80.0
      },
      {
        "value": 48.0
      },
      {
        "value": 16.0
      },
      {
        "value": 16.0
      },
      {
        "value": "-"
      },
      {
        "value": 112.0
      },
      {
        "value": "-"
      },
      {
        "value": 323.0
      },
      {
        "value": 213.0
      },
      {
        "value": 10.0
      },
      {
        "value": 4.0
      },
      {
        "value": 6.0
      },
      {
        "value": 27.0
      },
      {
        "value": 32.0
      },
      {
        "value": "won quarterfinals vs. toronto maple leafs, 4-2 lost semifinals to boston bruins, 0-4"
      }
    ],
    [
      {
        "value": "2nd"
      },
      {
        "value": 80.0
      },
      {
        "value": 45.0
      },
      {
        "value": 20.0
      },
      {
        "value": 15.0
      },
      {
        "value": "-"
      },
      {
        "value": 105.0
      },
      {
        "value": "-"
      },
      {
        "value": 296.0
      },
      {
        "value": 200.0
      },
      {
        "value": 12.0
      },
      {
        "value": 7.0
      },
      {
        "value": 5.0
      },
      {
        "value": 37.0
      },
      {
        "value": 35.0
      },
      {
        "value": "won preliminary round vs. colorado rockies, 2-0 won quarterfinals vs. buffalo sabres, 4-1 lost semifinals to boston bruins, 1-4"
      }
    ],
    [
      {
        "value": "2nd"
      },
      {
        "value": 80.0
      },
      {
        "value": 40.0
      },
      {
        "value": 25.0
      },
      {
        "value": 15.0
      },
      {
        "value": "-"
      },
      {
        "value": 95.0
      },
      {
        "value": "-"
      },
      {
        "value": 281.0
      },
      {
        "value": 248.0
      },
      {
        "value": 8.0
      },
      {
        "value": 3.0
      },
      {
        "value": 5.0
      },
      {
        "value": 23.0
      },
      {
        "value": 37.0
      },
      {
        "value": "won preliminary round vs. vancouver canucks, 2-1 lost quarterfinals to new york rangers, 1-4"
      }
    ],
    [
      {
        "value": "1st"
      },
      {
        "value": 80.0
      },
      {
        "value": 48.0
      },
      {
        "value": 12.0
      },
      {
        "value": 20.0
      },
      {
        "value": "-"
      },
      {
        "value": 116.0
      },
      {
        "value": "-"
      },
      {
        "value": 327.0
      },
      {
        "value": 254.0
      },
      {
        "value": 19.0
      },
      {
        "value": 13.0
      },
      {
        "value": 6.0
      },
      {
        "value": 78.0
      },
      {
        "value": 53.0
      },
      {
        "value": "won preliminary round vs. edmonton oilers, 3-0 won quarterfinals vs"
      }
    ],
    [
      {
        "value": "2nd"
      },
      {
        "value": 80.0
      },
      {
        "value": 41.0
      },
      {
        "value": 24.0
      },
      {
        "value": 15.0
      },
      {
        "value": "-"
      },
      {
        "value": 97.0
      },
      {
        "value": "-"
      },
      {
        "value": 313.0
      },
      {
        "value": 249.0
      },
      {
        "value": 12.0
      },
      {
        "value": 6.0
      },
      {
        "value": 6.0
      },
      {
        "value": 48.0
      },
      {
        "value": 39.0
      },
      {
        "value": "won preliminary round vs. quebec nordiques, 3-2 lost quarterfinals to calgary flames, 3-4"
      }
    ],
    [
      {
        "value": "3rd"
      },
      {
        "value": 80.0
      },
      {
        "value": 38.0
      },
      {
        "value": 31.0
      },
      {
        "value": 11.0
      },
      {
        "value": "-"
      },
      {
        "value": 87.0
      },
      {
        "value": "-"
      },
      {
        "value": 325.0
      },
      {
        "value": 313.0
      },
      {
        "value": 4.0
      },
      {
        "value": 1.0
      },
      {
        "value": 3.0
      },
      {
        "value": 15.0
      },
      {
        "value": 19.0
      },
      {
        "value": "lost division semifinals to new york rangers, 1-3"
      }
    ],
    [
      {
        "value": "1st"
      },
      {
        "value": 80.0
      },
      {
        "value": 49.0
      },
      {
        "value": 23.0
      },
      {
        "value": 8.0
      },
      {
        "value": "-"
      },
      {
        "value": 106.0
      },
      {
        "value": "-"
      },
      {
        "value": 326.0
      },
      {
        "value": 240.0
      },
      {
        "value": 3.0
      },
      {
        "value": 0.0
      },
      {
        "value": 3.0
      },
      {
        "value": 9.0
      },
      {
        "value": 18.0
      },
      {
        "value": "lost division semifinals to new york rangers, 0-3"
      }
    ],
    [
      {
        "value": "3rd"
      },
      {
        "value": 80.0
      },
      {
        "value": 44.0
      },
      {
        "value": 26.0
      },
      {
        "value": 10.0
      },
      {
        "value": "-"
      },
      {
        "value": 98.0
      },
      {
        "value": "-"
      },
      {
        "value": 350.0
      },
      {
        "value": 290.0
      },
      {
        "value": 3.0
      },
      {
        "value": 0.0
      },
      {
        "value": 3.0
      },
      {
        "value": 5.0
      },
      {
        "value": 15.0
      },
      {
        "value": "lost division semifinals to washington capitals, 0-3"
      }
    ],
    [
      {
        "value": "1st"
      },
      {
        "value": 80.0
      },
      {
        "value": 53.0
      },
      {
        "value": 20.0
      },
      {
        "value": 7.0
      },
      {
        "value": "-"
      },
      {
        "value": 113.0
      },
      {
        "value": "-"
      },
      {
        "value": 348.0
      },
      {
        "value": 241.0
      },
      {
        "value": 19.0
      },
      {
        "value": 12.0
      },
      {
        "value": 7.0
      },
      {
        "value": 60.0
      },
      {
        "value": 54.0
      },
      {
        "value": "won division semifinals vs. new york rangers, 3-0 won division finals vs"
      }
    ],
    [
      {
        "value": "1st"
      },
      {
        "value": 80.0
      },
      {
        "value": 53.0
      },
      {
        "value": 23.0
      },
      {
        "value": 4.0
      },
      {
        "value": "-"
      },
      {
        "value": 110.0
      },
      {
        "value": "-"
      },
      {
        "value": 335.0
      },
      {
        "value": 241.0
      },
      {
        "value": 5.0
      },
      {
        "value": 2.0
      },
      {
        "value": 3.0
      },
      {
        "value": 15.0
      },
      {
        "value": 18.0
      },
      {
        "value": "lost division semifinals to new york rangers, 2-3"
      }
    ],
    [
      {
        "value": "1st"
      },
      {
        "value": 80.0
      },
      {
        "value": 46.0
      },
      {
        "value": 26.0
      },
      {
        "value": 8.0
      },
      {
        "value": "-"
      },
      {
        "value": 100.0
      },
      {
        "value": "-"
      },
      {
        "value": 310.0
      },
      {
        "value": 245.0
      },
      {
        "value": 26.0
      },
      {
        "value": 15.0
      },
      {
        "value": 11.0
      },
      {
        "value": 85.0
      },
      {
        "value": 73.0
      },
      {
        "value": "won division semifinals vs. new york rangers, 4-2 won division finals vs"
      }
    ],
    [
      {
        "value": "3rd"
      },
      {
        "value": 80.0
      },
      {
        "value": 38.0
      },
      {
        "value": 33.0
      },
      {
        "value": 9.0
      },
      {
        "value": "-"
      },
      {
        "value": 85.0
      },
      {
        "value": "-"
      },
      {
        "value": 292.0
      },
      {
        "value": 292.0
      },
      {
        "value": 7.0
      },
      {
        "value": 3.0
      },
      {
        "value": 4.0
      },
      {
        "value": 25.0
      },
      {
        "value": 31.0
      },
      {
        "value": "lost division semifinals to washington capitals, 3-4"
      }
    ],
    [
      {
        "value": "4th"
      },
      {
        "value": 80.0
      },
      {
        "value": 36.0
      },
      {
        "value": 36.0
      },
      {
        "value": 8.0
      },
      {
        "value": "-"
      },
      {
        "value": 80.0
      },
      {
        "value": "-"
      },
      {
        "value": 307.0
      },
      {
        "value": 285.0
      },
      {
        "value": 19.0
      },
      {
        "value": 10.0
      },
      {
        "value": 9.0
      },
      {
        "value": 64.0
      },
      {
        "value": 60.0
      },
      {
        "value": "won division semifinals vs. washington capitals, 4-2 won division finals vs"
      }
    ],
    [
      {
        "value": "6th"
      },
      {
        "value": 80.0
      },
      {
        "value": 30.0
      },
      {
        "value": 39.0
      },
      {
        "value": 11.0
      },
      {
        "value": "-"
      },
      {
        "value": 71.0
      },
      {
        "value": "-"
      },
      {
        "value": 290.0
      },
      {
        "value": 297.0
      },
      {
        "value": "-"
      },
      {
        "value": "-"
      },
      {
        "value": "-"
      },
      {
        "value": "-"
      },
      {
        "value": "-"
      },
      {
        "value": "did not qualify"
      }
    ],
    [
      {
        "value": "5th"
      },
      {
        "value": 80.0
      },
      {
        "value": 33.0
      },
      {
        "value": 37.0
      },
      {
        "value": 10.0
      },
      {
        "value": "-"
      },
      {
        "value": 76.0
      },
      {
        "value": "-"
      },
      {
        "value": 252.0
      },
      {
        "value": 267.0
      },
      {
        "value": "-"
      },
      {
        "value": "-"
      },
      {
        "value": "-"
      },
      {
        "value": "-"
      },
      {
        "value": "-"
      },
      {
        "value": "did not qualify"
      }
    ],
    [
      {
        "value": "6th"
      },
      {
        "value": 80.0
      },
      {
        "value": 32.0
      },
      {
        "value": 37.0
      },
      {
        "value": 11.0
      },
      {
        "value": "-"
      },
      {
        "value": 75.0
      },
      {
        "value": "-"
      },
      {
        "value": 252.0
      },
      {
        "value": 273.0
      },
      {
        "value": "-"
      },
      {
        "value": "-"
      },
      {
        "value": "-"
      },
      {
        "value": "-"
      },
      {
        "value": "-"
      },
      {
        "value": "did not qualify"
      }
    ],
    [
      {
        "value": "5th"
      },
      {
        "value": 84.0
      },
      {
        "value": 36.0
      },
      {
        "value": 37.0
      },
      {
        "value": 11.0
      },
      {
        "value": "-"
      },
      {
        "value": 83.0
      },
      {
        "value": "-"
      },
      {
        "value": 319.0
      },
      {
        "value": 319.0
      },
      {
        "value": "-"
      },
      {
        "value": "-"
      },
      {
        "value": "-"
      },
      {
        "value": "-"
      },
      {
        "value": "-"
      },
      {
        "value": "did not qualify"
      }
    ],
    [
      {
        "value": "6th"
      },
      {
        "value": 84.0
      },
      {
        "value": 35.0
      },
      {
        "value": 39.0
      },
      {
        "value": 10.0
      },
      {
        "value": "-"
      },
      {
        "value": 80.0
      },
      {
        "value": "-"
      },
      {
        "value": 294.0
      },
      {
        "value": 314.0
      },
      {
        "value": "-"
      },
      {
        "value": "-"
      },
      {
        "value": "-"
      },
      {
        "value": "-"
      },
      {
        "value": "-"
      },
      {
        "value": "did not qualify"
      }
    ],
    [
      {
        "value": "1st"
      },
      {
        "value": 48.0
      },
      {
        "value": 28.0
      },
      {
        "value": 16.0
      },
      {
        "value": 4.0
      },
      {
        "value": "-"
      },
      {
        "value": 60.0
      },
      {
        "value": "-"
      },
      {
        "value": 150.0
      },
      {
        "value": 132.0
      },
      {
        "value": 15.0
      },
      {
        "value": 10.0
      },
      {
        "value": 5.0
      },
      {
        "value": 50.0
      },
      {
        "value": 43.0
      },
      {
        "value": "won conference quarterfinals vs. buffalo sabres, 4-1 won conference semifinals vs"
      }
    ],
    [
      {
        "value": "1st"
      },
      {
        "value": 82.0
      },
      {
        "value": 45.0
      },
      {
        "value": 24.0
      },
      {
        "value": 13.0
      },
      {
        "value": "-"
      },
      {
        "value": 103.0
      },
      {
        "value": "-"
      },
      {
        "value": 282.0
      },
      {
        "value": 208.0
      },
      {
        "value": 12.0
      },
      {
        "value": 6.0
      },
      {
        "value": 6.0
      },
      {
        "value": 37.0
      },
      {
        "value": 28.0
      },
      {
        "value": "won conference quarterfinals vs. tampa bay lightning, 4-2 lost conference semifinals to florida panthers, 2-4"
      }
    ],
    [
      {
        "value": "2nd"
      },
      {
        "value": 82.0
      },
      {
        "value": 45.0
      },
      {
        "value": 24.0
      },
      {
        "value": 13.0
      },
      {
        "value": "-"
      },
      {
        "value": 103.0
      },
      {
        "value": "-"
      },
      {
        "value": 274.0
      },
      {
        "value": 217.0
      },
      {
        "value": 19.0
      },
      {
        "value": 12.0
      },
      {
        "value": 7.0
      },
      {
        "value": 67.0
      },
      {
        "value": 49.0
      },
      {
        "value": "won conference quarterfinals vs. pittsburgh penguins, 4-1 won conference semifinals vs"
      }
    ],
    [
      {
        "value": "2nd"
      },
      {
        "value": 82.0
      },
      {
        "value": 42.0
      },
      {
        "value": 29.0
      },
      {
        "value": 11.0
      },
      {
        "value": "-"
      },
      {
        "value": 95.0
      },
      {
        "value": "-"
      },
      {
        "value": 242.0
      },
      {
        "value": 193.0
      },
      {
        "value": 5.0
      },
      {
        "value": 1.0
      },
      {
        "value": 4.0
      },
      {
        "value": 9.0
      },
      {
        "value": 18.0
      },
      {
        "value": "lost conference quarterfinals to buffalo sabres, 1-4"
      }
    ],
    [
      {
        "value": "2nd"
      },
      {
        "value": 82.0
      },
      {
        "value": 37.0
      },
      {
        "value": 26.0
      },
      {
        "value": 19.0
      },
      {
        "value": "-"
      },
      {
        "value": 93.0
      },
      {
        "value": "-"
      },
      {
        "value": 231.0
      },
      {
        "value": 196.0
      },
      {
        "value": 6.0
      },
      {
        "value": 2.0
      },
      {
        "value": 4.0
      },
      {
        "value": 11.0
      },
      {
        "value": 9.0
      },
      {
        "value": "lost conference quarterfinals to toronto maple leafs, 2-4"
      }
    ],
    [
      {
        "value": "1st"
      },
      {
        "value": 82.0
      },
      {
        "value": 45.0
      },
      {
        "value": 22.0
      },
      {
        "value": 12.0
      },
      {
        "value": 3.0
      },
      {
        "value": 105.0
      },
      {
        "value": "-"
      },
      {
        "value": 237.0
      },
      {
        "value": 179.0
      },
      {
        "value": 18.0
      },
      {
        "value": 11.0
      },
      {
        "value": 7.0
      },
      {
        "value": 44.0
      },
      {
        "value": 40.0
      },
      {
        "value": "won conference quarterfinals vs. buffalo sabres, 4-1 won conference semifinals vs"
      }
    ],
    [
      {
        "value": "2nd"
      },
      {
        "value": 82.0
      },
      {
        "value": 43.0
      },
      {
        "value": 25.0
      },
      {
        "value": 11.0
      },
      {
        "value": 3.0
      },
      {
        "value": 100.0
      },
      {
        "value": "-"
      },
      {
        "value": 240.0
      },
      {
        "value": 207.0
      },
      {
        "value": 6.0
      },
      {
        "value": 2.0
      },
      {
        "value": 4.0
      },
      {
        "value": 13.0
      },
      {
        "value": 21.0
      },
      {
        "value": "lost conference quarterfinals to buffalo sabres, 2-4"
      }
    ],
    [
      {
        "value": "1st"
      },
      {
        "value": 82.0
      },
      {
        "value": 42.0
      },
      {
        "value": 27.0
      },
      {
        "value": 10.0
      },
      {
        "value": 3.0
      },
      {
        "value": 97.0
      },
      {
        "value": "-"
      },
      {
        "value": 234.0
      },
      {
        "value": 192.0
      },
      {
        "value": 5.0
      },
      {
        "value": 1.0
      },
      {
        "value": 4.0
      },
      {
        "value": 2.0
      },
      {
        "value": 11.0
      },
      {
        "value": "lost conference quarterfinals to ottawa senators, 1-4"
      }
    ],
    [
      {
        "value": "2nd"
      },
      {
        "value": 82.0
      },
      {
        "value": 45.0
      },
      {
        "value": 20.0
      },
      {
        "value": 13.0
      },
      {
        "value": 4.0
      },
      {
        "value": 107.0
      },
      {
        "value": "-"
      },
      {
        "value": 211.0
      },
      {
        "value": 166.0
      },
      {
        "value": 13.0
      },
      {
        "value": 6.0
      },
      {
        "value": 7.0
      },
      {
        "value": 34.0
      },
      {
        "value": 33.0
      },
      {
        "value": "won conference quarterfinals vs. toronto maple leafs, 4-3 lost conference semifinals to ottawa senators, 2-4"
      }
    ],
    [
      {
        "value": "1st"
      },
      {
        "value": 82.0
      },
      {
        "value": 40.0
      },
      {
        "value": 21.0
      },
      {
        "value": 15.0
      },
      {
        "value": 6.0
      },
      {
        "value": 101.0
      },
      {
        "value": "-"
      },
      {
        "value": 229.0
      },
      {
        "value": 186.0
      },
      {
        "value": 18.0
      },
      {
        "value": 11.0
      },
      {
        "value": 7.0
      },
      {
        "value": 50.0
      },
      {
        "value": 43.0
      },
      {
        "value": "won conference quarterfinals vs. new jersey devils, 4-1 won conference semifinals vs"
      }
    ],
    [
      {
        "value": "-"
      },
      {
        "value": "-"
      },
      {
        "value": "-"
      },
      {
        "value": "-"
      },
      {
        "value": "-"
      },
      {
        "value": "-"
      },
      {
        "value": "-"
      },
      {
        "value": "-"
      },
      {
        "value": "-"
      },
      {
        "value": "-"
      },
      {
        "value": "-"
      },
      {
        "value": "-"
      },
      {
        "value": "-"
      },
      {
        "value": "-"
      },
      {
        "value": "-"
      },
      {
        "value": "no playoffs due to lockout"
      }
    ],
    [
      {
        "value": "2nd"
      },
      {
        "value": 82.0
      },
      {
        "value": 45.0
      },
      {
        "value": 26.0
      },
      {
        "value": "-"
      },
      {
        "value": 11.0
      },
      {
        "value": 101.0
      },
      {
        "value": "-"
      },
      {
        "value": 267.0
      },
      {
        "value": 259.0
      },
      {
        "value": 6.0
      },
      {
        "value": 2.0
      },
      {
        "value": 4.0
      },
      {
        "value": 14.0
      },
      {
        "value": 27.0
      },
      {
        "value": "lost conference quarterfinals to buffalo sabres, 2-4"
      }
    ],
    [
      {
        "value": "5th"
      },
      {
        "value": 82.0
      },
      {
        "value": 22.0
      },
      {
        "value": 48.0
      },
      {
        "value": "-"
      },
      {
        "value": 12.0
      },
      {
        "value": 56.0
      },
      {
        "value": "-"
      },
      {
        "value": 214.0
      },
      {
        "value": 303.0
      },
      {
        "value": "-"
      },
      {
        "value": "-"
      },
      {
        "value": "-"
      },
      {
        "value": "-"
      },
      {
        "value": "-"
      },
      {
        "value": "did not qualify"
      }
    ],
    [
      {
        "value": "4th"
      },
      {
        "value": 82.0
      },
      {
        "value": 42.0
      },
      {
        "value": 29.0
      },
      {
        "value": "-"
      },
      {
        "value": 11.0
      },
      {
        "value": 95.0
      },
      {
        "value": "-"
      },
      {
        "value": 248.0
      },
      {
        "value": 233.0
      },
      {
        "value": 17.0
      },
      {
        "value": 9.0
      },
      {
        "value": 8.0
      },
      {
        "value": 52.0
      },
      {
        "value": 52.0
      },
      {
        "value": "won conference quarterfinals vs. washington capitals, 4-3 won conference semifinals vs"
      }
    ],
    [
      {
        "value": "3rd"
      },
      {
        "value": 82.0
      },
      {
        "value": 44.0
      },
      {
        "value": 27.0
      },
      {
        "value": "-"
      },
      {
        "value": 11.0
      },
      {
        "value": 99.0
      },
      {
        "value": "-"
      },
      {
        "value": 264.0
      },
      {
        "value": 238.0
      },
      {
        "value": 6.0
      },
      {
        "value": 2.0
      },
      {
        "value": 4.0
      },
      {
        "value": 16.0
      },
      {
        "value": 16.0
      },
      {
        "value": "lost conference quarterfinals to pittsburgh penguins, 2-4"
      }
    ],
    [
      {
        "value": "3rd"
      },
      {
        "value": 82.0
      },
      {
        "value": 41.0
      },
      {
        "value": 35.0
      },
      {
        "value": "-"
      },
      {
        "value": 6.0
      },
      {
        "value": 88.0
      },
      {
        "value": "-"
      },
      {
        "value": 235.0
      },
      {
        "value": 225.0
      },
      {
        "value": 23.0
      },
      {
        "value": 14.0
      },
      {
        "value": 9.0
      },
      {
        "value": 76.0
      },
      {
        "value": 61.0
      },
      {
        "value": "won conference quarterfinals vs. new jersey devils, 4-1 won conference semifinals vs"
      }
    ],
    [
      {
        "value": "1st"
      },
      {
        "value": 82.0
      },
      {
        "value": 47.0
      },
      {
        "value": 23.0
      },
      {
        "value": "-"
      },
      {
        "value": 12.0
      },
      {
        "value": 106.0
      },
      {
        "value": 44.0
      },
      {
        "value": 259.0
      },
      {
        "value": 223.0
      },
      {
        "value": 11.0
      },
      {
        "value": 4.0
      },
      {
        "value": 7.0
      },
      {
        "value": 29.0
      },
      {
        "value": 38.0
      },
      {
        "value": "won conference quarterfinals vs. buffalo sabres, 4-3 lost conference semifinals to boston bruins, 0-4"
      }
    ],
    [
      {
        "value": "3rd"
      },
      {
        "value": 82.0
      },
      {
        "value": 47.0
      },
      {
        "value": 26.0
      },
      {
        "value": "-"
      },
      {
        "value": 9.0
      },
      {
        "value": 103.0
      },
      {
        "value": 43.0
      },
      {
        "value": 264.0
      },
      {
        "value": 232.0
      },
      {
        "value": 11.0
      },
      {
        "value": 5.0
      },
      {
        "value": 6.0
      },
      {
        "value": 41.0
      },
      {
        "value": 44.0
      },
      {
        "value": "won conference quarterfinals vs. pittsburgh penguins, 4-2 lost conference semifinals to new jersey devils, 1-4"
      }
    ],
    [
      {
        "value": "4th"
      },
      {
        "value": 48.0
      },
      {
        "value": 23.0
      },
      {
        "value": 22.0
      },
      {
        "value": "-"
      },
      {
        "value": 3.0
      },
      {
        "value": 49.0
      },
      {
        "value": 22.0
      },
      {
        "value": 133.0
      },
      {
        "value": 141.0
      },
      {
        "value": "-"
      },
      {
        "value": "-"
      },
      {
        "value": "-"
      },
      {
        "value": "-"
      },
      {
        "value": "-"
      },
      {
        "value": "did not qualify"
      }
    ],
    [
      {
        "value": "3rd"
      },
      {
        "value": 82.0
      },
      {
        "value": 42.0
      },
      {
        "value": 30.0
      },
      {
        "value": "-"
      },
      {
        "value": 10.0
      },
      {
        "value": 94.0
      },
      {
        "value": 39.0
      },
      {
        "value": 236.0
      },
      {
        "value": 235.0
      },
      {
        "value": 7.0
      },
      {
        "value": 3.0
      },
      {
        "value": 4.0
      },
      {
        "value": 16.0
      },
      {
        "value": 19.0
      },
      {
        "value": "lost first round to new york rangers, 3-4"
      }
    ],
    [
      {
        "value": "6th"
      },
      {
        "value": 82.0
      },
      {
        "value": 33.0
      },
      {
        "value": 31.0
      },
      {
        "value": "-"
      },
      {
        "value": 18.0
      },
      {
        "value": 84.0
      },
      {
        "value": 30.0
      },
      {
        "value": 215.0
      },
      {
        "value": 234.0
      },
      {
        "value": "-"
      },
      {
        "value": "-"
      },
      {
        "value": "-"
      },
      {
        "value": "-"
      },
      {
        "value": "-"
      },
      {
        "value": "did not qualify"
      }
    ],
    [
      {
        "value": "5th"
      },
      {
        "value": 82.0
      },
      {
        "value": 41.0
      },
      {
        "value": 27.0
      },
      {
        "value": "-"
      },
      {
        "value": 14.0
      },
      {
        "value": 96.0
      },
      {
        "value": 38.0
      },
      {
        "value": 214.0
      },
      {
        "value": 218.0
      },
      {
        "value": 6.0
      },
      {
        "value": 2.0
      },
      {
        "value": 4.0
      },
      {
        "value": 6.0
      },
      {
        "value": 14.0
      },
      {
        "value": "lost first round to washington capitals, 2-4"
      }
    ],
    [
      {
        "value": "6th"
      },
      {
        "value": 82.0
      },
      {
        "value": 39.0
      },
      {
        "value": 33.0
      },
      {
        "value": "-"
      },
      {
        "value": 10.0
      },
      {
        "value": 88.0
      },
      {
        "value": 32.0
      },
      {
        "value": 219.0
      },
      {
        "value": 236.0
      },
      {
        "value": "-"
      },
      {
        "value": "-"
      },
      {
        "value": "-"
      },
      {
        "value": "-"
      },
      {
        "value": "-"
      },
      {
        "value": "did not qualify"
      }
    ],
    [
      {
        "value": "3rd"
      },
      {
        "value": 82.0
      },
      {
        "value": 42.0
      },
      {
        "value": 26.0
      },
      {
        "value": "-"
      },
      {
        "value": 14.0
      },
      {
        "value": 98.0
      },
      {
        "value": 40.0
      },
      {
        "value": 251.0
      },
      {
        "value": 243.0
      },
      {
        "value": 6.0
      },
      {
        "value": 2.0
      },
      {
        "value": 4.0
      },
      {
        "value": 15.0
      },
      {
        "value": 28.0
      },
      {
        "value": "lost first round to pittsburgh penguins, 2-4"
      }
    ],
    [
      {
        "value": "6th"
      },
      {
        "value": 82.0
      },
      {
        "value": 37.0
      },
      {
        "value": 37.0
      },
      {
        "value": "-"
      },
      {
        "value": 8.0
      },
      {
        "value": 82.0
      },
      {
        "value": 34.0
      },
      {
        "value": 244.0
      },
      {
        "value": 281.0
      },
      {
        "value": "-"
      },
      {
        "value": "-"
      },
      {
        "value": "-"
      },
      {
        "value": "-"
      },
      {
        "value": "-"
      },
      {
        "value": "did not qualify"
      }
    ],
    [
      {
        "value": ""
      },
      {
        "value": 4046.0
      },
      {
        "value": 2013.0
      },
      {
        "value": 1408.0
      },
      {
        "value": 457.0
      },
      {
        "value": 168.0
      },
      {
        "value": 4651.0
      },
      {
        "value": 322.0
      },
      {
        "value": 13289.0
      },
      {
        "value": 11855.0
      },
      {
        "value": 433.0
      },
      {
        "value": 221.0
      },
      {
        "value": 212.0
      },
      {
        "value": 1297.0
      },
      {
        "value": 1292.0
      },
      {
        "value": "43-37 series record"
      }
    ]
  ]
}